===== App process — OSLog, last hour =====
[2026-08-11 13:02:34.502] [NOTICE] [com.apple.containermanager/xpc] Requesting app group container lookup; personaid = 1000, type = DEFAULT, name = 23B79D2E-BA70-4420-B327-771D1787E68F, origin [pid = 0, personaid = 0], proximate [pid = 0, personaid = 0], identifier = <private>, euid = 501, uid = 501, platform = 2
[2026-08-11 13:02:34.503] [NOTICE] [com.apple.containermanager/sandbox] Consumed sandbox extension; path = [<private>], handle = 1
[2026-08-11 13:02:34.504] [NOTICE] [com.apple.containermanager/unspecified] container_create_or_lookup_app_group_path_by_app_group_identifier: success
[2026-08-11 13:02:34.504] [NOTICE] [com.apple.containermanager/unspecified] container_create_or_lookup_app_group_path_by_app_group_identifier: success
[2026-08-11 13:02:34.506] [NOTICE] [com.apple.network/] networkd_settings_read_from_file initialized networkd settings by reading plist directly
[2026-08-11 13:02:34.507] [NOTICE] [com.apple.network/] networkd_settings_read_from_file initialized networkd settings by reading plist directly
[2026-08-11 13:02:34.509] [NOTICE] [com.apple.xpc/connection] [0x105c78000] activating connection: mach=true listener=false peer=false name=com.apple.cfprefsd.daemon.system
[2026-08-11 13:02:34.509] [NOTICE] [com.apple.xpc/connection] [0x105c78100] activating connection: mach=true listener=false peer=false name=com.apple.cfprefsd.daemon
[2026-08-11 13:02:34.525] [NOTICE] [com.apple.runningboard/connection] Initializing connection
[2026-08-11 13:02:34.525] [NOTICE] [com.apple.runningboard/process] Removing all cached process handles
[2026-08-11 13:02:34.525] [NOTICE] [com.apple.runningboard/connection] Sending handshake request attempt #1 to server
[2026-08-11 13:02:34.525] [NOTICE] [com.apple.runningboard/connection] Creating connection to com.apple.runningboard
[2026-08-11 13:02:34.525] [NOTICE] [com.apple.xpc/connection] [0x105c78200] activating connection: mach=true listener=false peer=false name=com.apple.runningboard
[2026-08-11 13:02:34.525] [NOTICE] [com.apple.xpc/connection] [0x105d5c500] activating connection: mach=false listener=false peer=false name=(anonymous)
[2026-08-11 13:02:34.526] [NOTICE] [/] Cache loaded with 5922 pre-cached in CacheData and 64 items in CacheExtra.
[2026-08-11 13:02:34.527] [NOTICE] [com.apple.runningboard/connection] Handshake succeeded
[2026-08-11 13:02:34.527] [NOTICE] [com.apple.runningboard/connection] Identity resolved as app<ssadtyer.top(23B79D2E-BA70-4420-B327-771D1787E68F)>
[2026-08-11 13:02:34.527] [NOTICE] [com.apple.UIKit/Application] Deactivation reason added: 10; deactivation reasons: 0 -> 1024; animating application lifecycle event: 0
[2026-08-11 13:02:34.527] [NOTICE] [com.apple.BoardServices/Injection] activating monitor for service com.apple.frontboard.open
[2026-08-11 13:02:34.527] [NOTICE] [com.apple.BoardServices/Injection] activating monitor for service com.apple.frontboard.workspace-service
[2026-08-11 13:02:34.527] [NOTICE] [com.apple.UIKit/BackgroundTask] Creating new assertion because there is no existing background assertion.
[2026-08-11 13:02:34.527] [NOTICE] [com.apple.UIKit/BackgroundTask] Creating new background assertion
[2026-08-11 13:02:34.527] [NOTICE] [com.apple.FrontBoard/Common] FBSWorkspace registering source: <private>
[2026-08-11 13:02:34.528] [NOTICE] [com.apple.UIKit/BackgroundTask] Created new background assertion <BKSProcessAssertion: 0x105d6c4b0>
[2026-08-11 13:02:34.528] [INFO] [com.apple.runningboard/assertion] Acquiring assertion: <RBSAssertionDescriptor| "Shared Background Assertion 0 for ssadtyer.top" ID:(null) target:7855>
[2026-08-11 13:02:34.528] [NOTICE] [com.apple.FrontBoard/Common] FBSWorkspace connected to endpoint : <private>
[2026-08-11 13:02:34.528] [NOTICE] [com.apple.FrontBoard/Common] <FBSWorkspaceScenesClient:0x105ca3700 <private>> attempting immediate handshake from activate
[2026-08-11 13:02:34.528] [NOTICE] [com.apple.FrontBoard/Common] <FBSWorkspaceScenesClient:0x105ca3700 <private>> sent handshake
[2026-08-11 13:02:34.528] [NOTICE] [com.apple.runningboard/general] Added observer for process assertions expiration warning: <_RBSExpirationWarningClient: 0x105cbdac0>
[2026-08-11 13:02:34.528] [NOTICE] [com.apple.UIKit/UIScreen] Evaluated capturing state as 0 on <UIScreen: 0x105d5ca00> for initial
[2026-08-11 13:02:34.528] [NOTICE] [com.apple.UIKit/UIScreen] Evaluated capturing state as 0 on <UIScreen: 0x105d5ca00> for CADisplay KVO
[2026-08-11 13:02:34.529] [NOTICE] [com.apple.Accessibility/AXSupportCommon] Read CategoryName: per-app = 1, category name = (null)
[2026-08-11 13:02:34.529] [NOTICE] [com.apple.Accessibility/AXSupportCommon] Read CategoryName: per-app = 0, category name = (null)
[2026-08-11 13:02:34.529] [NOTICE] [com.apple.UIKit/BackgroundTask] Incrementing reference count for background assertion <private>
[2026-08-11 13:02:34.529] [NOTICE] [com.apple.UIKit/BackgroundTask] Created background task <private>.
[2026-08-11 13:02:34.529] [NOTICE] [com.apple.FrontBoard/SceneExtension] Realizing settings extension _UIApplicationSceneKeyboardSettings on FBSSceneSettings
[2026-08-11 13:02:34.530] [NOTICE] [com.apple.FrontBoard/SceneExtension] Realizing settings extension <_UISceneOcclusionSettings> on FBSSceneSettings
[2026-08-11 13:02:34.530] [NOTICE] [com.apple.FrontBoard/SceneExtension] Realizing settings extension <_UISceneInterfaceProtectionSceneSettings> on FBSSceneSettings
[2026-08-11 13:02:34.530] [NOTICE] [com.apple.FrontBoard/SceneExtension] Realizing settings extension <_UIHomeAffordanceHostSceneSettings> on FBSSceneSettings
[2026-08-11 13:02:34.530] [NOTICE] [com.apple.FrontBoard/SceneExtension] Realizing settings extension _UISystemShellSceneHostingEnvironmentSettings on FBSSceneSettings
[2026-08-11 13:02:34.530] [NOTICE] [com.apple.FrontBoard/SceneExtension] Realizing settings extension _UISceneRenderingEnvironmentSettings on FBSSceneSettings
[2026-08-11 13:02:34.530] [NOTICE] [com.apple.FrontBoard/SceneExtension] Realizing settings extension <_UISceneTransitioningHostSettings> on FBSSceneSettings
[2026-08-11 13:02:34.530] [NOTICE] [com.apple.FrontBoard/SceneExtension] Realizing settings extension <_UISceneHostingContentSizePreferenceClientSettings> on FBSSceneClientSettings
[2026-08-11 13:02:34.530] [NOTICE] [com.apple.FrontBoard/SceneExtension] Realizing settings extension _UISceneHostingTraitCollectionPropagationSettings on FBSSceneSettings
[2026-08-11 13:02:34.530] [NOTICE] [com.apple.FrontBoard/SceneExtension] Realizing settings extension <_UISceneHostingSheetPresentationSettings> on FBSSceneSettings
[2026-08-11 13:02:34.530] [NOTICE] [com.apple.FrontBoard/SceneExtension] Realizing settings extension <_UISceneHostingSheetPresentationClientSettings> on FBSSceneClientSettings
[2026-08-11 13:02:34.530] [NOTICE] [com.apple.FrontBoard/SceneExtension] Realizing settings extension <_UISceneHostingEventDeferringSettings> on FBSSceneSettings
[2026-08-11 13:02:34.530] [NOTICE] [com.apple.FrontBoard/SceneExtension] Realizing settings extension <UIKit__UITypedKeyValueSceneSettings> on FBSSceneSettings
[2026-08-11 13:02:34.530] [NOTICE] [com.apple.FrontBoard/SceneExtension] Realizing settings extension <UIKit__UITypedKeyValueSceneSettings> on FBSSceneClientSettings
[2026-08-11 13:02:34.531] [NOTICE] [com.apple.FrontBoard/SceneExtension] Realizing settings extension FBSSceneSettingsCore on FBSSceneSettings
[2026-08-11 13:02:34.531] [NOTICE] [com.apple.FrontBoard/SceneExtension] Realizing settings extension FBSSceneClientSettingsCore on FBSSceneClientSettings
[2026-08-11 13:02:34.543] [NOTICE] [com.apple.FrontBoard/SceneExtension] UIMutableApplicationSceneSettings setting counterpart class: UIApplicationSceneSettings
[2026-08-11 13:02:34.543] [NOTICE] [com.apple.FrontBoard/SceneExtension] UIMutableApplicationSceneClientSettings setting counterpart class: UIApplicationSceneClientSettings
[2026-08-11 13:02:34.543] [NOTICE] [com.apple.FrontBoard/SceneExtension] Realizing settings extension FBSSceneTransitionContextCore on FBSSceneTransitionContext
[2026-08-11 13:02:34.543] [INFO] [com.apple.FrontBoard/Common] [FBSScene] [(FBSceneManager):sceneID:ssadtyer.top-default] Created client agent: <UIApplicationSceneClientAgent: 0x105e64020>
[2026-08-11 13:02:34.568] [INFO] [com.apple.Accessibility/GAXCommon] ****************** Loading GAX Client Bundle ****************
[2026-08-11 13:02:34.859] [INFO] [com.apple.Accessibility/AXCommon] AX Start server
[2026-08-11 13:02:34.859] [INFO] [com.apple.Accessibility/AXCommon] AX Begin loading server
[2026-08-11 13:02:34.859] [NOTICE] [com.apple.BackBoard/Display] [FBSDisplaySource 1-1] silently connecting raw configuration: <FBSDisplayConfiguration: 0x105c78600; Main; mode: "390x844@3x 120Hz p3 SDR">
[2026-08-11 13:02:34.859] [NOTICE] [com.apple.Accessibility/AXDisplay] Display settings after update from FB configuration: AXMDisplay<0x105e615e0>: Backing:FrontBoardServices (dynamic) Name:LCD scale:3 size:[1170.00 2532.00] orientation:0 (AXMPhysicalDisplayOrientationPortrait) refBounds:[0.00 0.00 390.00 844.00] deepColor:1
[2026-08-11 13:02:34.859] [NOTICE] [com.apple.Accessibility/AXDisplay] Display settings after update from CADisplay.mainDisplay: AXMDisplay<0x105e60000>: Backing:CoreAnimation Name:LCD scale:3 size:[1170.00 2532.00] orientation:0 (AXMPhysicalDisplayOrientationPortrait) refBounds:[0.00 0.00 390.00 844.00] deepColor:0
[2026-08-11 13:02:34.868] [INFO] [com.apple.Accessibility/AXAppAccessibility] Started AXRuntime server. SystemApp=0
[2026-08-11 13:02:34.868] [NOTICE] [com.apple.dt.xctest/Default] Registering for test daemon availability notify post.
[2026-08-11 13:02:34.868] [NOTICE] [com.apple.dt.xctest/Default] notify_get_state check indicated test daemon not ready.
[2026-08-11 13:02:34.868] [NOTICE] [com.apple.dt.xctest/Default] notify_get_state check indicated test daemon not ready.
[2026-08-11 13:02:34.868] [NOTICE] [com.apple.dt.xctest/Default] notify_get_state check indicated test daemon not ready.
[2026-08-11 13:02:34.868] [NOTICE] [com.apple.UIKit/Application] Deactivation reason added: 11; deactivation reasons: 1024 -> 3072; animating application lifecycle event: 0
[2026-08-11 13:02:34.869] [NOTICE] [com.apple.UIKit/Application] Deactivation reason removed: 10; deactivation reasons: 3072 -> 2048; animating application lifecycle event: 0
[2026-08-11 13:02:34.870] [NOTICE] [com.apple.UIKit/EventBus] Event Timing Profile for Touch: ok, path="/System/Library/EventTimingProfiles/D63.Touch.plist"
[2026-08-11 13:02:34.870] [NOTICE] [com.apple.UIKit/EventBus] Event Timing Profile for Pencil: not found, path="/System/Library/EventTimingProfiles/D63.Pencil.plist"
[2026-08-11 13:02:34.870] [NOTICE] [com.apple.UIKit/UpdateScheduler] Selected display: name=LCD (primary), id=1
[2026-08-11 13:02:34.872] [NOTICE] [com.apple.UIKit/BackgroundTask] Will add backgroundTask with taskName: <private>, expirationHandler: <__NSGlobalBlock__: 0x1f786e3a0>
[2026-08-11 13:02:34.872] [NOTICE] [com.apple.UIKit/BackgroundTask] Reusing background assertion <BKSProcessAssertion: 0x105d6c4b0>
[2026-08-11 13:02:34.872] [NOTICE] [com.apple.UIKit/BackgroundTask] Incrementing reference count for background assertion <private>
[2026-08-11 13:02:34.872] [NOTICE] [com.apple.UIKit/BackgroundTask] Created background task <private>.
[2026-08-11 13:02:34.872] [NOTICE] [com.apple.UIKit/Application] Deactivation reason added: 5; deactivation reasons: 2048 -> 2080; animating application lifecycle event: 1
[2026-08-11 13:02:34.872] [NOTICE] [com.apple.UIKit/InterfaceStyle] Should send trait collection or coordinate space update, interface style 1 -> 1, <UIWindowScene: 0x1053c5310> (31024865-9FD2-4799-A0E8-5DEFFC51D92C)
[2026-08-11 13:02:34.872] [NOTICE] [com.apple.UIKit/InterfaceStyle] Not push traits update to screen for new style 1, <UIWindowScene: 0x1053c5310> (31024865-9FD2-4799-A0E8-5DEFFC51D92C)
[2026-08-11 13:02:34.872] [NOTICE] [com.apple.UIKit/HomeAffordanceObservation] Initializing: <_UIHomeAffordanceSceneNotifier: 0x108d98b60>; with scene: <UIWindowScene: 0x1053c5310>
[2026-08-11 13:02:34.872] [NOTICE] [com.apple.BacklightServices/scenes] 0x108d1a040 setDelegate:<0x108d1a0a0 _UIBacklightEnvironment> hasDelegate:YES for environment:sceneID:ssadtyer.top-default
[2026-08-11 13:02:34.872] [NOTICE] [com.apple.UIKit/InterfaceStyle] Not push traits update to screen for new style 1, <UIWindowScene: 0x1053c5310> (31024865-9FD2-4799-A0E8-5DEFFC51D92C)
[2026-08-11 13:02:34.872] [NOTICE] [com.apple.UIKit/EventDeferring] [0x108d988c0] Initialized with scene: <UIWindowScene: 0x1053c5310>; behavior: <_UIEventDeferringBehavior_iOS: 0x108d71a20>; availableForProcess: 1, systemShellManagesKeyboardFocus: 1
[2026-08-11 13:02:34.872] [NOTICE] [com.apple.xpc/connection] [0x105d5da40] activating connection: mach=false listener=false peer=false name=(anonymous)
[2026-08-11 13:02:34.873] [NOTICE] [com.apple.UIKit/KeyWindow] Setting default evaluation strategy for UIUserInterfaceIdiomPhone to LastOneWins
[2026-08-11 13:02:34.873] [NOTICE] [com.apple.UIKit/InterfaceStyle] Not push traits update to screen for new style 1, <UIWindowScene: 0x1053c5310> (31024865-9FD2-4799-A0E8-5DEFFC51D92C)
[2026-08-11 13:02:34.873] [NOTICE] [com.apple.UIKit/InterfaceStyle] Not push traits update to screen for new style 1, <UIWindowScene: 0x1053c5310> (31024865-9FD2-4799-A0E8-5DEFFC51D92C)
[2026-08-11 13:02:34.873] [NOTICE] [com.apple.UIKit/InterfaceStyle] Not push traits update to screen for new style 1, <UIWindowScene: 0x1053c5310> (31024865-9FD2-4799-A0E8-5DEFFC51D92C)
[2026-08-11 13:02:34.876] [INFO] [com.apple.Accessibility/AXAppAccessibility] Presentation controller doesn't modalize: <_UIRootPresentationController: 0x105e44000>
[2026-08-11 13:02:34.876] [NOTICE] [com.apple.FrontBoard/SceneExtension] Realizing settings extension <_UIApplicationSceneDisplaySettings> on FBSSceneSettings
[2026-08-11 13:02:34.878] [NOTICE] [com.apple.UIKit/Orientation] <UIWindowScene: 0x1053c5310> (31024865-9FD2-4799-A0E8-5DEFFC51D92C) Scene updated orientation preferences: none -> ( Pu )
[2026-08-11 13:02:34.878] [NOTICE] [com.apple.UIKit/KeyWindow] Key window API is scene-level: YES
[2026-08-11 13:02:34.878] [NOTICE] [com.apple.UIKit/KeyWindow] UIWindowScene: 0x1053c5310: Window became key in scene: UIWindow: 0x1053bfc10; contextId: 0xC19AB531: reason: UIWindowScene: 0x1053c5310: Window requested to become key in scene: 0x1053bfc10
[2026-08-11 13:02:34.878] [NOTICE] [com.apple.UIKit/KeyWindow] Key window needs update: 1; currentKeyWindowScene: 0x0; evaluatedKeyWindowScene: 0x1053c5310; currentApplicationKeyWindow: 0x0; evaluatedApplicationKeyWindow: 0x1053bfc10; reason: UIWindowScene: 0x1053c5310: Window requested to become key in scene: 0x1053bfc10
[2026-08-11 13:02:34.878] [NOTICE] [com.apple.UIKit/KeyWindow] Window did become application key: UIWindow: 0x1053bfc10; contextId: 0xC19AB531; scene identity: com.apple.frontboard.systemappservices/FBSceneManager:sceneID%3Assadtyer.top-default
[2026-08-11 13:02:34.878] [NOTICE] [com.apple.UIKit/EventDeferring] [0x108d988c0] Begin local event deferring requested for token: 0x108d8ed60; environments: 1; reason: UIWindowScene: 0x1053c5310: Begin event deferring in keyboardFocus for window: 0x1053bfc10
[2026-08-11 13:02:34.878] [NOTICE] [com.apple.UIKit/InterfaceStyle] Not push traits update to screen for new style 1, <UIWindowScene: 0x1053c5310> (31024865-9FD2-4799-A0E8-5DEFFC51D92C)
[2026-08-11 13:02:34.879] [NOTICE] [com.apple.UIKit/AppLifecycle] sceneOfRecord: sceneID: sceneID:ssadtyer.top-default  persistentID: 31024865-9FD2-4799-A0E8-5DEFFC51D92C
[2026-08-11 13:02:34.879] [NOTICE] [com.apple.UIKit/Application] Ignoring already applied deactivation reason: 5; deactivation reasons: 2080
[2026-08-11 13:02:34.879] [NOTICE] [com.apple.UIKit/Application] Deactivation reason added: 12; deactivation reasons: 2080 -> 6176; animating application lifecycle event: 1
[2026-08-11 13:02:34.879] [NOTICE] [com.apple.UIKit/Application] Deactivation reason removed: 11; deactivation reasons: 6176 -> 4128; animating application lifecycle event: 1
[2026-08-11 13:02:34.879] [NOTICE] [com.apple.UIIntelligenceSupport/xpc] establishing connection to agent
[2026-08-11 13:02:34.879] [NOTICE] [com.apple.xpc/session] [0x108d05c20] Session created.
[2026-08-11 13:02:34.879] [NOTICE] [com.apple.xpc/session] [0x108d05c20] Session created from connection [0x105c79600]
[2026-08-11 13:02:34.879] [NOTICE] [com.apple.xpc/connection] [0x105c79600] activating connection: mach=true listener=false peer=false name=com.apple.uiintelligencesupport.agent
[2026-08-11 13:02:34.879] [NOTICE] [com.apple.UIKit/InterfaceStyle] Not push traits update to screen for new style 1, <UIWindowScene: 0x1053c5310> (31024865-9FD2-4799-A0E8-5DEFFC51D92C)
[2026-08-11 13:02:34.879] [NOTICE] [com.apple.xpc/session] [0x108d05c20] Session activated
[2026-08-11 13:02:34.886] [NOTICE] [com.apple.containermanager/unspecified] container_create_or_lookup_app_group_path_by_app_group_identifier: success
[2026-08-11 13:02:34.889] [ERROR] [com.apple.defaults/User Defaults] Couldn't read values in CFPrefsPlistSource<0x108d8ae80> (Domain: group.ssadtyer.top, User: kCFPreferencesAnyUser, ByHost: Yes, Container: (null), Contents Need Refresh: Yes): Using kCFPreferencesAnyUser with a container is only allowed for System Containers, detaching from cfprefsd
[2026-08-11 13:02:34.898] [NOTICE] [com.apple.UIKit/_UIVisualStyleRegistry] Warning: no visual style classes have been registered at all.
[2026-08-11 13:02:34.898] [NOTICE] [PrototypeTools/domain] Not observing PTDefaults on customer install.
[2026-08-11 13:02:34.902] [NOTICE] [com.apple.xpc/connection] [0x108e38280] activating connection: mach=true listener=false peer=false name=com.apple.fontservicesd
[2026-08-11 13:02:34.918] [INFO] [com.apple.Accessibility/AXRuntimeNotifications] Attempting to send notification:  (1000) <private>
[2026-08-11 13:02:34.929] [NOTICE] [com.apple.xpc/connection] [0x111955a40] activating connection: mach=true listener=false peer=false name=com.apple.lsd.mapdb
[2026-08-11 13:02:34.936] [INFO] [com.apple.Accessibility/AXRuntimeNotifications] Attempting to send notification:  (1001) <private>
[2026-08-11 13:02:34.943] [INFO] [com.apple.Accessibility/AXRuntimeNotifications] Attempting to send notification:  (1000) <private>
[2026-08-11 13:02:34.960] [INFO] [com.apple.Accessibility/AXRuntimeNotifications] Attempting to send notification:  (1044) <private>
[2026-08-11 13:02:34.966] [INFO] [com.apple.SensorKit/SRHDataCollectionController] Media events collection is false for <private>
[2026-08-11 13:02:34.980] [FAULT] [com.apple.SwiftUI/Invalid Configuration] Do not put a navigation destination modifier inside a "lazy” container, like `List` or `LazyVStack`. These containers create child views only when needed to render on screen. Add the navigation destination modifier outside these containers so that the navigation stack can always see the destination. There's a misplaced `navigationDestination(item:destination:)` modifier for type `Optional<EngineAuxiliaryDestination>`. It will be ignored in a future release.
[2026-08-11 13:02:35.037] [NOTICE] [com.apple.network/activity] Create activity from XPC object <nw_activity 50:1 [0A0A4C5F-B637-476B-90B6-CF804A202375] (reporting strategy default)>
[2026-08-11 13:02:35.037] [NOTICE] [com.apple.network/activity] Create activity from XPC object <nw_activity 50:2 [C059C696-A425-45B4-BF9A-4FFBDB9CC65B] (reporting strategy default)>
[2026-08-11 13:02:35.037] [NOTICE] [com.apple.network/activity] Set activity <nw_activity 50:1 [0A0A4C5F-B637-476B-90B6-CF804A202375] (reporting strategy default)> as the global parent
[2026-08-11 13:02:35.037] [NOTICE] [/] AggregateDictionary is deprecated and has been removed. Please migrate to Core Analytics.
[2026-08-11 13:02:35.037] [NOTICE] [com.apple.UIKit/BackgroundTask] Ending background task with UIBackgroundTaskIdentifier: 1
[2026-08-11 13:02:35.037] [NOTICE] [com.apple.UIKit/BackgroundTask] Ending task with identifier 1 and description: <private>, _expireHandler: (null)
[2026-08-11 13:02:35.037] [NOTICE] [com.apple.UIKit/BackgroundTask] Decrementing reference count for assertion <private> (used by background task with identifier 1: <private>)
[2026-08-11 13:02:35.037] [NOTICE] [com.apple.UIKit/UpdateScheduler] Target list changed: <CADisplay:LCD primary>
[2026-08-11 13:02:35.037] [NOTICE] [com.apple.UIKit/InterfaceStyle] Not push traits update to screen for new style 1, <UIWindowScene: 0x1053c5310> (31024865-9FD2-4799-A0E8-5DEFFC51D92C)
[2026-08-11 13:02:35.038] [NOTICE] [com.apple.UIKit/AppLifecycle] sceneOfRecord: sceneID: sceneID:ssadtyer.top-default  persistentID: 31024865-9FD2-4799-A0E8-5DEFFC51D92C
[2026-08-11 13:02:35.038] [NOTICE] [com.apple.UIKit/Application] Deactivation reason removed: 12; deactivation reasons: 4128 -> 32; animating application lifecycle event: 1
[2026-08-11 13:02:35.038] [NOTICE] [com.apple.KeyboardArbiter/Client] Send setDeactivating: N (-DeactivationReason:SuspendedEventsOnly)
[2026-08-11 13:02:35.038] [NOTICE] [com.apple.UIKit/Application] Deactivation reason removed: 5; deactivation reasons: 32 -> 0; animating application lifecycle event: 0
[2026-08-11 13:02:35.038] [NOTICE] [com.apple.runningboard/monitor] Updating configuration of monitor M7855-1
[2026-08-11 13:02:35.039] [NOTICE] [com.apple.xpc/connection] [0x105c79400] activating connection: mach=true listener=false peer=false name=com.apple.hangtracermonitor
[2026-08-11 13:02:35.039] [INFO] [com.apple.hangtracer/] HTPrefs initialization
[2026-08-11 13:02:35.039] [NOTICE] [com.apple.runningboard/connection] Creating side-channel connection to com.apple.runningboard
[2026-08-11 13:02:35.039] [NOTICE] [com.apple.xpc/connection] [0x105c7ad00] activating connection: mach=true listener=false peer=false name=com.apple.runningboard
[2026-08-11 13:02:35.039] [INFO] [com.apple.hangtracer/] HTConnectToHTMonitor: htMonitor Connection <xpc object>
[2026-08-11 13:02:35.039] [NOTICE] [com.apple.hangtracer/] Skip setting user action callback for 3rd party apps
[2026-08-11 13:02:35.039] [NOTICE] [com.apple.xpc/connection] [0x105c7ae00] activating connection: mach=true listener=false peer=false name=com.apple.analyticsd
[2026-08-11 13:02:35.039] [INFO] [com.apple.CoreAnalytics/client] Daemon status changed from 0 to 1
[2026-08-11 13:02:35.039] [INFO] [com.apple.hangtracer/] HTConnectToHTMonitor: htMonitor message is sent
[2026-08-11 13:02:35.039] [NOTICE] [com.apple.xpc/connection] [0x105c79400] invalidated because the current process cancelled the connection by calling xpc_connection_cancel()
[2026-08-11 13:02:35.039] [INFO] [com.apple.hangtracer/] HTPrefs: Refreshing preferences
[2026-08-11 13:02:35.039] [INFO] [com.apple.hangtracer/] Posting notification com.apple.hangtracer.htprefs.refreshed
[2026-08-11 13:02:35.039] [NOTICE] [com.apple.runningboard/process] Hit the server for a process handle 76f979200001eaf that resolved to: [app<ssadtyer.top(23B79D2E-BA70-4420-B327-771D1787E68F)>:7855]
[2026-08-11 13:02:35.039] [NOTICE] [com.apple.runningboard/monitor] Received state update for 7855 (app<ssadtyer.top(23B79D2E-BA70-4420-B327-771D1787E68F)>, unknown-NotVisible
[2026-08-11 13:02:35.040] [INFO] [com.apple.runningboard/monitor] Update delivered for [app<ssadtyer.top(23B79D2E-BA70-4420-B327-771D1787E68F)>:7855] with taskState 0
[2026-08-11 13:02:35.040] [NOTICE] [com.apple.runningboard/monitor] Received state update for 7855 (app<ssadtyer.top(23B79D2E-BA70-4420-B327-771D1787E68F)>, unknown-NotVisible
[2026-08-11 13:02:35.041] [INFO] [com.apple.runningboard/monitor] Update skipped for [app<ssadtyer.top(23B79D2E-BA70-4420-B327-771D1787E68F)>:7855]
[2026-08-11 13:02:35.043] [NOTICE] [com.apple.Accessibility/AXIPC] Setting client identifier GAX_com.apple.accessibility.gax.client_client_to_GAX_BB
[2026-08-11 13:02:35.043] [INFO] [com.apple.Accessibility/AXIPC] Client (AXIPCClient:<0x12240e880> Service:com.apple.accessibility.gax.backboard ID:GAX_com.apple.accessibility.gax.client_client_to_GAX_BB connected:0) registering with server on thread (<_NSMainThread: 0x105c2c000>{number = 1, name = main}:name::main:1). UsesMainThreadRunloop:1
[2026-08-11 13:02:35.043] [INFO] [com.apple.Accessibility/AXIPC] Connected to server: <NSMachPort: 0x1201eaf00> 35851
[2026-08-11 13:02:35.043] [INFO] [com.apple.Accessibility/AXIPC] Client (AXIPCClient:<0x12240e880> Service:com.apple.accessibility.gax.backboard ID:GAX_com.apple.accessibility.gax.client_client_to_GAX_BB connected:1) registering with server on thread (<_NSMainThread: 0x105c2c000>{number = 1, name = main}:name::main:1). UsesMainThreadRunloop:1
[2026-08-11 13:02:35.043] [NOTICE] [com.apple.Accessibility/AXIPC] Starting server (<AXIPCServer: 0x108e1c380>. Serivce Name:com.apple.accessibility.gax.client. Running:NO Server Port:0. Clients:(null). Entitlements:(null). RunLoopSource:0x0) on thread (<_NSMainThread: 0x105c2c000>{number = 1, name = main}:name::main:1)
[2026-08-11 13:02:35.044] [INFO] [com.apple.Accessibility/AXAppAccessibility] Loading settings loader: (system: 0)
[2026-08-11 13:02:35.058] [INFO] [com.apple.useractivity/main] initUAUserActivity:<private>-<private> 4EDD653E-DAF6-4E91-980A-869380656ED0 UserActivity
[2026-08-11 13:02:35.058] [INFO] [com.apple.useractivity/biome-69594900] - UAUserActivity	v1.0
[2026-08-11 13:02:35.058] [INFO] [com.apple.useractivity/biome-69594900] 4EDD653E-DAF6-4E91-980A-869380656ED0 CREATED <private>/(null)
[2026-08-11 13:02:35.058] [INFO] [com.apple.useractivity/biome-69594900] 4EDD653E-DAF6-4E91-980A-869380656ED0 SET-DIRTY	wasDirty=false force=false informServer=false informIndex=false
[2026-08-11 13:02:35.059] [INFO] [com.apple.useractivity/biome-69594900] 4EDD653E-DAF6-4E91-980A-869380656ED0 SET-USERINFO	count=1 false
[2026-08-11 13:02:35.059] [INFO] [com.apple.useractivity/biome-69594900] 4EDD653E-DAF6-4E91-980A-869380656ED0 SET-DIRTY	wasDirty=true force=false informServer=false informIndex=false
[2026-08-11 13:02:35.060] [NOTICE] [com.apple.BackBoard/Display] [FBSDisplaySource 1-7] silently connecting raw configuration: <FBSDisplayConfiguration: 0x105c7b500; Main; mode: "390x844@3x 120Hz p3 SDR">
[2026-08-11 13:02:35.060] [INFO] [com.apple.Accessibility/AXRuntimeNotifications] Did post notification. notification:  (1000) error:0 data:<private>
[2026-08-11 13:02:35.061] [NOTICE] [com.apple.containermanager/unspecified] container_create_or_lookup_app_group_path_by_app_group_identifier: success
[2026-08-11 13:02:35.061] [NOTICE] [com.apple.containermanager/unspecified] container_create_or_lookup_app_group_path_by_app_group_identifier: success
[2026-08-11 13:02:35.061] [NOTICE] [com.apple.containermanager/unspecified] container_create_or_lookup_app_group_path_by_app_group_identifier: success
[2026-08-11 13:02:35.061] [NOTICE] [com.apple.containermanager/unspecified] container_create_or_lookup_app_group_path_by_app_group_identifier: success
[2026-08-11 13:02:35.061] [NOTICE] [com.apple.containermanager/unspecified] container_create_or_lookup_app_group_path_by_app_group_identifier: success
[2026-08-11 13:02:35.061] [NOTICE] [com.apple.FileURL/default] kExcludedFromBackupXattrName set on path: <private>
[2026-08-11 13:02:35.061] [NOTICE] [com.apple.containermanager/unspecified] container_create_or_lookup_app_group_path_by_app_group_identifier: success
[2026-08-11 13:02:35.061] [NOTICE] [com.apple.FileURL/default] kExcludedFromBackupXattrName set on path: <private>
[2026-08-11 13:02:35.061] [NOTICE] [com.apple.containermanager/unspecified] container_create_or_lookup_app_group_path_by_app_group_identifier: success
[2026-08-11 13:02:35.061] [NOTICE] [com.apple.FileURL/default] kExcludedFromBackupXattrName set on path: <private>
[2026-08-11 13:02:35.061] [NOTICE] [com.apple.containermanager/unspecified] container_create_or_lookup_app_group_path_by_app_group_identifier: success
[2026-08-11 13:02:35.061] [NOTICE] [com.apple.FileURL/default] kExcludedFromBackupXattrName set on path: <private>
[2026-08-11 13:02:35.061] [NOTICE] [com.apple.containermanager/unspecified] container_create_or_lookup_app_group_path_by_app_group_identifier: success
[2026-08-11 13:02:35.061] [NOTICE] [com.apple.FileURL/default] kExcludedFromBackupXattrName set on path: <private>
[2026-08-11 13:02:35.061] [NOTICE] [com.apple.containermanager/unspecified] container_create_or_lookup_app_group_path_by_app_group_identifier: success
[2026-08-11 13:02:35.061] [NOTICE] [com.apple.FileURL/default] kExcludedFromBackupXattrName set on path: <private>
[2026-08-11 13:02:35.061] [NOTICE] [com.apple.containermanager/unspecified] container_create_or_lookup_app_group_path_by_app_group_identifier: success
[2026-08-11 13:02:35.063] [INFO] [com.apple.networkextension/] Loading all configurations
[2026-08-11 13:02:35.063] [NOTICE] [com.apple.xpc/connection] [0x105c7b600] activating connection: mach=true listener=false peer=false name=com.apple.nehelper
[2026-08-11 13:02:35.064] [INFO] [com.apple.networkextension/] Configuration 26AF4403-CAC7-4B55-9062-16DBB74E9DA5 has not been loaded yet
[2026-08-11 13:02:35.064] [NOTICE] [com.apple.networkextension/] Sending load command to nehelper
[2026-08-11 13:02:35.064] [NOTICE] [com.apple.networkextension/] Clearing 26AF4403-CAC7-4B55-9062-16DBB74E9DA5 from the loaded configurations
[2026-08-11 13:02:35.064] [NOTICE] [com.apple.networkextension/] Adding 26AF4403-CAC7-4B55-9062-16DBB74E9DA5 to the loaded configurations
[2026-08-11 13:02:35.066] [INFO] [com.apple.Accessibility/AXRuntimeNotifications] Attempting to send notification:  (1001) <private>
[2026-08-11 13:02:35.070] [INFO] [com.apple.Accessibility/AXRuntimeNotifications] Did post notification. notification:  (1001) error:0 data:<private>
[2026-08-11 13:02:35.070] [INFO] [com.apple.Accessibility/AXRuntimeNotifications] Did post notification. notification:  (1000) error:0 data:<private>
[2026-08-11 13:02:35.072] [INFO] [com.apple.Accessibility/AXRuntimeNotifications] Attempting to send notification:  (1001) <private>
[2026-08-11 13:02:35.072] [INFO] [com.apple.Accessibility/AXRuntimeNotifications] Attempting to send notification:  (1001) <private>
[2026-08-11 13:02:35.073] [INFO] [com.apple.Accessibility/AXRuntimeNotifications] Did post notification. notification:  (1044) error:0 data:<private>
[2026-08-11 13:02:35.117] [NOTICE] [com.apple.KeyboardArbiter/Client] startConnection
[2026-08-11 13:02:35.117] [NOTICE] [com.apple.xpc/connection] [0x11191b200] activating connection: mach=true listener=false peer=false name=com.apple.UIKit.KeyboardManagement.hosted
[2026-08-11 13:02:35.117] [NOTICE] [com.apple.xpc/connection] [0x105c7a700] activating connection: mach=true listener=false peer=false name=com.apple.nesessionmanager
[2026-08-11 13:02:35.118] [INFO] [com.apple.Accessibility/AXRuntimeNotifications] Did post notification. notification:  (1001) error:0 data:<private>
[2026-08-11 13:02:35.118] [NOTICE] [com.apple.UIKit/AppLifecycle] sceneOfRecord: sceneID: sceneID:ssadtyer.top-default  persistentID: 31024865-9FD2-4799-A0E8-5DEFFC51D92C
[2026-08-11 13:02:35.118] [NOTICE] [com.apple.networkextension/] Last disconnect error for meow changed from "none" to "The VPN app used by the VPN configuration is not installed"
[2026-08-11 13:02:35.118] [NOTICE] [com.apple.UIKit/AppLifecycle] sceneOfRecord: sceneID: sceneID:ssadtyer.top-default  persistentID: 31024865-9FD2-4799-A0E8-5DEFFC51D92C
[2026-08-11 13:02:35.118] [NOTICE] [com.apple.containermanager/unspecified] container_create_or_lookup_app_group_path_by_app_group_identifier: success
[2026-08-11 13:02:35.118] [NOTICE] [com.apple.containermanager/unspecified] container_create_or_lookup_app_group_path_by_app_group_identifier: success
[2026-08-11 13:02:35.119] [NOTICE] [com.apple.containermanager/unspecified] container_create_or_lookup_app_group_path_by_app_group_identifier: success
[2026-08-11 13:02:35.119] [NOTICE] [com.apple.containermanager/unspecified] container_create_or_lookup_app_group_path_by_app_group_identifier: success
[2026-08-11 13:02:35.121] [NOTICE] [com.apple.KeyboardArbiter/Client] handleKeyboardChange: set currentKeyboard:N (wasKeyboard:N)
[2026-08-11 13:02:35.121] [NOTICE] [com.apple.UIKit/KeyboardSceneDelegate] forceReloadInputViews
[2026-08-11 13:02:35.121] [NOTICE] [com.apple.UIKit/KeyboardSceneDelegate] Reloading input views for: <(null): 0x0; > force: 1
[2026-08-11 13:02:35.121] [NOTICE] [com.apple.UIKit/KeyboardArbiterClientLog] isWritingToolsHandlingKeyboardTracking:Y (WT ready:Y, Arbiter ready:Y)
[2026-08-11 13:02:35.121] [NOTICE] [com.apple.CFNetwork/Default] Task <A54AD2C6-8FE6-40AF-B3D7-BDD343E078E2>.<1> resuming, timeouts(60.0, 604800.0) qos(0x19) voucher((null)) activity(00000000-0000-0000-0000-000000000000)
[2026-08-11 13:02:35.122] [NOTICE] [com.apple.AppSSO/SOConfigurationClient] -[SOConfigurationClient init]  on <private>
[2026-08-11 13:02:35.122] [NOTICE] [com.apple.xpc/connection] [0x1119188c0] activating connection: mach=true listener=false peer=false name=com.apple.AppSSO.service-xpc
[2026-08-11 13:02:35.122] [NOTICE] [com.apple.AppSSO/SOServiceConnection] <SOServiceConnection: 0x108f4caa0>: new XPC connection
[2026-08-11 13:02:35.124] [INFO] [com.apple.runningboard/assertion] Acquiring assertion: <RBSAssertionDescriptor| "com.apple.CFNetwork.StorageDB" ID:(null) target:7855>
[2026-08-11 13:02:35.126] [NOTICE] [com.apple.containermanager/xpc] Requesting container lookup; class = 13, identifier = <private>, group_identifier = <private>, create = 1, temp = 0, euid = 501, uid = 501
[2026-08-11 13:02:35.126] [NOTICE] [com.apple.containermanager/xpc] Query; euid = 501, uid = 501, class = 13, identifier = [<private>](1), flags = 900000003
[2026-08-11 13:02:35.126] [NOTICE] [com.apple.securityd/keychain] System Keychain Always Supported set via feature flag to disabled
[2026-08-11 13:02:35.126] [NOTICE] [com.apple.xpc/connection] [0x105c7bb00] activating connection: mach=true listener=false peer=false name=com.apple.trustd
[2026-08-11 13:02:35.127] [NOTICE] [com.apple.containermanager/unspecified] container_query_get_single_result: success
[2026-08-11 13:02:35.127] [NOTICE] [com.apple.containermanager/unspecified] container_system_group_path_for_identifier: success
[2026-08-11 13:02:35.128] [NOTICE] [com.apple.CFNetwork/Default] Initializing NSHTTPCookieStorage singleton
[2026-08-11 13:02:35.128] [NOTICE] [com.apple.CFNetwork/Default] Initializing CFHTTPCookieStorage singleton
[2026-08-11 13:02:35.128] [NOTICE] [com.apple.CFNetwork/Default] Creating default cookie storage with default identifier
[2026-08-11 13:02:35.128] [NOTICE] [com.apple.CFNetwork/Default] Initializing AlternativeServices Storage singleton
[2026-08-11 13:02:35.128] [NOTICE] [com.apple.FileURL/default] kExcludedFromBackupXattrName set on path: <private>
[2026-08-11 13:02:35.129] [NOTICE] [com.apple.CFNetwork/Default] Garbage collection for alternative services
[2026-08-11 13:02:35.129] [INFO] [com.apple.CFNetwork/Default] NW Proxies override 1 via os_feature
[2026-08-11 13:02:35.130] [INFO] [com.apple.network/connection] nw_connection_create_with_id [C1] create connection to 127.0.0.1:62382
[2026-08-11 13:02:35.130] [NOTICE] [com.apple.CFNetwork/Default] Connection 1: starting, TC(0x0)
[2026-08-11 13:02:35.130] [NOTICE] [com.apple.network/connection] [C1 D5342C18-BD29-4FB8-9CEC-5296BE041823 127.0.0.1:62382 tcp, url hash: 9f979fd0, definite, attribution: developer, context: com.apple.CFNetwork.NSURLSession.{D2D28DEA-298B-40DD-8393-B780ACD710F2}{(null)}{Y}{2}{0x0} (private), proc: 4E751277-8DF9-3937-8837-5559A42409CF] start
[2026-08-11 13:02:35.130] [INFO] [com.apple.network/connection] nw_endpoint_handler_start [C1 127.0.0.1:62382 initial parent-flow ((null))]
[2026-08-11 13:02:35.130] [NOTICE] [com.apple.network/connection] [C1 127.0.0.1:62382 initial parent-flow ((null))] event: path:start @0.000s
[2026-08-11 13:02:35.130] [NOTICE] [com.apple.network/connection] [C1 127.0.0.1:62382 waiting parent-flow (satisfied (Path is satisfied), interface: lo0)] event: path:satisfied @0.000s, uuid: 3FD36AE6-84FD-4071-9700-29DAF0DF38FD
[2026-08-11 13:02:35.130] [INFO] [com.apple.network/connection] nw_connection_endpoint_report_on_nw_queue_block_invoke [C1 127.0.0.1:62382 waiting parent-flow (satisfied (Path is satisfied), interface: lo0)] skipping state update
[2026-08-11 13:02:35.130] [INFO] [com.apple.network/connection] nw_endpoint_flow_setup_protocols [C1 127.0.0.1:62382 in_progress socket-flow (satisfied (Path is satisfied), interface: lo0)] setup flow id E52C271A-F378-4A12-BD6D-B7A870903993
[2026-08-11 13:02:35.130] [NOTICE] [com.apple.network/connection] [C1 127.0.0.1:62382 in_progress socket-flow (satisfied (Path is satisfied), interface: lo0)] event: flow:start_connect @0.000s
[2026-08-11 13:02:35.130] [NOTICE] [com.apple.network/connection] nw_connection_report_state_with_handler_on_nw_queue [C1] reporting state preparing
[2026-08-11 13:02:35.130] [NOTICE] [com.apple.CFNetwork/Default] Task <A54AD2C6-8FE6-40AF-B3D7-BDD343E078E2>.<1> setting up Connection 1
[2026-08-11 13:02:35.130] [NOTICE] [com.apple.network/connection] nw_socket_handle_socket_event [C1:2] Socket received CONNRESET event
[2026-08-11 13:02:35.130] [NOTICE] [com.apple.network/connection] nw_socket_handle_socket_event [C1:2] Socket received DISCONNECTED event
[2026-08-11 13:02:35.130] [ERROR] [com.apple.network/connection] nw_socket_handle_socket_event <private> Socket SO_ERROR [61: Connection refused]
[2026-08-11 13:02:35.130] [INFO] [com.apple.network/connection] nw_flow_error [C1 127.0.0.1:62382 in_progress socket-flow (satisfied (Path is satisfied), viable, interface: lo0)] Output protocol (socket) sent error: Connection refused
[2026-08-11 13:02:35.130] [ERROR] [com.apple.network/connection] nw_protocol_socket_set_no_wake_from_sleep <private> setsockopt SO_NOWAKEFROMSLEEP failed [22: Invalid argument]
[2026-08-11 13:02:35.130] [ERROR] [com.apple.network/] nw_protocol_socket_set_no_wake_from_sleep setsockopt SO_NOWAKEFROMSLEEP failed [22: Invalid argument]
[2026-08-11 13:02:35.130] [NOTICE] [com.apple.network/connection] nw_flow_disconnected [C1 127.0.0.1:62382 in_progress socket-flow (satisfied (Path is satisfied), viable, interface: lo0)] Output protocol disconnected
[2026-08-11 13:02:35.130] [ERROR] [com.apple.network/connection] nw_endpoint_flow_failed_with_error [C1 127.0.0.1:62382 in_progress socket-flow (satisfied (Path is satisfied), viable, interface: lo0)] already failing, returning
[2026-08-11 13:02:35.130] [NOTICE] [com.apple.network/connection] [C1 127.0.0.1:62382 failed socket-flow (satisfied (Path is satisfied), viable, interface: lo0)] event: flow:failed_connect @0.000s, error Connection refused
[2026-08-11 13:02:35.130] [INFO] [com.apple.network/connection] nw_connection_report_symptom_on_nw_queue [C1] reported Connection failed after setup symptom
[2026-08-11 13:02:35.130] [NOTICE] [com.apple.network/connection] nw_connection_report_state_with_handler_on_nw_queue [C1] reporting state failed error Connection refused
[2026-08-11 13:02:35.130] [ERROR] [com.apple.CFNetwork/Default] Connection 1: received failure notification
[2026-08-11 13:02:35.130] [ERROR] [com.apple.CFNetwork/Default] Connection 1: failed to connect 1:61, reason -1
[2026-08-11 13:02:35.130] [ERROR] [com.apple.CFNetwork/Default] Connection 1: encountered error(1:61)
[2026-08-11 13:02:35.130] [NOTICE] [com.apple.CFNetwork/Default] Connection 1: cleaning up
[2026-08-11 13:02:35.130] [NOTICE] [com.apple.CFNetwork/Summary] Connection 1: summary for unused connection {protocol="(null)", domain_lookup_duration_ms=0, connect_duration_ms=0, secure_connection_duration_ms=0, private_relay=false, idle_duration_ms=0}
[2026-08-11 13:02:35.130] [NOTICE] [com.apple.network/connection] [C1 D5342C18-BD29-4FB8-9CEC-5296BE041823 127.0.0.1:62382 tcp, url hash: 9f979fd0, definite, attribution: developer] cancel
[2026-08-11 13:02:35.131] [INFO] [com.apple.network/connection] nw_connection_uses_multipath_block_invoke [C1]  has no connected handler
[2026-08-11 13:02:35.131] [ERROR] [com.apple.network/connection] nw_connection_copy_connected_local_endpoint_block_invoke [C1] Client called nw_connection_copy_connected_local_endpoint on unconnected nw_connection
[2026-08-11 13:02:35.131] [ERROR] [com.apple.network/connection] nw_connection_copy_connected_remote_endpoint_block_invoke [C1] Client called nw_connection_copy_connected_remote_endpoint on unconnected nw_connection
[2026-08-11 13:02:35.131] [NOTICE] [com.apple.network/connection] [C1 D5342C18-BD29-4FB8-9CEC-5296BE041823 127.0.0.1:62382 tcp, url hash: 9f979fd0, definite, attribution: developer] cancelled
	[C1 3FD36AE6-84FD-4071-9700-29DAF0DF38FD <NULL><-><NULL>]
	Connected Path: (null)
	Privacy Stance: Not Eligible
	Duration: 0.000s, TCP @0.000s took 0.000s
[2026-08-11 13:02:35.131] [INFO] [com.apple.network/connection] nw_endpoint_handler_cancel [C1 127.0.0.1:62382 failed socket-flow (satisfied (Path is satisfied), viable, interface: lo0)]
[2026-08-11 13:02:35.131] [INFO] [com.apple.network/connection] nw_association_schedule_deactivation <nw_association 127.0.0.1:62382> will become dormant after 10000ms of inactivity
[2026-08-11 13:02:35.131] [NOTICE] [com.apple.network/connection] nw_connection_report_state_with_handler_on_nw_queue [C1] reporting state cancelled error Connection refused
[2026-08-11 13:02:35.131] [NOTICE] [com.apple.CFNetwork/Default] Task <A54AD2C6-8FE6-40AF-B3D7-BDD343E078E2>.<1> can retry(N) with reason(2) for error [1:61]
[2026-08-11 13:02:35.131] [NOTICE] [com.apple.xpc/connection] [0x105c79400] activating connection: mach=true listener=false peer=false name=com.apple.usymptomsd
[2026-08-11 13:02:35.131] [INFO] [com.apple.network/connection] [C1 127.0.0.1:62382 tcp, url hash: 9f979fd0, definite, attribution: developer] dealloc
[2026-08-11 13:02:35.131] [ERROR] [com.apple.CFNetwork/Default] Task <A54AD2C6-8FE6-40AF-B3D7-BDD343E078E2>.<1> HTTP load failed, 0/0 bytes (error code: -1004 [1:61])
[2026-08-11 13:02:35.132] [NOTICE] [com.apple.CFNetwork/Summary] Task <A54AD2C6-8FE6-40AF-B3D7-BDD343E078E2>.<1> summary for task failure {transaction_duration_ms=8, response_status=-1, connection=1, reused=1, reused_after_ms=0, request_start_ms=0, request_duration_ms=0, response_start_ms=0, response_duration_ms=0, request_bytes=0, request_throughput_kbps=0, response_bytes=0, response_throughput_kbps=0, cache_hit=false}
[2026-08-11 13:02:35.132] [ERROR] [com.apple.CFNetwork/Default] Task <A54AD2C6-8FE6-40AF-B3D7-BDD343E078E2>.<1> finished with error [-1004] Error Domain=NSURLErrorDomain Code=-1004 UserInfo={NSErrorFailingURLStringKey=<private>, NSErrorFailingURLKey=<private>, _NSURLErrorRelatedURLSessionTaskErrorKey=<private>, _NSURLErrorFailingURLSessionTaskErrorKey=<private>, NSLocalizedDescription=<private>}
[2026-08-11 13:02:35.132] [ERROR] [com.tangzixiang.meow.app/meow-api] WS /logs reconnecting in 1s: Error Domain=NSURLErrorDomain Code=-1004 "无法连接服务器。" UserInfo={NSErrorFailingURLStringKey=http://127.0.0.1:62382/logs?level=debug, NSLocalizedDescription=无法连接服务器。, NSErrorFailingURLKey=http://127.0.0.1:62382/logs?level=debug}
[2026-08-11 13:02:35.144] [NOTICE] [com.apple.BackBoard/EventDelivery] policyStatus:<BKSHIDEventDeliveryPolicyObserver: 0x108d04c80; token: com.apple.frontboard.systemappservices/FBSceneManager:sceneID%3Assadtyer.top-default; status: ancestor> was:none
[2026-08-11 13:02:35.144] [NOTICE] [com.apple.BackBoard/EventDelivery] observerPolicyDidChange: 0x108d04c80 -> <_UIKeyWindowSceneObserver: 0x108d1a100>
[2026-08-11 13:02:35.144] [NOTICE] [com.apple.UIKit/KeyWindow] Scene target of keyboard event deferring environment did change: 1; scene: UIWindowScene: 0x1053c5310; scene identity: com.apple.frontboard.systemappservices/FBSceneManager:sceneID%3Assadtyer.top-default
[2026-08-11 13:02:35.144] [NOTICE] [com.apple.UIKit/EventDeferring] [0x108d988c0] Scene target of event deferring environments did update: scene: 0x1053c5310; current systemShellManagesKeyboardFocus: 1; systemShellManagesKeyboardFocusForScene: 1; eligibleForRecordRemoval: 1;
[2026-08-11 13:02:35.144] [NOTICE] [com.apple.UIKit/KeyWindow] Scene became target of keyboard event deferring environment: UIWindowScene: 0x1053c5310; scene identity: com.apple.frontboard.systemappservices/FBSceneManager:sceneID%3Assadtyer.top-default
[2026-08-11 13:02:35.144] [NOTICE] [com.apple.UIKit/KeyWindow] Stack[KeyWindow] 0x105e3be10: Migrate scenes from LastOneWins -> SystemShellManaged
[2026-08-11 13:02:35.144] [NOTICE] [com.apple.UIKit/KeyWindow] Setting default evaluation strategy for UIUserInterfaceIdiomPhone to SystemShellManaged
[2026-08-11 13:02:35.144] [NOTICE] [com.apple.UIKit/AppLifecycle] sceneOfRecord: sceneID: sceneID:ssadtyer.top-default  persistentID: 31024865-9FD2-4799-A0E8-5DEFFC51D92C
[2026-08-11 13:02:35.161] [NOTICE] [com.apple.network/activity] <nw_activity 50:1 [0A0A4C5F-B637-476B-90B6-CF804A202375] (global parent) (reporting strategy default) complete (reason success)> complete with reason 2 (success), duration 689ms
[2026-08-11 13:02:35.161] [NOTICE] [com.apple.network/activity] <nw_activity 50:2 [C059C696-A425-45B4-BF9A-4FFBDB9CC65B] (reporting strategy default) complete (reason success)> complete with reason 2 (success), duration 689ms
[2026-08-11 13:02:35.161] [NOTICE] [com.apple.network/activity] Unsetting the global parent activity <nw_activity 50:1 [0A0A4C5F-B637-476B-90B6-CF804A202375] (global parent) (reporting strategy default) complete (reason success)>
[2026-08-11 13:02:35.161] [NOTICE] [com.apple.network/activity] Unset the global parent activity
[2026-08-11 13:02:35.406] [NOTICE] [com.apple.UIKit/BackgroundTask] Ending background task with UIBackgroundTaskIdentifier: 2
[2026-08-11 13:02:35.406] [NOTICE] [com.apple.UIKit/BackgroundTask] Ending task with identifier 2 and description: <private>, _expireHandler: <__NSGlobalBlock__: 0x1f786e3a0>
[2026-08-11 13:02:35.406] [NOTICE] [com.apple.UIKit/BackgroundTask] Decrementing reference count for assertion <private> (used by background task with identifier 2: <private>)
[2026-08-11 13:02:35.406] [NOTICE] [com.apple.UIKit/BackgroundTask] Will invalidate assertion: <BKSProcessAssertion: 0x105d6c4b0> for task identifier: 2
[2026-08-11 13:02:35.511] [INFO] [com.apple.Accessibility/AXLoading] Initial load did occur meow-ios
[2026-08-11 13:02:35.511] [INFO] [com.apple.Accessibility/AXLoading] UIApp ax initialize
[2026-08-11 13:02:35.511] [INFO] [com.apple.Accessibility/AXLoading] Load system app 0
[2026-08-11 13:02:35.511] [INFO] [com.apple.Accessibility/AXRuntimeNotifications] Attempting to send notification:  (3031) <private>
[2026-08-11 13:02:35.511] [INFO] [com.apple.Accessibility/AXRuntimeNotifications] Did post notification. notification:  (3031) error:0 data:<private>
[2026-08-11 13:02:35.585] [NOTICE] [com.apple.runningboard/monitor] Received state update for 7855 (app<ssadtyer.top(23B79D2E-BA70-4420-B327-771D1787E68F)>, unknown-NotVisible
[2026-08-11 13:02:35.585] [INFO] [com.apple.runningboard/monitor] Update skipped for [app<ssadtyer.top(23B79D2E-BA70-4420-B327-771D1787E68F)>:7855]
[2026-08-11 13:02:35.629] [NOTICE] [com.apple.Accessibility/GAXCommon] got GAX status change notification. on: 0
[2026-08-11 13:02:35.693] [NOTICE] [com.apple.runningboard/monitor] Received state update for 7855 (app<ssadtyer.top(23B79D2E-BA70-4420-B327-771D1787E68F)>, unknown-NotVisible
[2026-08-11 13:02:35.693] [INFO] [com.apple.runningboard/monitor] Update skipped for [app<ssadtyer.top(23B79D2E-BA70-4420-B327-771D1787E68F)>:7855]
[2026-08-11 13:02:36.193] [NOTICE] [com.apple.CFNetwork/Default] Task <E112D3D0-FB44-45D1-8E20-39020975620C>.<2> resuming, timeouts(60.0, 604800.0) qos(0x19) voucher((null)) activity(00000000-0000-0000-0000-000000000000)
[2026-08-11 13:02:36.199] [INFO] [com.apple.network/connection] nw_connection_create_with_id [C2] create connection to 127.0.0.1:62382
[2026-08-11 13:02:36.199] [NOTICE] [com.apple.CFNetwork/Default] Connection 2: starting, TC(0x0)
[2026-08-11 13:02:36.199] [NOTICE] [com.apple.network/connection] [C2 C5CDD544-7D99-4A68-8817-959426E6A84D 127.0.0.1:62382 tcp, url hash: 9f979fd0, definite, attribution: developer, context: com.apple.CFNetwork.NSURLSession.{D2D28DEA-298B-40DD-8393-B780ACD710F2}{(null)}{Y}{2}{0x0} (private), proc: 4E751277-8DF9-3937-8837-5559A42409CF] start
[2026-08-11 13:02:36.199] [INFO] [com.apple.network/connection] nw_endpoint_handler_start [C2 127.0.0.1:62382 initial parent-flow ((null))]
[2026-08-11 13:02:36.199] [NOTICE] [com.apple.network/connection] [C2 127.0.0.1:62382 initial parent-flow ((null))] event: path:start @0.000s
[2026-08-11 13:02:36.199] [NOTICE] [com.apple.network/connection] [C2 127.0.0.1:62382 waiting parent-flow (satisfied (Path is satisfied), viable, interface: lo0)] event: path:satisfied @0.000s, uuid: 3FD36AE6-84FD-4071-9700-29DAF0DF38FD
[2026-08-11 13:02:36.199] [INFO] [com.apple.network/connection] nw_connection_endpoint_report_on_nw_queue_block_invoke [C2 127.0.0.1:62382 waiting parent-flow (satisfied (Path is satisfied), viable, interface: lo0)] skipping state update
[2026-08-11 13:02:36.199] [INFO] [com.apple.network/connection] nw_endpoint_flow_setup_protocols [C2 127.0.0.1:62382 in_progress socket-flow (satisfied (Path is satisfied), viable, interface: lo0)] setup flow id C554C8AB-8EAF-41FB-95E9-10DB3718DFD5
[2026-08-11 13:02:36.200] [NOTICE] [com.apple.network/connection] [C2 127.0.0.1:62382 in_progress socket-flow (satisfied (Path is satisfied), viable, interface: lo0)] event: flow:start_connect @0.000s
[2026-08-11 13:02:36.200] [NOTICE] [com.apple.network/connection] nw_connection_report_state_with_handler_on_nw_queue [C2] reporting state preparing
[2026-08-11 13:02:36.200] [NOTICE] [com.apple.CFNetwork/Default] Task <E112D3D0-FB44-45D1-8E20-39020975620C>.<2> setting up Connection 2
[2026-08-11 13:02:36.200] [NOTICE] [com.apple.network/connection] nw_socket_handle_socket_event [C2:2] Socket received CONNRESET event
[2026-08-11 13:02:36.200] [NOTICE] [com.apple.network/connection] nw_socket_handle_socket_event [C2:2] Socket received DISCONNECTED event
[2026-08-11 13:02:36.200] [ERROR] [com.apple.network/connection] nw_socket_handle_socket_event <private> Socket SO_ERROR [61: Connection refused]
[2026-08-11 13:02:36.200] [INFO] [com.apple.network/connection] nw_flow_error [C2 127.0.0.1:62382 in_progress socket-flow (satisfied (Path is satisfied), viable, interface: lo0)] Output protocol (socket) sent error: Connection refused
[2026-08-11 13:02:36.200] [ERROR] [com.apple.network/connection] nw_protocol_socket_set_no_wake_from_sleep <private> setsockopt SO_NOWAKEFROMSLEEP failed [22: Invalid argument]
[2026-08-11 13:02:36.200] [ERROR] [com.apple.network/] nw_protocol_socket_set_no_wake_from_sleep setsockopt SO_NOWAKEFROMSLEEP failed [22: Invalid argument]
[2026-08-11 13:02:36.200] [NOTICE] [com.apple.network/connection] nw_flow_disconnected [C2 127.0.0.1:62382 in_progress socket-flow (satisfied (Path is satisfied), viable, interface: lo0)] Output protocol disconnected
[2026-08-11 13:02:36.200] [ERROR] [com.apple.network/connection] nw_endpoint_flow_failed_with_error [C2 127.0.0.1:62382 in_progress socket-flow (satisfied (Path is satisfied), viable, interface: lo0)] already failing, returning
[2026-08-11 13:02:36.200] [NOTICE] [com.apple.network/connection] [C2 127.0.0.1:62382 failed socket-flow (satisfied (Path is satisfied), viable, interface: lo0)] event: flow:failed_connect @0.001s, error Connection refused
[2026-08-11 13:02:36.201] [INFO] [com.apple.network/connection] nw_connection_report_symptom_on_nw_queue [C2] reported Connection failed after setup symptom
[2026-08-11 13:02:36.201] [NOTICE] [com.apple.network/connection] nw_connection_report_state_with_handler_on_nw_queue [C2] reporting state failed error Connection refused
[2026-08-11 13:02:36.201] [ERROR] [com.apple.CFNetwork/Default] Connection 2: received failure notification
[2026-08-11 13:02:36.201] [ERROR] [com.apple.CFNetwork/Default] Connection 2: failed to connect 1:61, reason -1
[2026-08-11 13:02:36.201] [ERROR] [com.apple.CFNetwork/Default] Connection 2: encountered error(1:61)
[2026-08-11 13:02:36.201] [NOTICE] [com.apple.CFNetwork/Default] Connection 2: cleaning up
[2026-08-11 13:02:36.201] [NOTICE] [com.apple.CFNetwork/Summary] Connection 2: summary for unused connection {protocol="(null)", domain_lookup_duration_ms=0, connect_duration_ms=0, secure_connection_duration_ms=0, private_relay=false, idle_duration_ms=0}
[2026-08-11 13:02:36.201] [NOTICE] [com.apple.network/connection] [C2 C5CDD544-7D99-4A68-8817-959426E6A84D 127.0.0.1:62382 tcp, url hash: 9f979fd0, definite, attribution: developer] cancel
[2026-08-11 13:02:36.201] [INFO] [com.apple.network/connection] nw_connection_uses_multipath_block_invoke [C2]  has no connected handler
[2026-08-11 13:02:36.201] [ERROR] [com.apple.network/connection] nw_connection_copy_connected_local_endpoint_block_invoke [C2] Client called nw_connection_copy_connected_local_endpoint on unconnected nw_connection
[2026-08-11 13:02:36.201] [ERROR] [com.apple.network/connection] nw_connection_copy_connected_remote_endpoint_block_invoke [C2] Client called nw_connection_copy_connected_remote_endpoint on unconnected nw_connection
[2026-08-11 13:02:36.201] [NOTICE] [com.apple.network/connection] [C2 C5CDD544-7D99-4A68-8817-959426E6A84D 127.0.0.1:62382 tcp, url hash: 9f979fd0, definite, attribution: developer] cancelled
	[C2 3FD36AE6-84FD-4071-9700-29DAF0DF38FD <NULL><-><NULL>]
	Connected Path: (null)
	Privacy Stance: Not Eligible
	Duration: 0.001s, TCP @0.000s took 0.000s
[2026-08-11 13:02:36.201] [INFO] [com.apple.network/connection] nw_endpoint_handler_cancel [C2 127.0.0.1:62382 failed socket-flow (satisfied (Path is satisfied), viable, interface: lo0)]
[2026-08-11 13:02:36.201] [INFO] [com.apple.network/connection] nw_association_schedule_deactivation <nw_association 127.0.0.1:62382> will become dormant after 10000ms of inactivity
[2026-08-11 13:02:36.201] [NOTICE] [com.apple.network/connection] nw_connection_report_state_with_handler_on_nw_queue [C2] reporting state cancelled error Connection refused
[2026-08-11 13:02:36.201] [NOTICE] [com.apple.CFNetwork/Default] Task <E112D3D0-FB44-45D1-8E20-39020975620C>.<2> can retry(N) with reason(2) for error [1:61]
[2026-08-11 13:02:36.201] [INFO] [com.apple.network/connection] [C2 127.0.0.1:62382 tcp, url hash: 9f979fd0, definite, attribution: developer] dealloc
[2026-08-11 13:02:36.201] [ERROR] [com.apple.CFNetwork/Default] Task <E112D3D0-FB44-45D1-8E20-39020975620C>.<2> HTTP load failed, 0/0 bytes (error code: -1004 [1:61])
[2026-08-11 13:02:36.201] [NOTICE] [com.apple.CFNetwork/Summary] Task <E112D3D0-FB44-45D1-8E20-39020975620C>.<2> summary for task failure {transaction_duration_ms=4, response_status=-1, connection=2, reused=1, reused_after_ms=0, request_start_ms=0, request_duration_ms=0, response_start_ms=0, response_duration_ms=0, request_bytes=0, request_throughput_kbps=0, response_bytes=0, response_throughput_kbps=0, cache_hit=false}
[2026-08-11 13:02:36.202] [ERROR] [com.apple.CFNetwork/Default] Task <E112D3D0-FB44-45D1-8E20-39020975620C>.<2> finished with error [-1004] Error Domain=NSURLErrorDomain Code=-1004 UserInfo={NSErrorFailingURLStringKey=<private>, NSErrorFailingURLKey=<private>, _NSURLErrorRelatedURLSessionTaskErrorKey=<private>, _NSURLErrorFailingURLSessionTaskErrorKey=<private>, NSLocalizedDescription=<private>}
[2026-08-11 13:02:36.202] [ERROR] [com.tangzixiang.meow.app/meow-api] WS /logs reconnecting in 1s: Error Domain=NSURLErrorDomain Code=-1004 "无法连接服务器。" UserInfo={NSErrorFailingURLStringKey=http://127.0.0.1:62382/logs?level=debug, NSLocalizedDescription=无法连接服务器。, NSErrorFailingURLKey=http://127.0.0.1:62382/logs?level=debug}
[2026-08-11 13:02:36.235] [NOTICE] [com.apple.KeyboardArbiter/Client] TX focusApplication (peekAppEvent) stealKB:Y scene:ssadtyer.top-default
[2026-08-11 13:02:36.235] [NOTICE] [com.apple.UIKit/EventDispatch] Evaluating dispatch of UIEvent: 0x122458d20; type: 0; subtype: 0; backing type: 11; shouldSend: 1; ignoreInteractionEvents: 0, systemGestureStateChange: 0
[2026-08-11 13:02:36.235] [NOTICE] [com.apple.UIKit/EventDispatch] Sending UIEvent type: 0; subtype: 0; to windows: 1
[2026-08-11 13:02:36.235] [NOTICE] [com.apple.UIKit/EventDispatch] Sending UIEvent type: 0; subtype: 0; to window: <UIWindow: 0x1053bfc10>; contextId: 0xC19AB531
[2026-08-11 13:02:36.241] [NOTICE] [com.apple.UIKit/EventDispatch] Evaluating dispatch of UIEvent: 0x122458d20; type: 0; subtype: 0; backing type: 11; shouldSend: 0; ignoreInteractionEvents: 0, systemGestureStateChange: 0
[2026-08-11 13:02:36.296] [NOTICE] [com.apple.UIKit/EventDispatch] Evaluating dispatch of UIEvent: 0x122458d20; type: 0; subtype: 0; backing type: 11; shouldSend: 1; ignoreInteractionEvents: 0, systemGestureStateChange: 0
[2026-08-11 13:02:36.296] [NOTICE] [com.apple.UIKit/EventDispatch] Sending UIEvent type: 0; subtype: 0; to windows: 1
[2026-08-11 13:02:36.296] [NOTICE] [com.apple.UIKit/EventDispatch] Sending UIEvent type: 0; subtype: 0; to window: <UIWindow: 0x1053bfc10>; contextId: 0xC19AB531
[2026-08-11 13:02:36.298] [NOTICE] [com.apple.UIKit/EventDispatch] Evaluating dispatch of UIEvent: 0x122458d20; type: 0; subtype: 0; backing type: 11; shouldSend: 0; ignoreInteractionEvents: 0, systemGestureStateChange: 1
[2026-08-11 13:02:36.300] [INFO] [com.apple.networkextension/] Loading all configurations
[2026-08-11 13:02:36.303] [NOTICE] [com.apple.networkextension/] Last disconnect error for meow changed from "none" to "The VPN app used by the VPN configuration is not installed"
[2026-08-11 13:02:36.322] [NOTICE] [com.apple.UIKit/_UIVisualStyleRegistry] Note: no default visual style class registered as fallback for stylable class UIActivityIndicatorView
[2026-08-11 13:02:36.322] [NOTICE] [com.apple.UIKit/_UIVisualStyleRegistry] Note: no default visual style class registered as fallback for stylable class UIActivityIndicatorView
[2026-08-11 13:02:36.338] [NOTICE] [com.apple.containermanager/unspecified] container_create_or_lookup_app_group_path_by_app_group_identifier: success
[2026-08-11 13:02:36.344] [INFO] [com.apple.Accessibility/AXAppAccessibility] Presentation controller doesn't modalize: <_UIRootPresentationController: 0x105e44000>
[2026-08-11 13:02:37.216] [NOTICE] [com.apple.CFNetwork/Default] Task <A785C5AC-CE18-4E60-83EC-D769E5B8F2FE>.<3> resuming, timeouts(60.0, 604800.0) qos(0x19) voucher((null)) activity(00000000-0000-0000-0000-000000000000)
[2026-08-11 13:02:37.218] [INFO] [com.apple.network/connection] nw_connection_create_with_id [C3] create connection to 127.0.0.1:62382
[2026-08-11 13:02:37.218] [NOTICE] [com.apple.CFNetwork/Default] Connection 3: starting, TC(0x0)
[2026-08-11 13:02:37.218] [NOTICE] [com.apple.network/connection] [C3 F934FD88-7935-4E30-9533-1F57055DCBA7 127.0.0.1:62382 tcp, url hash: 9f979fd0, definite, attribution: developer, context: com.apple.CFNetwork.NSURLSession.{D2D28DEA-298B-40DD-8393-B780ACD710F2}{(null)}{Y}{2}{0x0} (private), proc: 4E751277-8DF9-3937-8837-5559A42409CF] start
[2026-08-11 13:02:37.218] [INFO] [com.apple.network/connection] nw_endpoint_handler_start [C3 127.0.0.1:62382 initial parent-flow ((null))]
[2026-08-11 13:02:37.218] [NOTICE] [com.apple.network/connection] [C3 127.0.0.1:62382 initial parent-flow ((null))] event: path:start @0.000s
[2026-08-11 13:02:37.218] [INFO] [com.apple.network/] nw_path_necp_check_for_updates Trying to copy result again for 48 flows (max)
[2026-08-11 13:02:37.218] [ERROR] [com.apple.network/] nw_path_necp_check_for_updates Failed to copy updated result (22)
[2026-08-11 13:02:37.218] [NOTICE] [com.apple.network/connection] [C3 127.0.0.1:62382 waiting parent-flow (satisfied (Path is satisfied), viable, interface: lo0)] event: path:satisfied @0.000s, uuid: 3FD36AE6-84FD-4071-9700-29DAF0DF38FD
[2026-08-11 13:02:37.218] [INFO] [com.apple.network/connection] nw_connection_endpoint_report_on_nw_queue_block_invoke [C3 127.0.0.1:62382 waiting parent-flow (satisfied (Path is satisfied), viable, interface: lo0)] skipping state update
[2026-08-11 13:02:37.218] [INFO] [com.apple.network/connection] nw_endpoint_flow_setup_protocols [C3 127.0.0.1:62382 in_progress socket-flow (satisfied (Path is satisfied), viable, interface: lo0)] setup flow id C2E1A102-9A11-4ABA-89F5-330E0F503F2D
[2026-08-11 13:02:37.218] [NOTICE] [com.apple.network/connection] [C3 127.0.0.1:62382 in_progress socket-flow (satisfied (Path is satisfied), viable, interface: lo0)] event: flow:start_connect @0.000s
[2026-08-11 13:02:37.219] [NOTICE] [com.apple.network/connection] nw_connection_report_state_with_handler_on_nw_queue [C3] reporting state preparing
[2026-08-11 13:02:37.219] [NOTICE] [com.apple.CFNetwork/Default] Task <A785C5AC-CE18-4E60-83EC-D769E5B8F2FE>.<3> setting up Connection 3
[2026-08-11 13:02:37.219] [NOTICE] [com.apple.network/connection] nw_socket_handle_socket_event [C3:2] Socket received CONNRESET event
[2026-08-11 13:02:37.219] [NOTICE] [com.apple.network/connection] nw_socket_handle_socket_event [C3:2] Socket received DISCONNECTED event
[2026-08-11 13:02:37.219] [ERROR] [com.apple.network/connection] nw_socket_handle_socket_event <private> Socket SO_ERROR [61: Connection refused]
[2026-08-11 13:02:37.219] [INFO] [com.apple.network/connection] nw_flow_error [C3 127.0.0.1:62382 in_progress socket-flow (satisfied (Path is satisfied), viable, interface: lo0)] Output protocol (socket) sent error: Connection refused
[2026-08-11 13:02:37.219] [ERROR] [com.apple.network/connection] nw_protocol_socket_set_no_wake_from_sleep <private> setsockopt SO_NOWAKEFROMSLEEP failed [22: Invalid argument]
[2026-08-11 13:02:37.219] [ERROR] [com.apple.network/] nw_protocol_socket_set_no_wake_from_sleep setsockopt SO_NOWAKEFROMSLEEP failed [22: Invalid argument]
[2026-08-11 13:02:37.219] [NOTICE] [com.apple.network/connection] nw_flow_disconnected [C3 127.0.0.1:62382 in_progress socket-flow (satisfied (Path is satisfied), viable, interface: lo0)] Output protocol disconnected
[2026-08-11 13:02:37.219] [ERROR] [com.apple.network/connection] nw_endpoint_flow_failed_with_error [C3 127.0.0.1:62382 in_progress socket-flow (satisfied (Path is satisfied), viable, interface: lo0)] already failing, returning
[2026-08-11 13:02:37.219] [NOTICE] [com.apple.network/connection] [C3 127.0.0.1:62382 failed socket-flow (satisfied (Path is satisfied), viable, interface: lo0)] event: flow:failed_connect @0.001s, error Connection refused
[2026-08-11 13:02:37.220] [INFO] [com.apple.network/connection] nw_connection_report_symptom_on_nw_queue [C3] reported Connection failed after setup symptom
[2026-08-11 13:02:37.220] [NOTICE] [com.apple.network/connection] nw_connection_report_state_with_handler_on_nw_queue [C3] reporting state failed error Connection refused
[2026-08-11 13:02:37.220] [ERROR] [com.apple.CFNetwork/Default] Connection 3: received failure notification
[2026-08-11 13:02:37.220] [ERROR] [com.apple.CFNetwork/Default] Connection 3: failed to connect 1:61, reason -1
[2026-08-11 13:02:37.220] [ERROR] [com.apple.CFNetwork/Default] Connection 3: encountered error(1:61)
[2026-08-11 13:02:37.220] [NOTICE] [com.apple.CFNetwork/Default] Connection 3: cleaning up
[2026-08-11 13:02:37.220] [NOTICE] [com.apple.CFNetwork/Summary] Connection 3: summary for unused connection {protocol="(null)", domain_lookup_duration_ms=0, connect_duration_ms=0, secure_connection_duration_ms=0, private_relay=false, idle_duration_ms=0}
[2026-08-11 13:02:37.220] [NOTICE] [com.apple.network/connection] [C3 F934FD88-7935-4E30-9533-1F57055DCBA7 127.0.0.1:62382 tcp, url hash: 9f979fd0, definite, attribution: developer] cancel
[2026-08-11 13:02:37.220] [INFO] [com.apple.network/connection] nw_connection_uses_multipath_block_invoke [C3]  has no connected handler
[2026-08-11 13:02:37.220] [ERROR] [com.apple.network/connection] nw_connection_copy_connected_local_endpoint_block_invoke [C3] Client called nw_connection_copy_connected_local_endpoint on unconnected nw_connection
[2026-08-11 13:02:37.220] [ERROR] [com.apple.network/connection] nw_connection_copy_connected_remote_endpoint_block_invoke [C3] Client called nw_connection_copy_connected_remote_endpoint on unconnected nw_connection
[2026-08-11 13:02:37.220] [NOTICE] [com.apple.network/connection] [C3 F934FD88-7935-4E30-9533-1F57055DCBA7 127.0.0.1:62382 tcp, url hash: 9f979fd0, definite, attribution: developer] cancelled
	[C3 3FD36AE6-84FD-4071-9700-29DAF0DF38FD <NULL><-><NULL>]
	Connected Path: (null)
	Privacy Stance: Not Eligible
	Duration: 0.001s, TCP @0.000s took 0.000s
[2026-08-11 13:02:37.220] [INFO] [com.apple.network/connection] nw_endpoint_handler_cancel [C3 127.0.0.1:62382 failed socket-flow (satisfied (Path is satisfied), viable, interface: lo0)]
[2026-08-11 13:02:37.220] [INFO] [com.apple.network/connection] nw_association_schedule_deactivation <nw_association 127.0.0.1:62382> will become dormant after 10000ms of inactivity
[2026-08-11 13:02:37.220] [NOTICE] [com.apple.network/connection] nw_connection_report_state_with_handler_on_nw_queue [C3] reporting state cancelled error Connection refused
[2026-08-11 13:02:37.220] [NOTICE] [com.apple.CFNetwork/Default] Task <A785C5AC-CE18-4E60-83EC-D769E5B8F2FE>.<3> can retry(N) with reason(2) for error [1:61]
[2026-08-11 13:02:37.220] [INFO] [com.apple.network/connection] [C3 127.0.0.1:62382 tcp, url hash: 9f979fd0, definite, attribution: developer] dealloc
[2026-08-11 13:02:37.220] [ERROR] [com.apple.CFNetwork/Default] Task <A785C5AC-CE18-4E60-83EC-D769E5B8F2FE>.<3> HTTP load failed, 0/0 bytes (error code: -1004 [1:61])
[2026-08-11 13:02:37.220] [NOTICE] [com.apple.CFNetwork/Summary] Task <A785C5AC-CE18-4E60-83EC-D769E5B8F2FE>.<3> summary for task failure {transaction_duration_ms=3, response_status=-1, connection=3, reused=1, reused_after_ms=0, request_start_ms=0, request_duration_ms=0, response_start_ms=0, response_duration_ms=0, request_bytes=0, request_throughput_kbps=0, response_bytes=0, response_throughput_kbps=0, cache_hit=false}
[2026-08-11 13:02:37.220] [ERROR] [com.apple.CFNetwork/Default] Task <A785C5AC-CE18-4E60-83EC-D769E5B8F2FE>.<3> finished with error [-1004] Error Domain=NSURLErrorDomain Code=-1004 UserInfo={NSErrorFailingURLStringKey=<private>, NSErrorFailingURLKey=<private>, _NSURLErrorRelatedURLSessionTaskErrorKey=<private>, _NSURLErrorFailingURLSessionTaskErrorKey=<private>, NSLocalizedDescription=<private>}
[2026-08-11 13:02:37.220] [ERROR] [com.tangzixiang.meow.app/meow-api] WS /logs reconnecting in 1s: Error Domain=NSURLErrorDomain Code=-1004 "无法连接服务器。" UserInfo={NSErrorFailingURLStringKey=http://127.0.0.1:62382/logs?level=debug, NSLocalizedDescription=无法连接服务器。, NSErrorFailingURLKey=http://127.0.0.1:62382/logs?level=debug}
[2026-08-11 13:02:37.398] [NOTICE] [com.apple.KeyboardArbiter/Client] TX focusApplication (peekAppEvent) stealKB:Y scene:ssadtyer.top-default
[2026-08-11 13:02:37.398] [NOTICE] [com.apple.UIKit/EventDispatch] Evaluating dispatch of UIEvent: 0x122458d20; type: 0; subtype: 0; backing type: 11; shouldSend: 1; ignoreInteractionEvents: 0, systemGestureStateChange: 0
[2026-08-11 13:02:37.398] [NOTICE] [com.apple.UIKit/EventDispatch] Sending UIEvent type: 0; subtype: 0; to windows: 1
[2026-08-11 13:02:37.398] [NOTICE] [com.apple.UIKit/EventDispatch] Sending UIEvent type: 0; subtype: 0; to window: <UIWindow: 0x1053bfc10>; contextId: 0xC19AB531
[2026-08-11 13:02:37.413] [NOTICE] [com.apple.UIKit/EventDispatch] Evaluating dispatch of UIEvent: 0x122458d20; type: 0; subtype: 0; backing type: 11; shouldSend: 1; ignoreInteractionEvents: 0, systemGestureStateChange: 0
[2026-08-11 13:02:37.413] [NOTICE] [com.apple.UIKit/EventDispatch] Sending UIEvent type: 0; subtype: 0; to windows: 1
[2026-08-11 13:02:37.413] [NOTICE] [com.apple.UIKit/EventDispatch] Sending UIEvent type: 0; subtype: 0; to window: <UIWindow: 0x1053bfc10>; contextId: 0xC19AB531
[2026-08-11 13:02:37.429] [NOTICE] [com.apple.UIKit/EventDispatch] Evaluating dispatch of UIEvent: 0x122458d20; type: 0; subtype: 0; backing type: 11; shouldSend: 1; ignoreInteractionEvents: 0, systemGestureStateChange: 0
[2026-08-11 13:02:37.429] [NOTICE] [com.apple.UIKit/EventDispatch] Sending UIEvent type: 0; subtype: 0; to windows: 1
[2026-08-11 13:02:37.429] [NOTICE] [com.apple.UIKit/EventDispatch] Sending UIEvent type: 0; subtype: 0; to window: <UIWindow: 0x1053bfc10>; contextId: 0xC19AB531
[2026-08-11 13:02:37.446] [NOTICE] [com.apple.UIKit/EventDispatch] Evaluating dispatch of UIEvent: 0x122458d20; type: 0; subtype: 0; backing type: 11; shouldSend: 1; ignoreInteractionEvents: 0, systemGestureStateChange: 0
[2026-08-11 13:02:37.446] [NOTICE] [com.apple.UIKit/EventDispatch] Sending UIEvent type: 0; subtype: 0; to windows: 1
[2026-08-11 13:02:37.446] [NOTICE] [com.apple.UIKit/EventDispatch] Sending UIEvent type: 0; subtype: 0; to window: <UIWindow: 0x1053bfc10>; contextId: 0xC19AB531
[2026-08-11 13:02:37.462] [NOTICE] [com.apple.UIKit/EventDispatch] Evaluating dispatch of UIEvent: 0x122458d20; type: 0; subtype: 0; backing type: 11; shouldSend: 1; ignoreInteractionEvents: 0, systemGestureStateChange: 0
[2026-08-11 13:02:37.462] [NOTICE] [com.apple.UIKit/EventDispatch] Sending UIEvent type: 0; subtype: 0; to windows: 1
[2026-08-11 13:02:37.462] [NOTICE] [com.apple.UIKit/EventDispatch] Sending UIEvent type: 0; subtype: 0; to window: <UIWindow: 0x1053bfc10>; contextId: 0xC19AB531
[2026-08-11 13:02:37.466] [NOTICE] [com.apple.UIKit/InterfaceStyle] Not push traits update to screen for new style 1, <UIWindowScene: 0x1053c5310> (31024865-9FD2-4799-A0E8-5DEFFC51D92C)
[2026-08-11 13:02:37.468] [NOTICE] [com.apple.UIKit/AppLifecycle] sceneOfRecord: sceneID: sceneID:ssadtyer.top-default  persistentID: 31024865-9FD2-4799-A0E8-5DEFFC51D92C
[2026-08-11 13:02:37.468] [NOTICE] [com.apple.UIKit/Application] Deactivation reason added: 0; deactivation reasons: 0 -> 1; animating application lifecycle event: 1
[2026-08-11 13:02:37.468] [NOTICE] [com.apple.UIKit/Application] Deactivation reason added: 12; deactivation reasons: 1 -> 4097; animating application lifecycle event: 1
[2026-08-11 13:02:37.479] [NOTICE] [com.apple.UIKit/EventDispatch] Evaluating dispatch of UIEvent: 0x122458d20; type: 0; subtype: 0; backing type: 11; shouldSend: 1; ignoreInteractionEvents: 0, systemGestureStateChange: 0
[2026-08-11 13:02:37.479] [NOTICE] [com.apple.UIKit/EventDispatch] Sending UIEvent type: 0; subtype: 0; to windows: 1
[2026-08-11 13:02:37.479] [NOTICE] [com.apple.UIKit/EventDispatch] Sending UIEvent type: 0; subtype: 0; to window: <UIWindow: 0x1053bfc10>; contextId: 0xC19AB531
[2026-08-11 13:02:37.487] [NOTICE] [com.apple.CoreAnalytics/client] Received configuration update from daemon (initial)
[2026-08-11 13:02:37.624] [NOTICE] [com.apple.UIKit/AppLifecycle] sceneOfRecord: sceneID: sceneID:ssadtyer.top-default  persistentID: 31024865-9FD2-4799-A0E8-5DEFFC51D92C
[2026-08-11 13:02:37.624] [NOTICE] [com.apple.UIKit/Application] Deactivation reason added: 5; deactivation reasons: 4097 -> 4129; animating application lifecycle event: 1
[2026-08-11 13:02:37.624] [NOTICE] [com.apple.UIKit/AppLifecycle] sceneOfRecord: sceneID: sceneID:ssadtyer.top-default  persistentID: 31024865-9FD2-4799-A0E8-5DEFFC51D92C
[2026-08-11 13:02:37.624] [NOTICE] [com.apple.UIKit/Application] Deactivation reason removed: 0; deactivation reasons: 4129 -> 4128; animating application lifecycle event: 1
[2026-08-11 13:02:37.632] [NOTICE] [com.apple.BackBoard/EventDelivery] policyStatus:<BKSHIDEventDeliveryPolicyObserver: 0x108d04c80; token: com.apple.frontboard.systemappservices/FBSceneManager:sceneID%3Assadtyer.top-default; status: none> was:ancestor
[2026-08-11 13:02:37.632] [NOTICE] [com.apple.BackBoard/EventDelivery] observerPolicyDidChange: 0x108d04c80 -> <_UIKeyWindowSceneObserver: 0x108d1a100>
[2026-08-11 13:02:37.632] [NOTICE] [com.apple.UIKit/KeyWindow] Scene target of keyboard event deferring environment did change: 0; scene: UIWindowScene: 0x1053c5310; scene identity: com.apple.frontboard.systemappservices/FBSceneManager:sceneID%3Assadtyer.top-default
[2026-08-11 13:02:37.634] [NOTICE] [com.apple.UIKit/AppLifecycle] sceneOfRecord: sceneID: sceneID:ssadtyer.top-default  persistentID: 31024865-9FD2-4799-A0E8-5DEFFC51D92C
[2026-08-11 13:02:37.643] [NOTICE] [com.apple.UIKit/AppLifecycle] sceneOfRecord: sceneID: sceneID:ssadtyer.top-default  persistentID: 31024865-9FD2-4799-A0E8-5DEFFC51D92C
[2026-08-11 13:02:38.276] [NOTICE] [com.apple.CFNetwork/Default] Task <89791079-E012-4610-AA4A-554476D72170>.<4> resuming, timeouts(60.0, 604800.0) qos(0x19) voucher((null)) activity(00000000-0000-0000-0000-000000000000)
[2026-08-11 13:02:38.278] [INFO] [com.apple.network/connection] nw_connection_create_with_id [C4] create connection to 127.0.0.1:62382
[2026-08-11 13:02:38.278] [NOTICE] [com.apple.CFNetwork/Default] Connection 4: starting, TC(0x0)
[2026-08-11 13:02:38.278] [NOTICE] [com.apple.network/connection] [C4 09C2A71D-07CB-41FB-B3FA-AF2559E62B5F 127.0.0.1:62382 tcp, url hash: 9f979fd0, definite, attribution: developer, context: com.apple.CFNetwork.NSURLSession.{D2D28DEA-298B-40DD-8393-B780ACD710F2}{(null)}{Y}{2}{0x0} (private), proc: 4E751277-8DF9-3937-8837-5559A42409CF] start
[2026-08-11 13:02:38.278] [INFO] [com.apple.network/connection] nw_endpoint_handler_start [C4 127.0.0.1:62382 initial parent-flow ((null))]
[2026-08-11 13:02:38.278] [NOTICE] [com.apple.network/connection] [C4 127.0.0.1:62382 initial parent-flow ((null))] event: path:start @0.000s
[2026-08-11 13:02:38.278] [NOTICE] [com.apple.network/connection] [C4 127.0.0.1:62382 waiting parent-flow (satisfied (Path is satisfied), viable, interface: lo0)] event: path:satisfied @0.000s, uuid: 3FD36AE6-84FD-4071-9700-29DAF0DF38FD
[2026-08-11 13:02:38.278] [INFO] [com.apple.network/connection] nw_connection_endpoint_report_on_nw_queue_block_invoke [C4 127.0.0.1:62382 waiting parent-flow (satisfied (Path is satisfied), viable, interface: lo0)] skipping state update
[2026-08-11 13:02:38.278] [INFO] [com.apple.network/connection] nw_endpoint_flow_setup_protocols [C4 127.0.0.1:62382 in_progress socket-flow (satisfied (Path is satisfied), viable, interface: lo0)] setup flow id 73F8F1E4-821A-4DF9-8477-7DEE46C3D18C
[2026-08-11 13:02:38.278] [NOTICE] [com.apple.network/connection] [C4 127.0.0.1:62382 in_progress socket-flow (satisfied (Path is satisfied), viable, interface: lo0)] event: flow:start_connect @0.000s
[2026-08-11 13:02:38.278] [NOTICE] [com.apple.network/connection] nw_connection_report_state_with_handler_on_nw_queue [C4] reporting state preparing
[2026-08-11 13:02:38.278] [NOTICE] [com.apple.CFNetwork/Default] Task <89791079-E012-4610-AA4A-554476D72170>.<4> setting up Connection 4
[2026-08-11 13:02:38.279] [NOTICE] [com.apple.network/connection] nw_socket_handle_socket_event [C4:2] Socket received CONNRESET event
[2026-08-11 13:02:38.279] [NOTICE] [com.apple.network/connection] nw_socket_handle_socket_event [C4:2] Socket received DISCONNECTED event
[2026-08-11 13:02:38.279] [ERROR] [com.apple.network/connection] nw_socket_handle_socket_event <private> Socket SO_ERROR [61: Connection refused]
[2026-08-11 13:02:38.279] [INFO] [com.apple.network/connection] nw_flow_error [C4 127.0.0.1:62382 in_progress socket-flow (satisfied (Path is satisfied), viable, interface: lo0)] Output protocol (socket) sent error: Connection refused
[2026-08-11 13:02:38.279] [ERROR] [com.apple.network/connection] nw_protocol_socket_set_no_wake_from_sleep <private> setsockopt SO_NOWAKEFROMSLEEP failed [22: Invalid argument]
[2026-08-11 13:02:38.279] [ERROR] [com.apple.network/] nw_protocol_socket_set_no_wake_from_sleep setsockopt SO_NOWAKEFROMSLEEP failed [22: Invalid argument]
[2026-08-11 13:02:38.279] [NOTICE] [com.apple.network/connection] nw_flow_disconnected [C4 127.0.0.1:62382 in_progress socket-flow (satisfied (Path is satisfied), viable, interface: lo0)] Output protocol disconnected
[2026-08-11 13:02:38.279] [ERROR] [com.apple.network/connection] nw_endpoint_flow_failed_with_error [C4 127.0.0.1:62382 in_progress socket-flow (satisfied (Path is satisfied), viable, interface: lo0)] already failing, returning
[2026-08-11 13:02:38.279] [NOTICE] [com.apple.network/connection] [C4 127.0.0.1:62382 failed socket-flow (satisfied (Path is satisfied), viable, interface: lo0)] event: flow:failed_connect @0.001s, error Connection refused
[2026-08-11 13:02:38.279] [INFO] [com.apple.network/connection] nw_connection_report_symptom_on_nw_queue [C4] reported Connection failed after setup symptom
[2026-08-11 13:02:38.279] [NOTICE] [com.apple.network/connection] nw_connection_report_state_with_handler_on_nw_queue [C4] reporting state failed error Connection refused
[2026-08-11 13:02:38.279] [ERROR] [com.apple.CFNetwork/Default] Connection 4: received failure notification
[2026-08-11 13:02:38.279] [ERROR] [com.apple.CFNetwork/Default] Connection 4: failed to connect 1:61, reason -1
[2026-08-11 13:02:38.279] [ERROR] [com.apple.CFNetwork/Default] Connection 4: encountered error(1:61)
[2026-08-11 13:02:38.279] [NOTICE] [com.apple.CFNetwork/Default] Connection 4: cleaning up
[2026-08-11 13:02:38.279] [NOTICE] [com.apple.CFNetwork/Summary] Connection 4: summary for unused connection {protocol="(null)", domain_lookup_duration_ms=0, connect_duration_ms=0, secure_connection_duration_ms=0, private_relay=false, idle_duration_ms=0}
[2026-08-11 13:02:38.279] [NOTICE] [com.apple.network/connection] [C4 09C2A71D-07CB-41FB-B3FA-AF2559E62B5F 127.0.0.1:62382 tcp, url hash: 9f979fd0, definite, attribution: developer] cancel
[2026-08-11 13:02:38.279] [INFO] [com.apple.network/connection] nw_connection_uses_multipath_block_invoke [C4]  has no connected handler
[2026-08-11 13:02:38.279] [ERROR] [com.apple.network/connection] nw_connection_copy_connected_local_endpoint_block_invoke [C4] Client called nw_connection_copy_connected_local_endpoint on unconnected nw_connection
[2026-08-11 13:02:38.279] [ERROR] [com.apple.network/connection] nw_connection_copy_connected_remote_endpoint_block_invoke [C4] Client called nw_connection_copy_connected_remote_endpoint on unconnected nw_connection
[2026-08-11 13:02:38.279] [NOTICE] [com.apple.network/connection] [C4 09C2A71D-07CB-41FB-B3FA-AF2559E62B5F 127.0.0.1:62382 tcp, url hash: 9f979fd0, definite, attribution: developer] cancelled
	[C4 3FD36AE6-84FD-4071-9700-29DAF0DF38FD <NULL><-><NULL>]
	Connected Path: (null)
	Privacy Stance: Not Eligible
	Duration: 0.001s, TCP @0.000s took 0.000s
[2026-08-11 13:02:38.279] [INFO] [com.apple.network/connection] nw_endpoint_handler_cancel [C4 127.0.0.1:62382 failed socket-flow (satisfied (Path is satisfied), viable, interface: lo0)]
[2026-08-11 13:02:38.279] [INFO] [com.apple.network/connection] nw_association_schedule_deactivation <nw_association 127.0.0.1:62382> will become dormant after 10000ms of inactivity
[2026-08-11 13:02:38.279] [NOTICE] [com.apple.network/connection] nw_connection_report_state_with_handler_on_nw_queue [C4] reporting state cancelled error Connection refused
[2026-08-11 13:02:38.279] [NOTICE] [com.apple.CFNetwork/Default] Task <89791079-E012-4610-AA4A-554476D72170>.<4> can retry(N) with reason(2) for error [1:61]
[2026-08-11 13:02:38.279] [INFO] [com.apple.network/connection] [C4 127.0.0.1:62382 tcp, url hash: 9f979fd0, definite, attribution: developer] dealloc
[2026-08-11 13:02:38.279] [ERROR] [com.apple.CFNetwork/Default] Task <89791079-E012-4610-AA4A-554476D72170>.<4> HTTP load failed, 0/0 bytes (error code: -1004 [1:61])
[2026-08-11 13:02:38.279] [NOTICE] [com.apple.CFNetwork/Summary] Task <89791079-E012-4610-AA4A-554476D72170>.<4> summary for task failure {transaction_duration_ms=2, response_status=-1, connection=4, reused=1, reused_after_ms=0, request_start_ms=0, request_duration_ms=0, response_start_ms=0, response_duration_ms=0, request_bytes=0, request_throughput_kbps=0, response_bytes=0, response_throughput_kbps=0, cache_hit=false}
[2026-08-11 13:02:38.279] [ERROR] [com.apple.CFNetwork/Default] Task <89791079-E012-4610-AA4A-554476D72170>.<4> finished with error [-1004] Error Domain=NSURLErrorDomain Code=-1004 UserInfo={NSErrorFailingURLStringKey=<private>, NSErrorFailingURLKey=<private>, _NSURLErrorRelatedURLSessionTaskErrorKey=<private>, _NSURLErrorFailingURLSessionTaskErrorKey=<private>, NSLocalizedDescription=<private>}
[2026-08-11 13:02:38.279] [ERROR] [com.tangzixiang.meow.app/meow-api] WS /logs reconnecting in 1s: Error Domain=NSURLErrorDomain Code=-1004 "无法连接服务器。" UserInfo={NSErrorFailingURLStringKey=http://127.0.0.1:62382/logs?level=debug, NSLocalizedDescription=无法连接服务器。, NSErrorFailingURLKey=http://127.0.0.1:62382/logs?level=debug}
[2026-08-11 13:02:38.364] [NOTICE] [com.apple.UIKit/AppLifecycle] sceneOfRecord: sceneID: sceneID:ssadtyer.top-default  persistentID: 31024865-9FD2-4799-A0E8-5DEFFC51D92C
[2026-08-11 13:02:38.364] [NOTICE] [com.apple.UIKit/Application] Deactivation reason added: 3; deactivation reasons: 4128 -> 4136; animating application lifecycle event: 1
[2026-08-11 13:02:38.365] [NOTICE] [com.apple.UIKit/AppLifecycle] sceneOfRecord: sceneID: sceneID:ssadtyer.top-default  persistentID: 31024865-9FD2-4799-A0E8-5DEFFC51D92C
[2026-08-11 13:02:38.365] [NOTICE] [com.apple.UIKit/Application] Deactivation reason removed: 5; deactivation reasons: 4136 -> 4104; animating application lifecycle event: 0
[2026-08-11 13:02:38.392] [NOTICE] [com.apple.UIKit/AppLifecycle] sceneOfRecord: sceneID: sceneID:ssadtyer.top-default  persistentID: 31024865-9FD2-4799-A0E8-5DEFFC51D92C
[2026-08-11 13:02:38.392] [NOTICE] [com.apple.UIKit/InterfaceStyle] Not push traits update to screen for new style 1, <UIWindowScene: 0x1053c5310> (31024865-9FD2-4799-A0E8-5DEFFC51D92C)
[2026-08-11 13:02:38.397] [NOTICE] [com.apple.UIKit/AppLifecycle] sceneOfRecord: sceneID: sceneID:ssadtyer.top-default  persistentID: 31024865-9FD2-4799-A0E8-5DEFFC51D92C
[2026-08-11 13:02:38.397] [NOTICE] [com.apple.UIKit/Application] Deactivation reason added: 5; deactivation reasons: 4104 -> 4136; animating application lifecycle event: 1
[2026-08-11 13:02:38.398] [NOTICE] [com.apple.UIKit/AppLifecycle] sceneOfRecord: sceneID: sceneID:ssadtyer.top-default  persistentID: 31024865-9FD2-4799-A0E8-5DEFFC51D92C
[2026-08-11 13:02:38.398] [NOTICE] [com.apple.UIKit/Application] Deactivation reason removed: 3; deactivation reasons: 4136 -> 4128; animating application lifecycle event: 1
[2026-08-11 13:02:38.401] [NOTICE] [com.apple.UIKit/AppLifecycle] sceneOfRecord: sceneID: sceneID:ssadtyer.top-default  persistentID: 31024865-9FD2-4799-A0E8-5DEFFC51D92C
[2026-08-11 13:02:38.401] [NOTICE] [com.apple.UIKit/Application] Deactivation reason added: 3; deactivation reasons: 4128 -> 4136; animating application lifecycle event: 1
[2026-08-11 13:02:38.402] [NOTICE] [com.apple.UIKit/AppLifecycle] sceneOfRecord: sceneID: sceneID:ssadtyer.top-default  persistentID: 31024865-9FD2-4799-A0E8-5DEFFC51D92C
[2026-08-11 13:02:38.402] [NOTICE] [com.apple.UIKit/Application] Deactivation reason removed: 5; deactivation reasons: 4136 -> 4104; animating application lifecycle event: 0
[2026-08-11 13:02:38.880] [NOTICE] [com.apple.UIKit/AppLifecycle] sceneOfRecord: sceneID: sceneID:ssadtyer.top-default  persistentID: 31024865-9FD2-4799-A0E8-5DEFFC51D92C
[2026-08-11 13:02:38.880] [NOTICE] [com.apple.UIKit/Application] Deactivation reason added: 5; deactivation reasons: 4104 -> 4136; animating application lifecycle event: 1
[2026-08-11 13:02:38.901] [NOTICE] [com.apple.UIKit/AppLifecycle] sceneOfRecord: sceneID: sceneID:ssadtyer.top-default  persistentID: 31024865-9FD2-4799-A0E8-5DEFFC51D92C
[2026-08-11 13:02:38.901] [NOTICE] [com.apple.UIKit/Application] Deactivation reason removed: 3; deactivation reasons: 4136 -> 4128; animating application lifecycle event: 1
[2026-08-11 13:02:38.966] [NOTICE] [com.apple.KeyboardArbiter/Client] RX sceneBecameFocused:(null)
[2026-08-11 13:02:38.968] [NOTICE] [com.apple.runningboard/monitor] Received state update for 7855 (app<ssadtyer.top(23B79D2E-BA70-4420-B327-771D1787E68F)>, unknown-NotVisible
[2026-08-11 13:02:38.968] [INFO] [com.apple.runningboard/monitor] Update skipped for [app<ssadtyer.top(23B79D2E-BA70-4420-B327-771D1787E68F)>:7855]
[2026-08-11 13:02:38.971] [NOTICE] [com.apple.runningboard/monitor] Received state update for 7855 (app<ssadtyer.top(23B79D2E-BA70-4420-B327-771D1787E68F)>, unknown-NotVisible
[2026-08-11 13:02:38.971] [INFO] [com.apple.runningboard/monitor] Update skipped for [app<ssadtyer.top(23B79D2E-BA70-4420-B327-771D1787E68F)>:7855]
[2026-08-11 13:02:39.281] [NOTICE] [com.apple.CFNetwork/Default] Task <EDE799A6-D6C1-45E4-B088-AB7E17D26053>.<5> resuming, timeouts(60.0, 604800.0) qos(0x19) voucher((null)) activity(00000000-0000-0000-0000-000000000000)
[2026-08-11 13:02:39.282] [INFO] [com.apple.network/connection] nw_connection_create_with_id [C5] create connection to 127.0.0.1:62382
[2026-08-11 13:02:39.282] [NOTICE] [com.apple.CFNetwork/Default] Connection 5: starting, TC(0x0)
[2026-08-11 13:02:39.282] [NOTICE] [com.apple.network/connection] [C5 4BED2DD9-24B6-4B98-8828-9B5CAE79D27F 127.0.0.1:62382 tcp, url hash: 9f979fd0, definite, attribution: developer, context: com.apple.CFNetwork.NSURLSession.{D2D28DEA-298B-40DD-8393-B780ACD710F2}{(null)}{Y}{2}{0x0} (private), proc: 4E751277-8DF9-3937-8837-5559A42409CF] start
[2026-08-11 13:02:39.282] [INFO] [com.apple.network/connection] nw_endpoint_handler_start [C5 127.0.0.1:62382 initial parent-flow ((null))]
[2026-08-11 13:02:39.282] [NOTICE] [com.apple.network/connection] [C5 127.0.0.1:62382 initial parent-flow ((null))] event: path:start @0.000s
[2026-08-11 13:02:39.282] [INFO] [com.apple.network/] nw_path_necp_check_for_updates Trying to copy result again for 48 flows (max)
[2026-08-11 13:02:39.282] [ERROR] [com.apple.network/] nw_path_necp_check_for_updates Failed to copy updated result (22)
[2026-08-11 13:02:39.282] [NOTICE] [com.apple.network/connection] [C5 127.0.0.1:62382 waiting parent-flow (satisfied (Path is satisfied), viable, interface: lo0)] event: path:satisfied @0.000s, uuid: 3FD36AE6-84FD-4071-9700-29DAF0DF38FD
[2026-08-11 13:02:39.282] [INFO] [com.apple.network/connection] nw_connection_endpoint_report_on_nw_queue_block_invoke [C5 127.0.0.1:62382 waiting parent-flow (satisfied (Path is satisfied), viable, interface: lo0)] skipping state update
[2026-08-11 13:02:39.282] [INFO] [com.apple.network/connection] nw_endpoint_flow_setup_protocols [C5 127.0.0.1:62382 in_progress socket-flow (satisfied (Path is satisfied), viable, interface: lo0)] setup flow id BAD6D8FB-33D2-4B87-807F-A3094136103E
[2026-08-11 13:02:39.282] [NOTICE] [com.apple.network/connection] [C5 127.0.0.1:62382 in_progress socket-flow (satisfied (Path is satisfied), viable, interface: lo0)] event: flow:start_connect @0.000s
[2026-08-11 13:02:39.282] [NOTICE] [com.apple.network/connection] nw_connection_report_state_with_handler_on_nw_queue [C5] reporting state preparing
[2026-08-11 13:02:39.283] [NOTICE] [com.apple.CFNetwork/Default] Task <EDE799A6-D6C1-45E4-B088-AB7E17D26053>.<5> setting up Connection 5
[2026-08-11 13:02:39.283] [NOTICE] [com.apple.network/connection] nw_socket_handle_socket_event [C5:2] Socket received CONNRESET event
[2026-08-11 13:02:39.283] [NOTICE] [com.apple.network/connection] nw_socket_handle_socket_event [C5:2] Socket received DISCONNECTED event
[2026-08-11 13:02:39.283] [ERROR] [com.apple.network/connection] nw_socket_handle_socket_event <private> Socket SO_ERROR [61: Connection refused]
[2026-08-11 13:02:39.283] [INFO] [com.apple.network/connection] nw_flow_error [C5 127.0.0.1:62382 in_progress socket-flow (satisfied (Path is satisfied), viable, interface: lo0)] Output protocol (socket) sent error: Connection refused
[2026-08-11 13:02:39.283] [ERROR] [com.apple.network/connection] nw_protocol_socket_set_no_wake_from_sleep <private> setsockopt SO_NOWAKEFROMSLEEP failed [22: Invalid argument]
[2026-08-11 13:02:39.283] [ERROR] [com.apple.network/] nw_protocol_socket_set_no_wake_from_sleep setsockopt SO_NOWAKEFROMSLEEP failed [22: Invalid argument]
[2026-08-11 13:02:39.283] [NOTICE] [com.apple.network/connection] nw_flow_disconnected [C5 127.0.0.1:62382 in_progress socket-flow (satisfied (Path is satisfied), viable, interface: lo0)] Output protocol disconnected
[2026-08-11 13:02:39.283] [ERROR] [com.apple.network/connection] nw_endpoint_flow_failed_with_error [C5 127.0.0.1:62382 in_progress socket-flow (satisfied (Path is satisfied), viable, interface: lo0)] already failing, returning
[2026-08-11 13:02:39.283] [NOTICE] [com.apple.network/connection] [C5 127.0.0.1:62382 failed socket-flow (satisfied (Path is satisfied), viable, interface: lo0)] event: flow:failed_connect @0.001s, error Connection refused
[2026-08-11 13:02:39.283] [INFO] [com.apple.network/connection] nw_connection_report_symptom_on_nw_queue [C5] reported Connection failed after setup symptom
[2026-08-11 13:02:39.283] [NOTICE] [com.apple.network/connection] nw_connection_report_state_with_handler_on_nw_queue [C5] reporting state failed error Connection refused
[2026-08-11 13:02:39.283] [ERROR] [com.apple.CFNetwork/Default] Connection 5: received failure notification
[2026-08-11 13:02:39.283] [ERROR] [com.apple.CFNetwork/Default] Connection 5: failed to connect 1:61, reason -1
[2026-08-11 13:02:39.283] [ERROR] [com.apple.CFNetwork/Default] Connection 5: encountered error(1:61)
[2026-08-11 13:02:39.283] [NOTICE] [com.apple.CFNetwork/Default] Connection 5: cleaning up
[2026-08-11 13:02:39.283] [NOTICE] [com.apple.CFNetwork/Summary] Connection 5: summary for unused connection {protocol="(null)", domain_lookup_duration_ms=0, connect_duration_ms=0, secure_connection_duration_ms=0, private_relay=false, idle_duration_ms=0}
[2026-08-11 13:02:39.283] [NOTICE] [com.apple.network/connection] [C5 4BED2DD9-24B6-4B98-8828-9B5CAE79D27F 127.0.0.1:62382 tcp, url hash: 9f979fd0, definite, attribution: developer] cancel
[2026-08-11 13:02:39.283] [INFO] [com.apple.network/connection] nw_connection_uses_multipath_block_invoke [C5]  has no connected handler
[2026-08-11 13:02:39.283] [ERROR] [com.apple.network/connection] nw_connection_copy_connected_local_endpoint_block_invoke [C5] Client called nw_connection_copy_connected_local_endpoint on unconnected nw_connection
[2026-08-11 13:02:39.283] [ERROR] [com.apple.network/connection] nw_connection_copy_connected_remote_endpoint_block_invoke [C5] Client called nw_connection_copy_connected_remote_endpoint on unconnected nw_connection
[2026-08-11 13:02:39.283] [NOTICE] [com.apple.network/connection] [C5 4BED2DD9-24B6-4B98-8828-9B5CAE79D27F 127.0.0.1:62382 tcp, url hash: 9f979fd0, definite, attribution: developer] cancelled
	[C5 3FD36AE6-84FD-4071-9700-29DAF0DF38FD <NULL><-><NULL>]
	Connected Path: (null)
	Privacy Stance: Not Eligible
	Duration: 0.001s, TCP @0.000s took 0.000s
[2026-08-11 13:02:39.283] [INFO] [com.apple.network/connection] nw_endpoint_handler_cancel [C5 127.0.0.1:62382 failed socket-flow (satisfied (Path is satisfied), viable, interface: lo0)]
[2026-08-11 13:02:39.283] [INFO] [com.apple.network/connection] nw_association_schedule_deactivation <nw_association 127.0.0.1:62382> will become dormant after 10000ms of inactivity
[2026-08-11 13:02:39.283] [NOTICE] [com.apple.network/connection] nw_connection_report_state_with_handler_on_nw_queue [C5] reporting state cancelled error Connection refused
[2026-08-11 13:02:39.283] [NOTICE] [com.apple.CFNetwork/Default] Task <EDE799A6-D6C1-45E4-B088-AB7E17D26053>.<5> can retry(N) with reason(2) for error [1:61]
[2026-08-11 13:02:39.283] [INFO] [com.apple.network/connection] [C5 127.0.0.1:62382 tcp, url hash: 9f979fd0, definite, attribution: developer] dealloc
[2026-08-11 13:02:39.284] [ERROR] [com.apple.CFNetwork/Default] Task <EDE799A6-D6C1-45E4-B088-AB7E17D26053>.<5> HTTP load failed, 0/0 bytes (error code: -1004 [1:61])
[2026-08-11 13:02:39.284] [NOTICE] [com.apple.CFNetwork/Summary] Task <EDE799A6-D6C1-45E4-B088-AB7E17D26053>.<5> summary for task failure {transaction_duration_ms=2, response_status=-1, connection=5, reused=1, reused_after_ms=0, request_start_ms=0, request_duration_ms=0, response_start_ms=0, response_duration_ms=0, request_bytes=0, request_throughput_kbps=0, response_bytes=0, response_throughput_kbps=0, cache_hit=false}
[2026-08-11 13:02:39.284] [ERROR] [com.apple.CFNetwork/Default] Task <EDE799A6-D6C1-45E4-B088-AB7E17D26053>.<5> finished with error [-1004] Error Domain=NSURLErrorDomain Code=-1004 UserInfo={NSErrorFailingURLStringKey=<private>, NSErrorFailingURLKey=<private>, _NSURLErrorRelatedURLSessionTaskErrorKey=<private>, _NSURLErrorFailingURLSessionTaskErrorKey=<private>, NSLocalizedDescription=<private>}
[2026-08-11 13:02:39.284] [ERROR] [com.tangzixiang.meow.app/meow-api] WS /logs reconnecting in 1s: Error Domain=NSURLErrorDomain Code=-1004 "无法连接服务器。" UserInfo={NSErrorFailingURLStringKey=http://127.0.0.1:62382/logs?level=debug, NSLocalizedDescription=无法连接服务器。, NSErrorFailingURLKey=http://127.0.0.1:62382/logs?level=debug}
[2026-08-11 13:02:39.534] [NOTICE] [com.apple.FrontBoard/SceneClient] [(FBSceneManager):sceneID:ssadtyer.top-default] Received action(s) in scene-update: <FBSceneSnapshotAction: 0x00220a8a>
[2026-08-11 13:02:39.535] [INFO] [com.apple.useractivity/main] initUAUserActivity:<private>-<private> 69DE7FEC-7B60-49C2-A2ED-B7A73590E6AE UserActivity
[2026-08-11 13:02:39.535] [INFO] [com.apple.useractivity/biome-69594900] 69DE7FEC-7B60-49C2-A2ED-B7A73590E6AE CREATED <private>/(null)
[2026-08-11 13:02:39.535] [INFO] [com.apple.useractivity/biome-69594900] 69DE7FEC-7B60-49C2-A2ED-B7A73590E6AE SET-DIRTY	wasDirty=false force=false informServer=false informIndex=false
[2026-08-11 13:02:39.535] [INFO] [com.apple.useractivity/biome-69594900] 69DE7FEC-7B60-49C2-A2ED-B7A73590E6AE SET-USERINFO	count=1 false
[2026-08-11 13:02:39.535] [INFO] [com.apple.useractivity/biome-69594900] 69DE7FEC-7B60-49C2-A2ED-B7A73590E6AE SET-DIRTY	wasDirty=true force=false informServer=false informIndex=false
[2026-08-11 13:02:39.535] [INFO] [com.apple.useractivity/biome-69594900] 4EDD653E-DAF6-4E91-980A-869380656ED0 INVALIDATE	wasCurrent=false needsSave=true dirty=true sendToServer=false
[2026-08-11 13:02:39.537] [NOTICE] [com.apple.UIKit/AppLifecycle] sceneOfRecord: sceneID: sceneID:ssadtyer.top-default  persistentID: 31024865-9FD2-4799-A0E8-5DEFFC51D92C
[2026-08-11 13:02:39.537] [NOTICE] [com.apple.UIKit/Application] Deactivation reason added: 11; deactivation reasons: 4128 -> 6176; animating application lifecycle event: 0
[2026-08-11 13:02:39.537] [NOTICE] [com.apple.UIKit/BackgroundTask] Will add backgroundTask with taskName: <private>, expirationHandler: (null)
[2026-08-11 13:02:39.537] [NOTICE] [com.apple.UIKit/BackgroundTask] Creating new assertion because there is no existing background assertion.
[2026-08-11 13:02:39.537] [NOTICE] [com.apple.UIKit/BackgroundTask] Creating new background assertion
[2026-08-11 13:02:39.537] [NOTICE] [com.apple.UIKit/BackgroundTask] Created new background assertion <BKSProcessAssertion: 0x111a9ca50>
[2026-08-11 13:02:39.537] [INFO] [com.apple.runningboard/assertion] Acquiring assertion: <RBSAssertionDescriptor| "Shared Background Assertion 1 for ssadtyer.top" ID:(null) target:7855>
[2026-08-11 13:02:39.537] [NOTICE] [com.apple.UIKit/BackgroundTask] Incrementing reference count for background assertion <private>
[2026-08-11 13:02:39.537] [NOTICE] [com.apple.UIKit/BackgroundTask] Created background task <private>.
[2026-08-11 13:02:39.537] [NOTICE] [com.apple.KeyboardArbiter/Client] ssadtyer.top(7855) invalidateConnection (appDidSuspend)
[2026-08-11 13:02:39.537] [NOTICE] [com.apple.xpc/connection] [0x11191b200] invalidated because the current process cancelled the connection by calling xpc_connection_cancel()
[2026-08-11 13:02:39.537] [NOTICE] [com.apple.UIKit/BackgroundTask] Will add backgroundTask with taskName: <private>, expirationHandler: <__NSMallocBlock__: 0x108c9b2a0>
[2026-08-11 13:02:39.538] [NOTICE] [com.apple.UIKit/BackgroundTask] Reusing background assertion <BKSProcessAssertion: 0x111a9ca50>
[2026-08-11 13:02:39.538] [NOTICE] [com.apple.UIKit/BackgroundTask] Incrementing reference count for background assertion <private>
[2026-08-11 13:02:39.538] [NOTICE] [com.apple.UIKit/BackgroundTask] Created background task <private>.
[2026-08-11 13:02:39.538] [NOTICE] [com.apple.UIKit/BackgroundTask] Ending background task with UIBackgroundTaskIdentifier: 4
[2026-08-11 13:02:39.538] [NOTICE] [com.apple.UIKit/BackgroundTask] Ending task with identifier 4 and description: <private>, _expireHandler: <__NSMallocBlock__: 0x108c9b2a0>
[2026-08-11 13:02:39.538] [NOTICE] [com.apple.UIKit/BackgroundTask] Decrementing reference count for assertion <private> (used by background task with identifier 4: <private>)
[2026-08-11 13:02:39.538] [NOTICE] [com.apple.UIKit/BackgroundTask] Will add backgroundTask with taskName: <private>, expirationHandler: <__NSMallocBlock__: 0x108c9b2a0>
[2026-08-11 13:02:39.538] [NOTICE] [com.apple.UIKit/BackgroundTask] Reusing background assertion <BKSProcessAssertion: 0x111a9ca50>
[2026-08-11 13:02:39.538] [NOTICE] [com.apple.UIKit/BackgroundTask] Incrementing reference count for background assertion <private>
[2026-08-11 13:02:39.538] [NOTICE] [com.apple.UIKit/BackgroundTask] Created background task <private>.
[2026-08-11 13:02:39.538] [NOTICE] [com.apple.UIKit/BackgroundTask] Ending background task with UIBackgroundTaskIdentifier: 5
[2026-08-11 13:02:39.538] [NOTICE] [com.apple.UIKit/BackgroundTask] Ending task with identifier 5 and description: <private>, _expireHandler: <__NSMallocBlock__: 0x108c9b2a0>
[2026-08-11 13:02:39.538] [NOTICE] [com.apple.UIKit/BackgroundTask] Decrementing reference count for assertion <private> (used by background task with identifier 5: <private>)
[2026-08-11 13:02:39.538] [NOTICE] [com.apple.UIKit/BackgroundTask] Will add backgroundTask with taskName: <private>, expirationHandler: <__NSMallocBlock__: 0x108c9b2a0>
[2026-08-11 13:02:39.538] [NOTICE] [com.apple.UIKit/BackgroundTask] Reusing background assertion <BKSProcessAssertion: 0x111a9ca50>
[2026-08-11 13:02:39.538] [NOTICE] [com.apple.UIKit/BackgroundTask] Incrementing reference count for background assertion <private>
[2026-08-11 13:02:39.538] [NOTICE] [com.apple.UIKit/BackgroundTask] Created background task <private>.
[2026-08-11 13:02:39.538] [NOTICE] [com.apple.UIKit/BackgroundTask] Ending background task with UIBackgroundTaskIdentifier: 6
[2026-08-11 13:02:39.538] [NOTICE] [com.apple.UIKit/BackgroundTask] Ending task with identifier 6 and description: <private>, _expireHandler: <__NSMallocBlock__: 0x108c9b2a0>
[2026-08-11 13:02:39.538] [NOTICE] [com.apple.UIKit/BackgroundTask] Decrementing reference count for assertion <private> (used by background task with identifier 6: <private>)
[2026-08-11 13:02:39.538] [NOTICE] [com.apple.UIKit/BackgroundTask] Will add backgroundTask with taskName: <private>, expirationHandler: <__NSMallocBlock__: 0x108c9b2a0>
[2026-08-11 13:02:39.538] [NOTICE] [com.apple.UIKit/BackgroundTask] Reusing background assertion <BKSProcessAssertion: 0x111a9ca50>
[2026-08-11 13:02:39.538] [NOTICE] [com.apple.UIKit/BackgroundTask] Incrementing reference count for background assertion <private>
[2026-08-11 13:02:39.538] [NOTICE] [com.apple.UIKit/BackgroundTask] Created background task <private>.
[2026-08-11 13:02:39.538] [NOTICE] [com.apple.UIKit/BackgroundTask] Ending background task with UIBackgroundTaskIdentifier: 7
[2026-08-11 13:02:39.538] [NOTICE] [com.apple.UIKit/BackgroundTask] Ending task with identifier 7 and description: <private>, _expireHandler: <__NSMallocBlock__: 0x108c9b2a0>
[2026-08-11 13:02:39.538] [NOTICE] [com.apple.UIKit/BackgroundTask] Decrementing reference count for assertion <private> (used by background task with identifier 7: <private>)
[2026-08-11 13:02:39.538] [NOTICE] [com.apple.xpc/connection] [0x105c79600] invalidated because the current process cancelled the connection by calling xpc_connection_cancel()
[2026-08-11 13:02:39.538] [NOTICE] [com.apple.xpc/session] [0x108d05c20] Session canceled.
[2026-08-11 13:02:39.538] [NOTICE] [com.apple.UIKit/Application] Deactivation reason removed: 5; deactivation reasons: 6176 -> 6144; animating application lifecycle event: 0
[2026-08-11 13:02:39.538] [NOTICE] [com.apple.UIIntelligenceSupport/xpc] agent connection cancelled (details: Session manually canceled)
[2026-08-11 13:02:39.538] [NOTICE] [com.apple.xpc/session] [0x108d05c20] Disposing of session
[2026-08-11 13:02:39.540] [NOTICE] [com.apple.runningboard/monitor] Received state update for 7855 (app<ssadtyer.top(23B79D2E-BA70-4420-B327-771D1787E68F)>, unknown-NotVisible
[2026-08-11 13:02:39.540] [INFO] [com.apple.runningboard/monitor] Update skipped for [app<ssadtyer.top(23B79D2E-BA70-4420-B327-771D1787E68F)>:7855]
[2026-08-11 13:02:39.544] [NOTICE] [com.apple.runningboard/monitor] Received state update for 7855 (app<ssadtyer.top(23B79D2E-BA70-4420-B327-771D1787E68F)>, unknown-NotVisible
[2026-08-11 13:02:39.544] [INFO] [com.apple.runningboard/monitor] Update skipped for [app<ssadtyer.top(23B79D2E-BA70-4420-B327-771D1787E68F)>:7855]
[2026-08-11 13:02:39.583] [NOTICE] [com.apple.UIKit/BackgroundTask] Will add backgroundTask with taskName: <private>, expirationHandler: <__NSMallocBlock__: 0x108ca97a0>
[2026-08-11 13:02:39.583] [NOTICE] [com.apple.UIKit/BackgroundTask] Reusing background assertion <BKSProcessAssertion: 0x111a9ca50>
[2026-08-11 13:02:39.583] [NOTICE] [com.apple.UIKit/BackgroundTask] Incrementing reference count for background assertion <private>
[2026-08-11 13:02:39.583] [NOTICE] [com.apple.UIKit/BackgroundTask] Created background task <private>.
[2026-08-11 13:02:39.583] [NOTICE] [com.apple.UIKit/InterfaceStyle] Push traits update to screen for new style 1, <UIWindowScene: 0x1053c5310> (31024865-9FD2-4799-A0E8-5DEFFC51D92C)
[2026-08-11 13:02:39.583] [NOTICE] [com.apple.UIKit/InterfaceStyle] Should not send trait collection or coordinate space update, interface style 1 -> 1, <UIWindowScene: 0x1053c5310> (31024865-9FD2-4799-A0E8-5DEFFC51D92C)
[2026-08-11 13:02:39.584] [NOTICE] [com.apple.FrontBoard/Common] Performing snapshot request 0x1118a9d10 (type 1)
[2026-08-11 13:02:39.584] [NOTICE] [com.apple.FrontBoard/SceneClient] [(FBSceneManager):sceneID:ssadtyer.top-default] Sending action(s): <FBSSceneSnapshotRequestAction: 0x1eaf0000>
[2026-08-11 13:02:39.628] [NOTICE] [com.apple.FrontBoard/Common] Snapshot request 0x1118a9d10 complete
[2026-08-11 13:02:39.629] [NOTICE] [com.apple.UIKit/InterfaceStyle] Push traits update to screen for new style 1, <UIWindowScene: 0x1053c5310> (31024865-9FD2-4799-A0E8-5DEFFC51D92C)
[2026-08-11 13:02:39.629] [NOTICE] [com.apple.UIKit/InterfaceStyle] Should not send trait collection or coordinate space update, interface style 2 -> 2, <UIWindowScene: 0x1053c5310> (31024865-9FD2-4799-A0E8-5DEFFC51D92C)
[2026-08-11 13:02:39.646] [NOTICE] [com.apple.runningboard/monitor] Received state update for 7855 (app<ssadtyer.top(23B79D2E-BA70-4420-B327-771D1787E68F)>, unknown-NotVisible
[2026-08-11 13:02:39.646] [INFO] [com.apple.runningboard/monitor] Update skipped for [app<ssadtyer.top(23B79D2E-BA70-4420-B327-771D1787E68F)>:7855]
[2026-08-11 13:02:39.726] [NOTICE] [com.apple.FrontBoard/Common] Performing snapshot request 0x125418450 (type 1)
[2026-08-11 13:02:39.726] [NOTICE] [com.apple.FrontBoard/SceneClient] [(FBSceneManager):sceneID:ssadtyer.top-default] Sending action(s): <FBSSceneSnapshotRequestAction: 0x1eaf0001>
[2026-08-11 13:02:39.764] [NOTICE] [com.apple.FrontBoard/Common] Snapshot request 0x125418450 complete
[2026-08-11 13:02:39.764] [NOTICE] [com.apple.UIKit/BackgroundTask] Ending background task with UIBackgroundTaskIdentifier: 8
[2026-08-11 13:02:39.764] [NOTICE] [com.apple.UIKit/BackgroundTask] Ending task with identifier 8 and description: <private>, _expireHandler: <__NSMallocBlock__: 0x108ca97a0>
[2026-08-11 13:02:39.764] [NOTICE] [com.apple.UIKit/BackgroundTask] Decrementing reference count for assertion <private> (used by background task with identifier 8: <private>)
[2026-08-11 13:02:39.764] [NOTICE] [com.apple.UIKit/InterfaceStyle] Push traits update to screen for new style 1, <UIWindowScene: 0x1053c5310> (31024865-9FD2-4799-A0E8-5DEFFC51D92C)
[2026-08-11 13:02:39.764] [NOTICE] [com.apple.UIKit/InterfaceStyle] Should not send trait collection or coordinate space update, interface style 1 -> 1, <UIWindowScene: 0x1053c5310> (31024865-9FD2-4799-A0E8-5DEFFC51D92C)
[2026-08-11 13:02:39.765] [NOTICE] [com.apple.UIKit/EventDeferring] [0x108d988c0] [keyboardFocus] Disabling event deferring records requested: adding recreation reason: detachedContext; for reason: _UIEventDeferringManager: 0x108d988c0: disabling keyboardFocus: context detached for window: 0x1053bfc10; contextID: 0xC19AB531
[2026-08-11 13:02:39.765] [NOTICE] [com.apple.UIKit/BackgroundTask] Will add backgroundTask with taskName: <private>, expirationHandler: (null)
[2026-08-11 13:02:39.765] [NOTICE] [com.apple.UIKit/BackgroundTask] Reusing background assertion <BKSProcessAssertion: 0x111a9ca50>
[2026-08-11 13:02:39.765] [NOTICE] [com.apple.UIKit/BackgroundTask] Incrementing reference count for background assertion <private>
[2026-08-11 13:02:39.765] [NOTICE] [com.apple.UIKit/BackgroundTask] Created background task <private>.
[2026-08-11 13:02:39.766] [INFO] [com.apple.useractivity/biome-69594900] 4EDD653E-DAF6-4E91-980A-869380656ED0 RELEASED changeCount=1
[2026-08-11 13:02:39.789] [INFO] [com.apple.Accessibility/AXRuntimeNotifications] Attempting to send notification:  (1001) <private>
[2026-08-11 13:02:39.790] [NOTICE] [com.apple.UIKit/UpdateScheduler] Target list changed:
[2026-08-11 13:02:39.790] [NOTICE] [com.apple.UIKit/BackgroundTask] Ending background task with UIBackgroundTaskIdentifier: 3
[2026-08-11 13:02:39.790] [NOTICE] [com.apple.UIKit/BackgroundTask] Ending task with identifier 3 and description: <private>, _expireHandler: (null)
[2026-08-11 13:02:39.790] [NOTICE] [com.apple.UIKit/BackgroundTask] Decrementing reference count for assertion <private> (used by background task with identifier 3: <private>)
[2026-08-11 13:02:39.790] [INFO] [com.apple.Accessibility/AXRuntimeNotifications] Did not post. Not allowed. notification:  (1001) data:<private>
[2026-08-11 13:02:39.790] [NOTICE] [com.apple.UIKit/BackgroundTask] Ending background task with UIBackgroundTaskIdentifier: 9
[2026-08-11 13:02:39.790] [NOTICE] [com.apple.UIKit/BackgroundTask] Ending task with identifier 9 and description: <private>, _expireHandler: (null)
[2026-08-11 13:02:39.790] [NOTICE] [com.apple.UIKit/BackgroundTask] Decrementing reference count for assertion <private> (used by background task with identifier 9: <private>)
[2026-08-11 13:02:39.790] [NOTICE] [com.apple.UIKit/BackgroundTask] Will invalidate assertion: <BKSProcessAssertion: 0x111a9ca50> for task identifier: 9
[2026-08-11 13:02:48.309] [NOTICE] [com.apple.CFNetwork/Default] Task <C8754CBC-7594-41FE-A9D9-279E44EEBF19>.<6> resuming, timeouts(60.0, 604800.0) qos(0x19) voucher((null)) activity(00000000-0000-0000-0000-000000000000)
[2026-08-11 13:02:48.311] [NOTICE] [com.apple.runningboard/monitor] Received state update for 7855 (app<ssadtyer.top(23B79D2E-BA70-4420-B327-771D1787E68F)>, unknown-NotVisible
[2026-08-11 13:02:48.311] [INFO] [com.apple.runningboard/monitor] Update delivered for [app<ssadtyer.top(23B79D2E-BA70-4420-B327-771D1787E68F)>:7855] with taskState 0
[2026-08-11 13:02:48.311] [INFO] [com.apple.network/connection] nw_connection_create_with_id [C6] create connection to 127.0.0.1:62382
[2026-08-11 13:02:48.311] [NOTICE] [com.apple.CFNetwork/Default] Connection 6: starting, TC(0x0)
[2026-08-11 13:02:48.311] [NOTICE] [com.apple.network/connection] [C6 A7668A7D-B209-4657-9787-46039C0D0C3B 127.0.0.1:62382 tcp, url hash: 9f979fd0, definite, attribution: developer, context: com.apple.CFNetwork.NSURLSession.{D2D28DEA-298B-40DD-8393-B780ACD710F2}{(null)}{Y}{2}{0x0} (private), proc: 4E751277-8DF9-3937-8837-5559A42409CF] start
[2026-08-11 13:02:48.311] [INFO] [com.apple.network/connection] nw_endpoint_handler_start [C6 127.0.0.1:62382 initial parent-flow ((null))]
[2026-08-11 13:02:48.311] [NOTICE] [com.apple.network/connection] [C6 127.0.0.1:62382 initial parent-flow ((null))] event: path:start @0.000s
[2026-08-11 13:02:48.311] [INFO] [com.apple.network/] nw_path_necp_check_for_updates Trying to copy result again for 48 flows (max)
[2026-08-11 13:02:48.311] [ERROR] [com.apple.network/] nw_path_necp_check_for_updates Failed to copy updated result (22)
[2026-08-11 13:02:48.311] [NOTICE] [com.apple.network/connection] [C6 127.0.0.1:62382 waiting parent-flow (satisfied (Path is satisfied), viable, interface: lo0)] event: path:satisfied @0.000s, uuid: 3FD36AE6-84FD-4071-9700-29DAF0DF38FD
[2026-08-11 13:02:48.311] [INFO] [com.apple.network/connection] nw_connection_endpoint_report_on_nw_queue_block_invoke [C6 127.0.0.1:62382 waiting parent-flow (satisfied (Path is satisfied), viable, interface: lo0)] skipping state update
[2026-08-11 13:02:48.311] [INFO] [com.apple.network/connection] nw_endpoint_flow_setup_protocols [C6 127.0.0.1:62382 in_progress socket-flow (satisfied (Path is satisfied), viable, interface: lo0)] setup flow id 3C48677D-9263-40D2-A9B7-9212AA1B7FE1
[2026-08-11 13:02:48.311] [NOTICE] [com.apple.network/connection] [C6 127.0.0.1:62382 in_progress socket-flow (satisfied (Path is satisfied), viable, interface: lo0)] event: flow:start_connect @0.000s
[2026-08-11 13:02:48.311] [NOTICE] [com.apple.network/connection] nw_connection_report_state_with_handler_on_nw_queue [C6] reporting state preparing
[2026-08-11 13:02:48.311] [NOTICE] [com.apple.CFNetwork/Default] Task <C8754CBC-7594-41FE-A9D9-279E44EEBF19>.<6> setting up Connection 6
[2026-08-11 13:02:48.311] [NOTICE] [com.apple.network/connection] nw_socket_handle_socket_event [C6:2] Socket received CONNRESET event
[2026-08-11 13:02:48.311] [NOTICE] [com.apple.network/connection] nw_socket_handle_socket_event [C6:2] Socket received DISCONNECTED event
[2026-08-11 13:02:48.311] [ERROR] [com.apple.network/connection] nw_socket_handle_socket_event <private> Socket SO_ERROR [61: Connection refused]
[2026-08-11 13:02:48.311] [INFO] [com.apple.network/connection] nw_flow_error [C6 127.0.0.1:62382 in_progress socket-flow (satisfied (Path is satisfied), viable, interface: lo0)] Output protocol (socket) sent error: Connection refused
[2026-08-11 13:02:48.311] [ERROR] [com.apple.network/connection] nw_protocol_socket_set_no_wake_from_sleep <private> setsockopt SO_NOWAKEFROMSLEEP failed [22: Invalid argument]
[2026-08-11 13:02:48.311] [ERROR] [com.apple.network/] nw_protocol_socket_set_no_wake_from_sleep setsockopt SO_NOWAKEFROMSLEEP failed [22: Invalid argument]
[2026-08-11 13:02:48.311] [NOTICE] [com.apple.network/connection] nw_flow_disconnected [C6 127.0.0.1:62382 in_progress socket-flow (satisfied (Path is satisfied), viable, interface: lo0)] Output protocol disconnected
[2026-08-11 13:02:48.312] [ERROR] [com.apple.network/connection] nw_endpoint_flow_failed_with_error [C6 127.0.0.1:62382 in_progress socket-flow (satisfied (Path is satisfied), viable, interface: lo0)] already failing, returning
[2026-08-11 13:02:48.312] [NOTICE] [com.apple.network/connection] [C6 127.0.0.1:62382 failed socket-flow (satisfied (Path is satisfied), viable, interface: lo0)] event: flow:failed_connect @0.000s, error Connection refused
[2026-08-11 13:02:48.312] [INFO] [com.apple.network/connection] nw_connection_report_symptom_on_nw_queue [C6] reported Connection failed after setup symptom
[2026-08-11 13:02:48.312] [NOTICE] [com.apple.network/connection] nw_connection_report_state_with_handler_on_nw_queue [C6] reporting state failed error Connection refused
[2026-08-11 13:02:48.312] [ERROR] [com.apple.CFNetwork/Default] Connection 6: received failure notification
[2026-08-11 13:02:48.312] [ERROR] [com.apple.CFNetwork/Default] Connection 6: failed to connect 1:61, reason -1
[2026-08-11 13:02:48.312] [ERROR] [com.apple.CFNetwork/Default] Connection 6: encountered error(1:61)
[2026-08-11 13:02:48.312] [NOTICE] [com.apple.CFNetwork/Default] Connection 6: cleaning up
[2026-08-11 13:02:48.312] [NOTICE] [com.apple.CFNetwork/Summary] Connection 6: summary for unused connection {protocol="(null)", domain_lookup_duration_ms=0, connect_duration_ms=0, secure_connection_duration_ms=0, private_relay=false, idle_duration_ms=0}
[2026-08-11 13:02:48.312] [NOTICE] [com.apple.network/connection] [C6 A7668A7D-B209-4657-9787-46039C0D0C3B 127.0.0.1:62382 tcp, url hash: 9f979fd0, definite, attribution: developer] cancel
[2026-08-11 13:02:48.312] [INFO] [com.apple.network/connection] nw_connection_uses_multipath_block_invoke [C6]  has no connected handler
[2026-08-11 13:02:48.312] [ERROR] [com.apple.network/connection] nw_connection_copy_connected_local_endpoint_block_invoke [C6] Client called nw_connection_copy_connected_local_endpoint on unconnected nw_connection
[2026-08-11 13:02:48.312] [ERROR] [com.apple.network/connection] nw_connection_copy_connected_remote_endpoint_block_invoke [C6] Client called nw_connection_copy_connected_remote_endpoint on unconnected nw_connection
[2026-08-11 13:02:48.312] [NOTICE] [com.apple.network/connection] [C6 A7668A7D-B209-4657-9787-46039C0D0C3B 127.0.0.1:62382 tcp, url hash: 9f979fd0, definite, attribution: developer] cancelled
	[C6 3FD36AE6-84FD-4071-9700-29DAF0DF38FD <NULL><-><NULL>]
	Connected Path: (null)
	Privacy Stance: Not Eligible
	Duration: 0.000s, TCP @0.000s took 0.000s
[2026-08-11 13:02:48.312] [INFO] [com.apple.network/connection] nw_endpoint_handler_cancel [C6 127.0.0.1:62382 failed socket-flow (satisfied (Path is satisfied), viable, interface: lo0)]
[2026-08-11 13:02:48.312] [INFO] [com.apple.network/connection] nw_association_schedule_deactivation <nw_association 127.0.0.1:62382> will become dormant after 10000ms of inactivity
[2026-08-11 13:02:48.312] [NOTICE] [com.apple.network/connection] nw_connection_report_state_with_handler_on_nw_queue [C6] reporting state cancelled error Connection refused
[2026-08-11 13:02:48.312] [NOTICE] [com.apple.CFNetwork/Default] Task <C8754CBC-7594-41FE-A9D9-279E44EEBF19>.<6> can retry(N) with reason(2) for error [1:61]
[2026-08-11 13:02:48.312] [INFO] [com.apple.network/connection] [C6 127.0.0.1:62382 tcp, url hash: 9f979fd0, definite, attribution: developer] dealloc
[2026-08-11 13:02:48.312] [ERROR] [com.apple.CFNetwork/Default] Task <C8754CBC-7594-41FE-A9D9-279E44EEBF19>.<6> HTTP load failed, 0/0 bytes (error code: -1004 [1:61])
[2026-08-11 13:02:48.312] [NOTICE] [com.apple.CFNetwork/Summary] Task <C8754CBC-7594-41FE-A9D9-279E44EEBF19>.<6> summary for task failure {transaction_duration_ms=1, response_status=-1, connection=6, reused=1, reused_after_ms=0, request_start_ms=0, request_duration_ms=0, response_start_ms=0, response_duration_ms=0, request_bytes=0, request_throughput_kbps=0, response_bytes=0, response_throughput_kbps=0, cache_hit=false}
[2026-08-11 13:02:48.312] [ERROR] [com.apple.CFNetwork/Default] Task <C8754CBC-7594-41FE-A9D9-279E44EEBF19>.<6> finished with error [-1004] Error Domain=NSURLErrorDomain Code=-1004 UserInfo={NSErrorFailingURLStringKey=<private>, NSErrorFailingURLKey=<private>, _NSURLErrorRelatedURLSessionTaskErrorKey=<private>, _NSURLErrorFailingURLSessionTaskErrorKey=<private>, NSLocalizedDescription=<private>}
[2026-08-11 13:02:48.312] [ERROR] [com.tangzixiang.meow.app/meow-api] WS /logs reconnecting in 1s: Error Domain=NSURLErrorDomain Code=-1004 "无法连接服务器。" UserInfo={NSErrorFailingURLStringKey=http://127.0.0.1:62382/logs?level=debug, NSLocalizedDescription=无法连接服务器。, NSErrorFailingURLKey=http://127.0.0.1:62382/logs?level=debug}
[2026-08-11 13:02:48.314] [NOTICE] [com.apple.UIKit/AppLifecycle] sceneOfRecord: sceneID: sceneID:ssadtyer.top-default  persistentID: 31024865-9FD2-4799-A0E8-5DEFFC51D92C
[2026-08-11 13:02:48.314] [NOTICE] [com.apple.UIKit/Application] Deactivation reason added: 5; deactivation reasons: 6144 -> 6176; animating application lifecycle event: 1
[2026-08-11 13:02:48.314] [NOTICE] [com.apple.UIKit/Application] Ignoring already applied deactivation reason: 12; deactivation reasons: 6176
[2026-08-11 13:02:48.314] [NOTICE] [com.apple.UIKit/Application] Deactivation reason removed: 11; deactivation reasons: 6176 -> 4128; animating application lifecycle event: 1
[2026-08-11 13:02:48.315] [NOTICE] [com.apple.UIIntelligenceSupport/xpc] establishing connection to agent
[2026-08-11 13:02:48.315] [NOTICE] [com.apple.xpc/session] [0x111a9c0f0] Session created.
[2026-08-11 13:02:48.315] [NOTICE] [com.apple.xpc/session] [0x111a9c0f0] Session created from connection [0x12250cb00]
[2026-08-11 13:02:48.315] [NOTICE] [com.apple.xpc/connection] [0x12250cb00] activating connection: mach=true listener=false peer=false name=com.apple.uiintelligencesupport.agent
[2026-08-11 13:02:48.315] [NOTICE] [com.apple.xpc/session] [0x111a9c0f0] Session activated
[2026-08-11 13:02:48.315] [NOTICE] [com.apple.UIKit/EventDeferring] [0x108d988c0] [keyboardFocus] Recreation of event deferring records requested: removing recreation reason: detachedContext; for reason: _UIEventDeferringManager: 0x108d988c0: recreating keyboardFocus: context attached for window: 0x1053bfc10; contextID: 0xE343F99A
[2026-08-11 13:02:48.316] [NOTICE] [com.apple.runningboard/monitor] Received state update for 7855 (app<ssadtyer.top(23B79D2E-BA70-4420-B327-771D1787E68F)>, unknown-NotVisible
[2026-08-11 13:02:48.316] [INFO] [com.apple.runningboard/monitor] Update delivered for [app<ssadtyer.top(23B79D2E-BA70-4420-B327-771D1787E68F)>:7855] with taskState 0
[2026-08-11 13:02:48.383] [INFO] [com.apple.Accessibility/AXRuntimeNotifications] Attempting to send notification:  (1001) <private>
[2026-08-11 13:02:48.383] [NOTICE] [com.apple.UIKit/UpdateScheduler] Target list changed: <CADisplay:LCD primary>
[2026-08-11 13:02:48.383] [NOTICE] [com.apple.KeyboardArbiter/Client] startConnection
[2026-08-11 13:02:48.383] [NOTICE] [com.apple.xpc/connection] [0x111ab5b80] activating connection: mach=true listener=false peer=false name=com.apple.UIKit.KeyboardManagement.hosted
[2026-08-11 13:02:48.384] [INFO] [com.apple.Accessibility/AXRuntimeNotifications] Did post notification. notification:  (1001) error:0 data:<private>
[2026-08-11 13:02:48.385] [NOTICE] [com.apple.UIKit/AppLifecycle] sceneOfRecord: sceneID: sceneID:ssadtyer.top-default  persistentID: 31024865-9FD2-4799-A0E8-5DEFFC51D92C
[2026-08-11 13:02:48.385] [NOTICE] [com.apple.KeyboardArbiter/Client] handleKeyboardChange: set currentKeyboard:N (wasKeyboard:N)
[2026-08-11 13:02:48.385] [NOTICE] [com.apple.UIKit/KeyboardSceneDelegate] forceReloadInputViews
[2026-08-11 13:02:48.385] [NOTICE] [com.apple.UIKit/KeyboardSceneDelegate] Reloading input views for: <(null): 0x0; > force: 1
[2026-08-11 13:02:48.417] [NOTICE] [com.apple.runningboard/monitor] Received state update for 7855 (app<ssadtyer.top(23B79D2E-BA70-4420-B327-771D1787E68F)>, unknown-NotVisible
[2026-08-11 13:02:48.417] [INFO] [com.apple.runningboard/monitor] Update skipped for [app<ssadtyer.top(23B79D2E-BA70-4420-B327-771D1787E68F)>:7855]
[2026-08-11 13:02:48.616] [NOTICE] [com.apple.UIKit/InterfaceStyle] Not push traits update to screen for new style 1, <UIWindowScene: 0x1053c5310> (31024865-9FD2-4799-A0E8-5DEFFC51D92C)
[2026-08-11 13:02:48.618] [NOTICE] [com.apple.UIKit/AppLifecycle] sceneOfRecord: sceneID: sceneID:ssadtyer.top-default  persistentID: 31024865-9FD2-4799-A0E8-5DEFFC51D92C
[2026-08-11 13:02:48.618] [NOTICE] [com.apple.UIKit/Application] Deactivation reason removed: 12; deactivation reasons: 4128 -> 32; animating application lifecycle event: 1
[2026-08-11 13:02:48.618] [NOTICE] [com.apple.KeyboardArbiter/Client] Send setDeactivating: N (-DeactivationReason:SuspendedEventsOnly)
[2026-08-11 13:02:48.619] [NOTICE] [com.apple.UIKit/Application] Deactivation reason removed: 5; deactivation reasons: 32 -> 0; animating application lifecycle event: 0
[2026-08-11 13:02:48.960] [NOTICE] [com.apple.BackBoard/EventDelivery] policyStatus:<BKSHIDEventDeliveryPolicyObserver: 0x108d04c80; token: com.apple.frontboard.systemappservices/FBSceneManager:sceneID%3Assadtyer.top-default; status: ancestor> was:none
[2026-08-11 13:02:48.961] [NOTICE] [com.apple.BackBoard/EventDelivery] observerPolicyDidChange: 0x108d04c80 -> <_UIKeyWindowSceneObserver: 0x108d1a100>
[2026-08-11 13:02:48.961] [NOTICE] [com.apple.UIKit/KeyWindow] Scene target of keyboard event deferring environment did change: 1; scene: UIWindowScene: 0x1053c5310; scene identity: com.apple.frontboard.systemappservices/FBSceneManager:sceneID%3Assadtyer.top-default
[2026-08-11 13:02:48.961] [NOTICE] [com.apple.UIKit/EventDeferring] [0x108d988c0] Scene target of event deferring environments did update: scene: 0x1053c5310; current systemShellManagesKeyboardFocus: 1; systemShellManagesKeyboardFocusForScene: 1; eligibleForRecordRemoval: 1;
[2026-08-11 13:02:48.961] [NOTICE] [com.apple.UIKit/KeyWindow] Scene became target of keyboard event deferring environment: UIWindowScene: 0x1053c5310; scene identity: com.apple.frontboard.systemappservices/FBSceneManager:sceneID%3Assadtyer.top-default
[2026-08-11 13:02:48.970] [NOTICE] [com.apple.UIKit/AppLifecycle] sceneOfRecord: sceneID: sceneID:ssadtyer.top-default  persistentID: 31024865-9FD2-4799-A0E8-5DEFFC51D92C
[2026-08-11 13:02:48.972] [NOTICE] [com.apple.UIKit/AppLifecycle] sceneOfRecord: sceneID: sceneID:ssadtyer.top-default  persistentID: 31024865-9FD2-4799-A0E8-5DEFFC51D92C
[2026-08-11 13:02:48.972] [NOTICE] [com.apple.UIKit/InterfaceStyle] Not push traits update to screen for new style 1, <UIWindowScene: 0x1053c5310> (31024865-9FD2-4799-A0E8-5DEFFC51D92C)
[2026-08-11 13:02:49.207] [NOTICE] [com.apple.Accessibility/GAXCommon] got GAX status change notification. on: 0
[2026-08-11 13:02:49.350] [NOTICE] [com.apple.CFNetwork/Default] Task <5B5417D5-B722-4F84-AC9F-905B0D308ACC>.<7> resuming, timeouts(60.0, 604800.0) qos(0x19) voucher((null)) activity(00000000-0000-0000-0000-000000000000)
[2026-08-11 13:02:49.352] [INFO] [com.apple.network/connection] nw_connection_create_with_id [C7] create connection to 127.0.0.1:62382
[2026-08-11 13:02:49.352] [NOTICE] [com.apple.CFNetwork/Default] Connection 7: starting, TC(0x0)
[2026-08-11 13:02:49.352] [NOTICE] [com.apple.network/connection] [C7 C827D298-2456-456E-BFA8-B28ACC3EA2AF 127.0.0.1:62382 tcp, url hash: 9f979fd0, definite, attribution: developer, context: com.apple.CFNetwork.NSURLSession.{D2D28DEA-298B-40DD-8393-B780ACD710F2}{(null)}{Y}{2}{0x0} (private), proc: 4E751277-8DF9-3937-8837-5559A42409CF] start
[2026-08-11 13:02:49.352] [INFO] [com.apple.network/connection] nw_endpoint_handler_start [C7 127.0.0.1:62382 initial parent-flow ((null))]
[2026-08-11 13:02:49.352] [NOTICE] [com.apple.network/connection] [C7 127.0.0.1:62382 initial parent-flow ((null))] event: path:start @0.000s
[2026-08-11 13:02:49.352] [NOTICE] [com.apple.network/connection] [C7 127.0.0.1:62382 waiting parent-flow (satisfied (Path is satisfied), viable, interface: lo0)] event: path:satisfied @0.000s, uuid: 3FD36AE6-84FD-4071-9700-29DAF0DF38FD
[2026-08-11 13:02:49.352] [INFO] [com.apple.network/connection] nw_connection_endpoint_report_on_nw_queue_block_invoke [C7 127.0.0.1:62382 waiting parent-flow (satisfied (Path is satisfied), viable, interface: lo0)] skipping state update
[2026-08-11 13:02:49.352] [INFO] [com.apple.network/connection] nw_endpoint_flow_setup_protocols [C7 127.0.0.1:62382 in_progress socket-flow (satisfied (Path is satisfied), viable, interface: lo0)] setup flow id 499E6499-1529-45DC-A7BD-219745A63F5B
[2026-08-11 13:02:49.352] [NOTICE] [com.apple.network/connection] [C7 127.0.0.1:62382 in_progress socket-flow (satisfied (Path is satisfied), viable, interface: lo0)] event: flow:start_connect @0.000s
[2026-08-11 13:02:49.352] [NOTICE] [com.apple.network/connection] nw_connection_report_state_with_handler_on_nw_queue [C7] reporting state preparing
[2026-08-11 13:02:49.352] [NOTICE] [com.apple.CFNetwork/Default] Task <5B5417D5-B722-4F84-AC9F-905B0D308ACC>.<7> setting up Connection 7
[2026-08-11 13:02:49.353] [NOTICE] [com.apple.network/connection] nw_socket_handle_socket_event [C7:2] Socket received CONNRESET event
[2026-08-11 13:02:49.353] [NOTICE] [com.apple.network/connection] nw_socket_handle_socket_event [C7:2] Socket received DISCONNECTED event
[2026-08-11 13:02:49.353] [ERROR] [com.apple.network/connection] nw_socket_handle_socket_event <private> Socket SO_ERROR [61: Connection refused]
[2026-08-11 13:02:49.353] [INFO] [com.apple.network/connection] nw_flow_error [C7 127.0.0.1:62382 in_progress socket-flow (satisfied (Path is satisfied), viable, interface: lo0)] Output protocol (socket) sent error: Connection refused
[2026-08-11 13:02:49.353] [ERROR] [com.apple.network/connection] nw_protocol_socket_set_no_wake_from_sleep <private> setsockopt SO_NOWAKEFROMSLEEP failed [22: Invalid argument]
[2026-08-11 13:02:49.353] [ERROR] [com.apple.network/] nw_protocol_socket_set_no_wake_from_sleep setsockopt SO_NOWAKEFROMSLEEP failed [22: Invalid argument]
[2026-08-11 13:02:49.353] [NOTICE] [com.apple.network/connection] nw_flow_disconnected [C7 127.0.0.1:62382 in_progress socket-flow (satisfied (Path is satisfied), viable, interface: lo0)] Output protocol disconnected
[2026-08-11 13:02:49.353] [ERROR] [com.apple.network/connection] nw_endpoint_flow_failed_with_error [C7 127.0.0.1:62382 in_progress socket-flow (satisfied (Path is satisfied), viable, interface: lo0)] already failing, returning
[2026-08-11 13:02:49.353] [NOTICE] [com.apple.network/connection] [C7 127.0.0.1:62382 failed socket-flow (satisfied (Path is satisfied), viable, interface: lo0)] event: flow:failed_connect @0.001s, error Connection refused
[2026-08-11 13:02:49.353] [INFO] [com.apple.network/connection] nw_connection_report_symptom_on_nw_queue [C7] reported Connection failed after setup symptom
[2026-08-11 13:02:49.353] [NOTICE] [com.apple.network/connection] nw_connection_report_state_with_handler_on_nw_queue [C7] reporting state failed error Connection refused
[2026-08-11 13:02:49.353] [ERROR] [com.apple.CFNetwork/Default] Connection 7: received failure notification
[2026-08-11 13:02:49.353] [ERROR] [com.apple.CFNetwork/Default] Connection 7: failed to connect 1:61, reason -1
[2026-08-11 13:02:49.353] [ERROR] [com.apple.CFNetwork/Default] Connection 7: encountered error(1:61)
[2026-08-11 13:02:49.353] [NOTICE] [com.apple.CFNetwork/Default] Connection 7: cleaning up
[2026-08-11 13:02:49.353] [NOTICE] [com.apple.CFNetwork/Summary] Connection 7: summary for unused connection {protocol="(null)", domain_lookup_duration_ms=0, connect_duration_ms=0, secure_connection_duration_ms=0, private_relay=false, idle_duration_ms=0}
[2026-08-11 13:02:49.353] [NOTICE] [com.apple.network/connection] [C7 C827D298-2456-456E-BFA8-B28ACC3EA2AF 127.0.0.1:62382 tcp, url hash: 9f979fd0, definite, attribution: developer] cancel
[2026-08-11 13:02:49.353] [INFO] [com.apple.network/connection] nw_connection_uses_multipath_block_invoke [C7]  has no connected handler
[2026-08-11 13:02:49.353] [ERROR] [com.apple.network/connection] nw_connection_copy_connected_local_endpoint_block_invoke [C7] Client called nw_connection_copy_connected_local_endpoint on unconnected nw_connection
[2026-08-11 13:02:49.353] [ERROR] [com.apple.network/connection] nw_connection_copy_connected_remote_endpoint_block_invoke [C7] Client called nw_connection_copy_connected_remote_endpoint on unconnected nw_connection
[2026-08-11 13:02:49.353] [NOTICE] [com.apple.network/connection] [C7 C827D298-2456-456E-BFA8-B28ACC3EA2AF 127.0.0.1:62382 tcp, url hash: 9f979fd0, definite, attribution: developer] cancelled
	[C7 3FD36AE6-84FD-4071-9700-29DAF0DF38FD <NULL><-><NULL>]
	Connected Path: (null)
	Privacy Stance: Not Eligible
	Duration: 0.001s, TCP @0.000s took 0.000s
[2026-08-11 13:02:49.353] [INFO] [com.apple.network/connection] nw_endpoint_handler_cancel [C7 127.0.0.1:62382 failed socket-flow (satisfied (Path is satisfied), viable, interface: lo0)]
[2026-08-11 13:02:49.353] [INFO] [com.apple.network/connection] nw_association_schedule_deactivation <nw_association 127.0.0.1:62382> will become dormant after 10000ms of inactivity
[2026-08-11 13:02:49.353] [NOTICE] [com.apple.network/connection] nw_connection_report_state_with_handler_on_nw_queue [C7] reporting state cancelled error Connection refused
[2026-08-11 13:02:49.353] [NOTICE] [com.apple.CFNetwork/Default] Task <5B5417D5-B722-4F84-AC9F-905B0D308ACC>.<7> can retry(N) with reason(2) for error [1:61]
[2026-08-11 13:02:49.353] [INFO] [com.apple.network/connection] [C7 127.0.0.1:62382 tcp, url hash: 9f979fd0, definite, attribution: developer] dealloc
[2026-08-11 13:02:49.354] [ERROR] [com.apple.CFNetwork/Default] Task <5B5417D5-B722-4F84-AC9F-905B0D308ACC>.<7> HTTP load failed, 0/0 bytes (error code: -1004 [1:61])
[2026-08-11 13:02:49.354] [NOTICE] [com.apple.CFNetwork/Summary] Task <5B5417D5-B722-4F84-AC9F-905B0D308ACC>.<7> summary for task failure {transaction_duration_ms=3, response_status=-1, connection=7, reused=1, reused_after_ms=0, request_start_ms=0, request_duration_ms=0, response_start_ms=0, response_duration_ms=0, request_bytes=0, request_throughput_kbps=0, response_bytes=0, response_throughput_kbps=0, cache_hit=false}
[2026-08-11 13:02:49.354] [ERROR] [com.apple.CFNetwork/Default] Task <5B5417D5-B722-4F84-AC9F-905B0D308ACC>.<7> finished with error [-1004] Error Domain=NSURLErrorDomain Code=-1004 UserInfo={NSErrorFailingURLStringKey=<private>, NSErrorFailingURLKey=<private>, _NSURLErrorRelatedURLSessionTaskErrorKey=<private>, _NSURLErrorFailingURLSessionTaskErrorKey=<private>, NSLocalizedDescription=<private>}
[2026-08-11 13:02:49.354] [ERROR] [com.tangzixiang.meow.app/meow-api] WS /logs reconnecting in 1s: Error Domain=NSURLErrorDomain Code=-1004 "无法连接服务器。" UserInfo={NSErrorFailingURLStringKey=http://127.0.0.1:62382/logs?level=debug, NSLocalizedDescription=无法连接服务器。, NSErrorFailingURLKey=http://127.0.0.1:62382/logs?level=debug}
[2026-08-11 13:02:50.401] [NOTICE] [com.apple.CFNetwork/Default] Task <DEC46C24-11EB-4DD6-B390-3D5EC1F84E2F>.<8> resuming, timeouts(60.0, 604800.0) qos(0x19) voucher((null)) activity(00000000-0000-0000-0000-000000000000)
[2026-08-11 13:02:50.403] [INFO] [com.apple.network/connection] nw_connection_create_with_id [C8] create connection to 127.0.0.1:62382
[2026-08-11 13:02:50.403] [NOTICE] [com.apple.CFNetwork/Default] Connection 8: starting, TC(0x0)
[2026-08-11 13:02:50.403] [NOTICE] [com.apple.network/connection] [C8 14A75D0B-B85B-4AE9-9B9B-6477CA6334C4 127.0.0.1:62382 tcp, url hash: 9f979fd0, definite, attribution: developer, context: com.apple.CFNetwork.NSURLSession.{D2D28DEA-298B-40DD-8393-B780ACD710F2}{(null)}{Y}{2}{0x0} (private), proc: 4E751277-8DF9-3937-8837-5559A42409CF] start
[2026-08-11 13:02:50.403] [INFO] [com.apple.network/connection] nw_endpoint_handler_start [C8 127.0.0.1:62382 initial parent-flow ((null))]
[2026-08-11 13:02:50.403] [NOTICE] [com.apple.network/connection] [C8 127.0.0.1:62382 initial parent-flow ((null))] event: path:start @0.000s
[2026-08-11 13:02:50.403] [NOTICE] [com.apple.network/connection] [C8 127.0.0.1:62382 waiting parent-flow (satisfied (Path is satisfied), viable, interface: lo0)] event: path:satisfied @0.000s, uuid: 3FD36AE6-84FD-4071-9700-29DAF0DF38FD
[2026-08-11 13:02:50.403] [INFO] [com.apple.network/connection] nw_connection_endpoint_report_on_nw_queue_block_invoke [C8 127.0.0.1:62382 waiting parent-flow (satisfied (Path is satisfied), viable, interface: lo0)] skipping state update
[2026-08-11 13:02:50.404] [INFO] [com.apple.network/connection] nw_endpoint_flow_setup_protocols [C8 127.0.0.1:62382 in_progress socket-flow (satisfied (Path is satisfied), viable, interface: lo0)] setup flow id 84B08BF3-984C-4F66-A9B5-7271826AEED7
[2026-08-11 13:02:50.404] [NOTICE] [com.apple.network/connection] [C8 127.0.0.1:62382 in_progress socket-flow (satisfied (Path is satisfied), viable, interface: lo0)] event: flow:start_connect @0.000s
[2026-08-11 13:02:50.404] [NOTICE] [com.apple.network/connection] nw_connection_report_state_with_handler_on_nw_queue [C8] reporting state preparing
[2026-08-11 13:02:50.404] [NOTICE] [com.apple.CFNetwork/Default] Task <DEC46C24-11EB-4DD6-B390-3D5EC1F84E2F>.<8> setting up Connection 8
[2026-08-11 13:02:50.404] [NOTICE] [com.apple.network/connection] nw_socket_handle_socket_event [C8:2] Socket received CONNRESET event
[2026-08-11 13:02:50.404] [NOTICE] [com.apple.network/connection] nw_socket_handle_socket_event [C8:2] Socket received DISCONNECTED event
[2026-08-11 13:02:50.404] [ERROR] [com.apple.network/connection] nw_socket_handle_socket_event <private> Socket SO_ERROR [61: Connection refused]
[2026-08-11 13:02:50.405] [INFO] [com.apple.network/connection] nw_flow_error [C8 127.0.0.1:62382 in_progress socket-flow (satisfied (Path is satisfied), viable, interface: lo0)] Output protocol (socket) sent error: Connection refused
[2026-08-11 13:02:50.405] [ERROR] [com.apple.network/connection] nw_protocol_socket_set_no_wake_from_sleep <private> setsockopt SO_NOWAKEFROMSLEEP failed [22: Invalid argument]
[2026-08-11 13:02:50.405] [ERROR] [com.apple.network/] nw_protocol_socket_set_no_wake_from_sleep setsockopt SO_NOWAKEFROMSLEEP failed [22: Invalid argument]
[2026-08-11 13:02:50.405] [NOTICE] [com.apple.network/connection] nw_flow_disconnected [C8 127.0.0.1:62382 in_progress socket-flow (satisfied (Path is satisfied), viable, interface: lo0)] Output protocol disconnected
[2026-08-11 13:02:50.405] [ERROR] [com.apple.network/connection] nw_endpoint_flow_failed_with_error [C8 127.0.0.1:62382 in_progress socket-flow (satisfied (Path is satisfied), viable, interface: lo0)] already failing, returning
[2026-08-11 13:02:50.405] [NOTICE] [com.apple.network/connection] [C8 127.0.0.1:62382 failed socket-flow (satisfied (Path is satisfied), viable, interface: lo0)] event: flow:failed_connect @0.001s, error Connection refused
[2026-08-11 13:02:50.405] [INFO] [com.apple.network/connection] nw_connection_report_symptom_on_nw_queue [C8] reported Connection failed after setup symptom
[2026-08-11 13:02:50.405] [NOTICE] [com.apple.network/connection] nw_connection_report_state_with_handler_on_nw_queue [C8] reporting state failed error Connection refused
[2026-08-11 13:02:50.405] [ERROR] [com.apple.CFNetwork/Default] Connection 8: received failure notification
[2026-08-11 13:02:50.405] [ERROR] [com.apple.CFNetwork/Default] Connection 8: failed to connect 1:61, reason -1
[2026-08-11 13:02:50.405] [ERROR] [com.apple.CFNetwork/Default] Connection 8: encountered error(1:61)
[2026-08-11 13:02:50.405] [NOTICE] [com.apple.CFNetwork/Default] Connection 8: cleaning up
[2026-08-11 13:02:50.405] [NOTICE] [com.apple.CFNetwork/Summary] Connection 8: summary for unused connection {protocol="(null)", domain_lookup_duration_ms=0, connect_duration_ms=0, secure_connection_duration_ms=0, private_relay=false, idle_duration_ms=0}
[2026-08-11 13:02:50.405] [NOTICE] [com.apple.network/connection] [C8 14A75D0B-B85B-4AE9-9B9B-6477CA6334C4 127.0.0.1:62382 tcp, url hash: 9f979fd0, definite, attribution: developer] cancel
[2026-08-11 13:02:50.405] [INFO] [com.apple.network/connection] nw_connection_uses_multipath_block_invoke [C8]  has no connected handler
[2026-08-11 13:02:50.405] [ERROR] [com.apple.network/connection] nw_connection_copy_connected_local_endpoint_block_invoke [C8] Client called nw_connection_copy_connected_local_endpoint on unconnected nw_connection
[2026-08-11 13:02:50.405] [ERROR] [com.apple.network/connection] nw_connection_copy_connected_remote_endpoint_block_invoke [C8] Client called nw_connection_copy_connected_remote_endpoint on unconnected nw_connection
[2026-08-11 13:02:50.405] [NOTICE] [com.apple.network/connection] [C8 14A75D0B-B85B-4AE9-9B9B-6477CA6334C4 127.0.0.1:62382 tcp, url hash: 9f979fd0, definite, attribution: developer] cancelled
	[C8 3FD36AE6-84FD-4071-9700-29DAF0DF38FD <NULL><-><NULL>]
	Connected Path: (null)
	Privacy Stance: Not Eligible
	Duration: 0.001s, TCP @0.000s took 0.000s
[2026-08-11 13:02:50.405] [INFO] [com.apple.network/connection] nw_endpoint_handler_cancel [C8 127.0.0.1:62382 failed socket-flow (satisfied (Path is satisfied), viable, interface: lo0)]
[2026-08-11 13:02:50.405] [INFO] [com.apple.network/connection] nw_association_schedule_deactivation <nw_association 127.0.0.1:62382> will become dormant after 10000ms of inactivity
[2026-08-11 13:02:50.405] [NOTICE] [com.apple.network/connection] nw_connection_report_state_with_handler_on_nw_queue [C8] reporting state cancelled error Connection refused
[2026-08-11 13:02:50.405] [NOTICE] [com.apple.CFNetwork/Default] Task <DEC46C24-11EB-4DD6-B390-3D5EC1F84E2F>.<8> can retry(N) with reason(2) for error [1:61]
[2026-08-11 13:02:50.405] [INFO] [com.apple.network/connection] [C8 127.0.0.1:62382 tcp, url hash: 9f979fd0, definite, attribution: developer] dealloc
[2026-08-11 13:02:50.405] [ERROR] [com.apple.CFNetwork/Default] Task <DEC46C24-11EB-4DD6-B390-3D5EC1F84E2F>.<8> HTTP load failed, 0/0 bytes (error code: -1004 [1:61])
[2026-08-11 13:02:50.406] [NOTICE] [com.apple.CFNetwork/Summary] Task <DEC46C24-11EB-4DD6-B390-3D5EC1F84E2F>.<8> summary for task failure {transaction_duration_ms=3, response_status=-1, connection=8, reused=1, reused_after_ms=0, request_start_ms=0, request_duration_ms=0, response_start_ms=0, response_duration_ms=0, request_bytes=0, request_throughput_kbps=0, response_bytes=0, response_throughput_kbps=0, cache_hit=false}
[2026-08-11 13:02:50.406] [ERROR] [com.apple.CFNetwork/Default] Task <DEC46C24-11EB-4DD6-B390-3D5EC1F84E2F>.<8> finished with error [-1004] Error Domain=NSURLErrorDomain Code=-1004 UserInfo={NSErrorFailingURLStringKey=<private>, NSErrorFailingURLKey=<private>, _NSURLErrorRelatedURLSessionTaskErrorKey=<private>, _NSURLErrorFailingURLSessionTaskErrorKey=<private>, NSLocalizedDescription=<private>}
[2026-08-11 13:02:50.406] [ERROR] [com.tangzixiang.meow.app/meow-api] WS /logs reconnecting in 1s: Error Domain=NSURLErrorDomain Code=-1004 "无法连接服务器。" UserInfo={NSErrorFailingURLStringKey=http://127.0.0.1:62382/logs?level=debug, NSLocalizedDescription=无法连接服务器。, NSErrorFailingURLKey=http://127.0.0.1:62382/logs?level=debug}
[2026-08-11 13:02:51.423] [NOTICE] [com.apple.CFNetwork/Default] Task <31C077EC-BAAF-4135-9C02-B7243F0A651A>.<9> resuming, timeouts(60.0, 604800.0) qos(0x19) voucher((null)) activity(00000000-0000-0000-0000-000000000000)
[2026-08-11 13:02:51.425] [INFO] [com.apple.network/connection] nw_connection_create_with_id [C9] create connection to 127.0.0.1:62382
[2026-08-11 13:02:51.425] [NOTICE] [com.apple.CFNetwork/Default] Connection 9: starting, TC(0x0)
[2026-08-11 13:02:51.425] [NOTICE] [com.apple.network/connection] [C9 D23CFA00-A4C2-4C5E-8EC0-6D2F4DC47496 127.0.0.1:62382 tcp, url hash: 9f979fd0, definite, attribution: developer, context: com.apple.CFNetwork.NSURLSession.{D2D28DEA-298B-40DD-8393-B780ACD710F2}{(null)}{Y}{2}{0x0} (private), proc: 4E751277-8DF9-3937-8837-5559A42409CF] start
[2026-08-11 13:02:51.425] [INFO] [com.apple.network/connection] nw_endpoint_handler_start [C9 127.0.0.1:62382 initial parent-flow ((null))]
[2026-08-11 13:02:51.425] [NOTICE] [com.apple.network/connection] [C9 127.0.0.1:62382 initial parent-flow ((null))] event: path:start @0.000s
[2026-08-11 13:02:51.425] [INFO] [com.apple.network/] nw_path_necp_check_for_updates Trying to copy result again for 48 flows (max)
[2026-08-11 13:02:51.425] [ERROR] [com.apple.network/] nw_path_necp_check_for_updates Failed to copy updated result (22)
[2026-08-11 13:02:51.425] [NOTICE] [com.apple.network/connection] [C9 127.0.0.1:62382 waiting parent-flow (satisfied (Path is satisfied), viable, interface: lo0)] event: path:satisfied @0.000s, uuid: 3FD36AE6-84FD-4071-9700-29DAF0DF38FD
[2026-08-11 13:02:51.425] [INFO] [com.apple.network/connection] nw_connection_endpoint_report_on_nw_queue_block_invoke [C9 127.0.0.1:62382 waiting parent-flow (satisfied (Path is satisfied), viable, interface: lo0)] skipping state update
[2026-08-11 13:02:51.426] [INFO] [com.apple.network/connection] nw_endpoint_flow_setup_protocols [C9 127.0.0.1:62382 in_progress socket-flow (satisfied (Path is satisfied), viable, interface: lo0)] setup flow id 3D6B6547-3E97-4493-96EB-BB68AA484AB0
[2026-08-11 13:02:51.426] [NOTICE] [com.apple.network/connection] [C9 127.0.0.1:62382 in_progress socket-flow (satisfied (Path is satisfied), viable, interface: lo0)] event: flow:start_connect @0.000s
[2026-08-11 13:02:51.426] [NOTICE] [com.apple.network/connection] nw_connection_report_state_with_handler_on_nw_queue [C9] reporting state preparing
[2026-08-11 13:02:51.426] [NOTICE] [com.apple.CFNetwork/Default] Task <31C077EC-BAAF-4135-9C02-B7243F0A651A>.<9> setting up Connection 9
[2026-08-11 13:02:51.426] [NOTICE] [com.apple.network/connection] nw_socket_handle_socket_event [C9:2] Socket received CONNRESET event
[2026-08-11 13:02:51.426] [NOTICE] [com.apple.network/connection] nw_socket_handle_socket_event [C9:2] Socket received DISCONNECTED event
[2026-08-11 13:02:51.426] [ERROR] [com.apple.network/connection] nw_socket_handle_socket_event <private> Socket SO_ERROR [61: Connection refused]
[2026-08-11 13:02:51.426] [INFO] [com.apple.network/connection] nw_flow_error [C9 127.0.0.1:62382 in_progress socket-flow (satisfied (Path is satisfied), viable, interface: lo0)] Output protocol (socket) sent error: Connection refused
[2026-08-11 13:02:51.426] [ERROR] [com.apple.network/connection] nw_protocol_socket_set_no_wake_from_sleep <private> setsockopt SO_NOWAKEFROMSLEEP failed [22: Invalid argument]
[2026-08-11 13:02:51.426] [ERROR] [com.apple.network/] nw_protocol_socket_set_no_wake_from_sleep setsockopt SO_NOWAKEFROMSLEEP failed [22: Invalid argument]
[2026-08-11 13:02:51.426] [NOTICE] [com.apple.network/connection] nw_flow_disconnected [C9 127.0.0.1:62382 in_progress socket-flow (satisfied (Path is satisfied), viable, interface: lo0)] Output protocol disconnected
[2026-08-11 13:02:51.427] [ERROR] [com.apple.network/connection] nw_endpoint_flow_failed_with_error [C9 127.0.0.1:62382 in_progress socket-flow (satisfied (Path is satisfied), viable, interface: lo0)] already failing, returning
[2026-08-11 13:02:51.427] [NOTICE] [com.apple.network/connection] [C9 127.0.0.1:62382 failed socket-flow (satisfied (Path is satisfied), viable, interface: lo0)] event: flow:failed_connect @0.001s, error Connection refused
[2026-08-11 13:02:51.427] [INFO] [com.apple.network/connection] nw_connection_report_symptom_on_nw_queue [C9] reported Connection failed after setup symptom
[2026-08-11 13:02:51.427] [NOTICE] [com.apple.network/connection] nw_connection_report_state_with_handler_on_nw_queue [C9] reporting state failed error Connection refused
[2026-08-11 13:02:51.427] [ERROR] [com.apple.CFNetwork/Default] Connection 9: received failure notification
[2026-08-11 13:02:51.427] [ERROR] [com.apple.CFNetwork/Default] Connection 9: failed to connect 1:61, reason -1
[2026-08-11 13:02:51.427] [ERROR] [com.apple.CFNetwork/Default] Connection 9: encountered error(1:61)
[2026-08-11 13:02:51.427] [NOTICE] [com.apple.CFNetwork/Default] Connection 9: cleaning up
[2026-08-11 13:02:51.427] [NOTICE] [com.apple.CFNetwork/Summary] Connection 9: summary for unused connection {protocol="(null)", domain_lookup_duration_ms=0, connect_duration_ms=0, secure_connection_duration_ms=0, private_relay=false, idle_duration_ms=0}
[2026-08-11 13:02:51.427] [NOTICE] [com.apple.network/connection] [C9 D23CFA00-A4C2-4C5E-8EC0-6D2F4DC47496 127.0.0.1:62382 tcp, url hash: 9f979fd0, definite, attribution: developer] cancel
[2026-08-11 13:02:51.427] [INFO] [com.apple.network/connection] nw_connection_uses_multipath_block_invoke [C9]  has no connected handler
[2026-08-11 13:02:51.427] [ERROR] [com.apple.network/connection] nw_connection_copy_connected_local_endpoint_block_invoke [C9] Client called nw_connection_copy_connected_local_endpoint on unconnected nw_connection
[2026-08-11 13:02:51.427] [ERROR] [com.apple.network/connection] nw_connection_copy_connected_remote_endpoint_block_invoke [C9] Client called nw_connection_copy_connected_remote_endpoint on unconnected nw_connection
[2026-08-11 13:02:51.427] [NOTICE] [com.apple.network/connection] [C9 D23CFA00-A4C2-4C5E-8EC0-6D2F4DC47496 127.0.0.1:62382 tcp, url hash: 9f979fd0, definite, attribution: developer] cancelled
	[C9 3FD36AE6-84FD-4071-9700-29DAF0DF38FD <NULL><-><NULL>]
	Connected Path: (null)
	Privacy Stance: Not Eligible
	Duration: 0.001s, TCP @0.000s took 0.000s
[2026-08-11 13:02:51.427] [INFO] [com.apple.network/connection] nw_endpoint_handler_cancel [C9 127.0.0.1:62382 failed socket-flow (satisfied (Path is satisfied), viable, interface: lo0)]
[2026-08-11 13:02:51.427] [INFO] [com.apple.network/connection] nw_association_schedule_deactivation <nw_association 127.0.0.1:62382> will become dormant after 10000ms of inactivity
[2026-08-11 13:02:51.427] [NOTICE] [com.apple.network/connection] nw_connection_report_state_with_handler_on_nw_queue [C9] reporting state cancelled error Connection refused
[2026-08-11 13:02:51.427] [NOTICE] [com.apple.CFNetwork/Default] Task <31C077EC-BAAF-4135-9C02-B7243F0A651A>.<9> can retry(N) with reason(2) for error [1:61]
[2026-08-11 13:02:51.427] [INFO] [com.apple.network/connection] [C9 127.0.0.1:62382 tcp, url hash: 9f979fd0, definite, attribution: developer] dealloc
[2026-08-11 13:02:51.427] [ERROR] [com.apple.CFNetwork/Default] Task <31C077EC-BAAF-4135-9C02-B7243F0A651A>.<9> HTTP load failed, 0/0 bytes (error code: -1004 [1:61])
[2026-08-11 13:02:51.427] [NOTICE] [com.apple.CFNetwork/Summary] Task <31C077EC-BAAF-4135-9C02-B7243F0A651A>.<9> summary for task failure {transaction_duration_ms=3, response_status=-1, connection=9, reused=1, reused_after_ms=0, request_start_ms=0, request_duration_ms=0, response_start_ms=0, response_duration_ms=0, request_bytes=0, request_throughput_kbps=0, response_bytes=0, response_throughput_kbps=0, cache_hit=false}
[2026-08-11 13:02:51.428] [ERROR] [com.apple.CFNetwork/Default] Task <31C077EC-BAAF-4135-9C02-B7243F0A651A>.<9> finished with error [-1004] Error Domain=NSURLErrorDomain Code=-1004 UserInfo={NSErrorFailingURLStringKey=<private>, NSErrorFailingURLKey=<private>, _NSURLErrorRelatedURLSessionTaskErrorKey=<private>, _NSURLErrorFailingURLSessionTaskErrorKey=<private>, NSLocalizedDescription=<private>}
[2026-08-11 13:02:51.428] [ERROR] [com.tangzixiang.meow.app/meow-api] WS /logs reconnecting in 1s: Error Domain=NSURLErrorDomain Code=-1004 "无法连接服务器。" UserInfo={NSErrorFailingURLStringKey=http://127.0.0.1:62382/logs?level=debug, NSLocalizedDescription=无法连接服务器。, NSErrorFailingURLKey=http://127.0.0.1:62382/logs?level=debug}
[2026-08-11 13:02:52.472] [NOTICE] [com.apple.CFNetwork/Default] Task <0C3EBC1A-D7AB-42C6-95F9-E8C920653894>.<10> resuming, timeouts(60.0, 604800.0) qos(0x19) voucher((null)) activity(00000000-0000-0000-0000-000000000000)
[2026-08-11 13:02:52.474] [INFO] [com.apple.network/connection] nw_connection_create_with_id [C10] create connection to 127.0.0.1:62382
[2026-08-11 13:02:52.474] [NOTICE] [com.apple.CFNetwork/Default] Connection 10: starting, TC(0x0)
[2026-08-11 13:02:52.475] [NOTICE] [com.apple.network/connection] [C10 B8096376-AA57-4DD9-8AC1-DB3B038C280A 127.0.0.1:62382 tcp, url hash: 9f979fd0, definite, attribution: developer, context: com.apple.CFNetwork.NSURLSession.{D2D28DEA-298B-40DD-8393-B780ACD710F2}{(null)}{Y}{2}{0x0} (private), proc: 4E751277-8DF9-3937-8837-5559A42409CF] start
[2026-08-11 13:02:52.475] [INFO] [com.apple.network/connection] nw_endpoint_handler_start [C10 127.0.0.1:62382 initial parent-flow ((null))]
[2026-08-11 13:02:52.475] [NOTICE] [com.apple.network/connection] [C10 127.0.0.1:62382 initial parent-flow ((null))] event: path:start @0.000s
[2026-08-11 13:02:52.475] [NOTICE] [com.apple.network/connection] [C10 127.0.0.1:62382 waiting parent-flow (satisfied (Path is satisfied), viable, interface: lo0)] event: path:satisfied @0.000s, uuid: 3FD36AE6-84FD-4071-9700-29DAF0DF38FD
[2026-08-11 13:02:52.475] [INFO] [com.apple.network/connection] nw_connection_endpoint_report_on_nw_queue_block_invoke [C10 127.0.0.1:62382 waiting parent-flow (satisfied (Path is satisfied), viable, interface: lo0)] skipping state update
[2026-08-11 13:02:52.475] [INFO] [com.apple.network/connection] nw_endpoint_flow_setup_protocols [C10 127.0.0.1:62382 in_progress socket-flow (satisfied (Path is satisfied), viable, interface: lo0)] setup flow id 10338582-AAB4-4FBB-9EF7-D8C9A1809569
[2026-08-11 13:02:52.475] [NOTICE] [com.apple.network/connection] [C10 127.0.0.1:62382 in_progress socket-flow (satisfied (Path is satisfied), viable, interface: lo0)] event: flow:start_connect @0.000s
[2026-08-11 13:02:52.475] [NOTICE] [com.apple.network/connection] nw_connection_report_state_with_handler_on_nw_queue [C10] reporting state preparing
[2026-08-11 13:02:52.476] [NOTICE] [com.apple.CFNetwork/Default] Task <0C3EBC1A-D7AB-42C6-95F9-E8C920653894>.<10> setting up Connection 10
[2026-08-11 13:02:52.476] [NOTICE] [com.apple.network/connection] nw_socket_handle_socket_event [C10:2] Socket received CONNRESET event
[2026-08-11 13:02:52.476] [NOTICE] [com.apple.network/connection] nw_socket_handle_socket_event [C10:2] Socket received DISCONNECTED event
[2026-08-11 13:02:52.476] [ERROR] [com.apple.network/connection] nw_socket_handle_socket_event <private> Socket SO_ERROR [61: Connection refused]
[2026-08-11 13:02:52.476] [INFO] [com.apple.network/connection] nw_flow_error [C10 127.0.0.1:62382 in_progress socket-flow (satisfied (Path is satisfied), viable, interface: lo0)] Output protocol (socket) sent error: Connection refused
[2026-08-11 13:02:52.476] [ERROR] [com.apple.network/connection] nw_protocol_socket_set_no_wake_from_sleep <private> setsockopt SO_NOWAKEFROMSLEEP failed [22: Invalid argument]
[2026-08-11 13:02:52.476] [ERROR] [com.apple.network/] nw_protocol_socket_set_no_wake_from_sleep setsockopt SO_NOWAKEFROMSLEEP failed [22: Invalid argument]
[2026-08-11 13:02:52.476] [NOTICE] [com.apple.network/connection] nw_flow_disconnected [C10 127.0.0.1:62382 in_progress socket-flow (satisfied (Path is satisfied), viable, interface: lo0)] Output protocol disconnected
[2026-08-11 13:02:52.476] [ERROR] [com.apple.network/connection] nw_endpoint_flow_failed_with_error [C10 127.0.0.1:62382 in_progress socket-flow (satisfied (Path is satisfied), viable, interface: lo0)] already failing, returning
[2026-08-11 13:02:52.476] [NOTICE] [com.apple.network/connection] [C10 127.0.0.1:62382 failed socket-flow (satisfied (Path is satisfied), viable, interface: lo0)] event: flow:failed_connect @0.001s, error Connection refused
[2026-08-11 13:02:52.476] [INFO] [com.apple.network/connection] nw_connection_report_symptom_on_nw_queue [C10] reported Connection failed after setup symptom
[2026-08-11 13:02:52.476] [NOTICE] [com.apple.network/connection] nw_connection_report_state_with_handler_on_nw_queue [C10] reporting state failed error Connection refused
[2026-08-11 13:02:52.476] [ERROR] [com.apple.CFNetwork/Default] Connection 10: received failure notification
[2026-08-11 13:02:52.476] [ERROR] [com.apple.CFNetwork/Default] Connection 10: failed to connect 1:61, reason -1
[2026-08-11 13:02:52.476] [ERROR] [com.apple.CFNetwork/Default] Connection 10: encountered error(1:61)
[2026-08-11 13:02:52.476] [NOTICE] [com.apple.CFNetwork/Default] Connection 10: cleaning up
[2026-08-11 13:02:52.476] [NOTICE] [com.apple.CFNetwork/Summary] Connection 10: summary for unused connection {protocol="(null)", domain_lookup_duration_ms=0, connect_duration_ms=0, secure_connection_duration_ms=0, private_relay=false, idle_duration_ms=0}
[2026-08-11 13:02:52.476] [NOTICE] [com.apple.network/connection] [C10 B8096376-AA57-4DD9-8AC1-DB3B038C280A 127.0.0.1:62382 tcp, url hash: 9f979fd0, definite, attribution: developer] cancel
[2026-08-11 13:02:52.476] [INFO] [com.apple.network/connection] nw_connection_uses_multipath_block_invoke [C10]  has no connected handler
[2026-08-11 13:02:52.476] [ERROR] [com.apple.network/connection] nw_connection_copy_connected_local_endpoint_block_invoke [C10] Client called nw_connection_copy_connected_local_endpoint on unconnected nw_connection
[2026-08-11 13:02:52.476] [ERROR] [com.apple.network/connection] nw_connection_copy_connected_remote_endpoint_block_invoke [C10] Client called nw_connection_copy_connected_remote_endpoint on unconnected nw_connection
[2026-08-11 13:02:52.476] [NOTICE] [com.apple.network/connection] [C10 B8096376-AA57-4DD9-8AC1-DB3B038C280A 127.0.0.1:62382 tcp, url hash: 9f979fd0, definite, attribution: developer] cancelled
	[C10 3FD36AE6-84FD-4071-9700-29DAF0DF38FD <NULL><-><NULL>]
	Connected Path: (null)
	Privacy Stance: Not Eligible
	Duration: 0.001s, TCP @0.000s took 0.000s
[2026-08-11 13:02:52.476] [INFO] [com.apple.network/connection] nw_endpoint_handler_cancel [C10 127.0.0.1:62382 failed socket-flow (satisfied (Path is satisfied), viable, interface: lo0)]
[2026-08-11 13:02:52.476] [INFO] [com.apple.network/connection] nw_association_schedule_deactivation <nw_association 127.0.0.1:62382> will become dormant after 10000ms of inactivity
[2026-08-11 13:02:52.476] [NOTICE] [com.apple.network/connection] nw_connection_report_state_with_handler_on_nw_queue [C10] reporting state cancelled error Connection refused
[2026-08-11 13:02:52.476] [NOTICE] [com.apple.CFNetwork/Default] Task <0C3EBC1A-D7AB-42C6-95F9-E8C920653894>.<10> can retry(N) with reason(2) for error [1:61]
[2026-08-11 13:02:52.477] [INFO] [com.apple.network/connection] [C10 127.0.0.1:62382 tcp, url hash: 9f979fd0, definite, attribution: developer] dealloc
[2026-08-11 13:02:52.477] [ERROR] [com.apple.CFNetwork/Default] Task <0C3EBC1A-D7AB-42C6-95F9-E8C920653894>.<10> HTTP load failed, 0/0 bytes (error code: -1004 [1:61])
[2026-08-11 13:02:52.477] [NOTICE] [com.apple.CFNetwork/Summary] Task <0C3EBC1A-D7AB-42C6-95F9-E8C920653894>.<10> summary for task failure {transaction_duration_ms=3, response_status=-1, connection=10, reused=1, reused_after_ms=0, request_start_ms=0, request_duration_ms=0, response_start_ms=0, response_duration_ms=0, request_bytes=0, request_throughput_kbps=0, response_bytes=0, response_throughput_kbps=0, cache_hit=false}
[2026-08-11 13:02:52.477] [ERROR] [com.apple.CFNetwork/Default] Task <0C3EBC1A-D7AB-42C6-95F9-E8C920653894>.<10> finished with error [-1004] Error Domain=NSURLErrorDomain Code=-1004 UserInfo={NSErrorFailingURLStringKey=<private>, NSErrorFailingURLKey=<private>, _NSURLErrorRelatedURLSessionTaskErrorKey=<private>, _NSURLErrorFailingURLSessionTaskErrorKey=<private>, NSLocalizedDescription=<private>}
[2026-08-11 13:02:52.477] [ERROR] [com.tangzixiang.meow.app/meow-api] WS /logs reconnecting in 1s: Error Domain=NSURLErrorDomain Code=-1004 "无法连接服务器。" UserInfo={NSErrorFailingURLStringKey=http://127.0.0.1:62382/logs?level=debug, NSLocalizedDescription=无法连接服务器。, NSErrorFailingURLKey=http://127.0.0.1:62382/logs?level=debug}
[2026-08-11 13:02:53.478] [NOTICE] [com.apple.CFNetwork/Default] Task <E395BD72-8B58-41D2-B7F7-F6FBA8CBF8C7>.<11> resuming, timeouts(60.0, 604800.0) qos(0x19) voucher((null)) activity(00000000-0000-0000-0000-000000000000)
[2026-08-11 13:02:53.480] [INFO] [com.apple.network/connection] nw_connection_create_with_id [C11] create connection to 127.0.0.1:62382
[2026-08-11 13:02:53.481] [NOTICE] [com.apple.CFNetwork/Default] Connection 11: starting, TC(0x0)
[2026-08-11 13:02:53.481] [NOTICE] [com.apple.network/connection] [C11 B02E16DD-A9E8-4798-92A5-F3FBEC31C192 127.0.0.1:62382 tcp, url hash: 9f979fd0, definite, attribution: developer, context: com.apple.CFNetwork.NSURLSession.{D2D28DEA-298B-40DD-8393-B780ACD710F2}{(null)}{Y}{2}{0x0} (private), proc: 4E751277-8DF9-3937-8837-5559A42409CF] start
[2026-08-11 13:02:53.481] [INFO] [com.apple.network/connection] nw_endpoint_handler_start [C11 127.0.0.1:62382 initial parent-flow ((null))]
[2026-08-11 13:02:53.481] [NOTICE] [com.apple.network/connection] [C11 127.0.0.1:62382 initial parent-flow ((null))] event: path:start @0.000s
[2026-08-11 13:02:53.481] [INFO] [com.apple.network/] nw_path_necp_check_for_updates Trying to copy result again for 48 flows (max)
[2026-08-11 13:02:53.481] [ERROR] [com.apple.network/] nw_path_necp_check_for_updates Failed to copy updated result (22)
[2026-08-11 13:02:53.481] [NOTICE] [com.apple.network/connection] [C11 127.0.0.1:62382 waiting parent-flow (satisfied (Path is satisfied), viable, interface: lo0)] event: path:satisfied @0.000s, uuid: 3FD36AE6-84FD-4071-9700-29DAF0DF38FD
[2026-08-11 13:02:53.481] [INFO] [com.apple.network/connection] nw_connection_endpoint_report_on_nw_queue_block_invoke [C11 127.0.0.1:62382 waiting parent-flow (satisfied (Path is satisfied), viable, interface: lo0)] skipping state update
[2026-08-11 13:02:53.481] [INFO] [com.apple.network/connection] nw_endpoint_flow_setup_protocols [C11 127.0.0.1:62382 in_progress socket-flow (satisfied (Path is satisfied), viable, interface: lo0)] setup flow id 8357CA67-D0B9-4A81-B953-4A13F01D4A97
[2026-08-11 13:02:53.481] [NOTICE] [com.apple.network/connection] [C11 127.0.0.1:62382 in_progress socket-flow (satisfied (Path is satisfied), viable, interface: lo0)] event: flow:start_connect @0.000s
[2026-08-11 13:02:53.481] [NOTICE] [com.apple.network/connection] nw_connection_report_state_with_handler_on_nw_queue [C11] reporting state preparing
[2026-08-11 13:02:53.482] [NOTICE] [com.apple.CFNetwork/Default] Task <E395BD72-8B58-41D2-B7F7-F6FBA8CBF8C7>.<11> setting up Connection 11
[2026-08-11 13:02:53.482] [NOTICE] [com.apple.network/connection] nw_socket_handle_socket_event [C11:2] Socket received CONNRESET event
[2026-08-11 13:02:53.482] [NOTICE] [com.apple.network/connection] nw_socket_handle_socket_event [C11:2] Socket received DISCONNECTED event
[2026-08-11 13:02:53.482] [ERROR] [com.apple.network/connection] nw_socket_handle_socket_event <private> Socket SO_ERROR [61: Connection refused]
[2026-08-11 13:02:53.482] [INFO] [com.apple.network/connection] nw_flow_error [C11 127.0.0.1:62382 in_progress socket-flow (satisfied (Path is satisfied), viable, interface: lo0)] Output protocol (socket) sent error: Connection refused
[2026-08-11 13:02:53.482] [ERROR] [com.apple.network/connection] nw_protocol_socket_set_no_wake_from_sleep <private> setsockopt SO_NOWAKEFROMSLEEP failed [22: Invalid argument]
[2026-08-11 13:02:53.482] [ERROR] [com.apple.network/] nw_protocol_socket_set_no_wake_from_sleep setsockopt SO_NOWAKEFROMSLEEP failed [22: Invalid argument]
[2026-08-11 13:02:53.482] [NOTICE] [com.apple.network/connection] nw_flow_disconnected [C11 127.0.0.1:62382 in_progress socket-flow (satisfied (Path is satisfied), viable, interface: lo0)] Output protocol disconnected
[2026-08-11 13:02:53.482] [ERROR] [com.apple.network/connection] nw_endpoint_flow_failed_with_error [C11 127.0.0.1:62382 in_progress socket-flow (satisfied (Path is satisfied), viable, interface: lo0)] already failing, returning
[2026-08-11 13:02:53.482] [NOTICE] [com.apple.network/connection] [C11 127.0.0.1:62382 failed socket-flow (satisfied (Path is satisfied), viable, interface: lo0)] event: flow:failed_connect @0.001s, error Connection refused
[2026-08-11 13:02:53.482] [INFO] [com.apple.network/connection] nw_connection_report_symptom_on_nw_queue [C11] reported Connection failed after setup symptom
[2026-08-11 13:02:53.482] [NOTICE] [com.apple.network/connection] nw_connection_report_state_with_handler_on_nw_queue [C11] reporting state failed error Connection refused
[2026-08-11 13:02:53.482] [ERROR] [com.apple.CFNetwork/Default] Connection 11: received failure notification
[2026-08-11 13:02:53.482] [ERROR] [com.apple.CFNetwork/Default] Connection 11: failed to connect 1:61, reason -1
[2026-08-11 13:02:53.482] [ERROR] [com.apple.CFNetwork/Default] Connection 11: encountered error(1:61)
[2026-08-11 13:02:53.482] [NOTICE] [com.apple.CFNetwork/Default] Connection 11: cleaning up
[2026-08-11 13:02:53.482] [NOTICE] [com.apple.CFNetwork/Summary] Connection 11: summary for unused connection {protocol="(null)", domain_lookup_duration_ms=0, connect_duration_ms=0, secure_connection_duration_ms=0, private_relay=false, idle_duration_ms=0}
[2026-08-11 13:02:53.482] [NOTICE] [com.apple.network/connection] [C11 B02E16DD-A9E8-4798-92A5-F3FBEC31C192 127.0.0.1:62382 tcp, url hash: 9f979fd0, definite, attribution: developer] cancel
[2026-08-11 13:02:53.482] [INFO] [com.apple.network/connection] nw_connection_uses_multipath_block_invoke [C11]  has no connected handler
[2026-08-11 13:02:53.482] [ERROR] [com.apple.network/connection] nw_connection_copy_connected_local_endpoint_block_invoke [C11] Client called nw_connection_copy_connected_local_endpoint on unconnected nw_connection
[2026-08-11 13:02:53.482] [ERROR] [com.apple.network/connection] nw_connection_copy_connected_remote_endpoint_block_invoke [C11] Client called nw_connection_copy_connected_remote_endpoint on unconnected nw_connection
[2026-08-11 13:02:53.482] [NOTICE] [com.apple.network/connection] [C11 B02E16DD-A9E8-4798-92A5-F3FBEC31C192 127.0.0.1:62382 tcp, url hash: 9f979fd0, definite, attribution: developer] cancelled
	[C11 3FD36AE6-84FD-4071-9700-29DAF0DF38FD <NULL><-><NULL>]
	Connected Path: (null)
	Privacy Stance: Not Eligible
	Duration: 0.001s, TCP @0.000s took 0.000s
[2026-08-11 13:02:53.482] [INFO] [com.apple.network/connection] nw_endpoint_handler_cancel [C11 127.0.0.1:62382 failed socket-flow (satisfied (Path is satisfied), viable, interface: lo0)]
[2026-08-11 13:02:53.482] [INFO] [com.apple.network/connection] nw_association_schedule_deactivation <nw_association 127.0.0.1:62382> will become dormant after 10000ms of inactivity
[2026-08-11 13:02:53.482] [NOTICE] [com.apple.network/connection] nw_connection_report_state_with_handler_on_nw_queue [C11] reporting state cancelled error Connection refused
[2026-08-11 13:02:53.483] [NOTICE] [com.apple.CFNetwork/Default] Task <E395BD72-8B58-41D2-B7F7-F6FBA8CBF8C7>.<11> can retry(N) with reason(2) for error [1:61]
[2026-08-11 13:02:53.483] [INFO] [com.apple.network/connection] [C11 127.0.0.1:62382 tcp, url hash: 9f979fd0, definite, attribution: developer] dealloc
[2026-08-11 13:02:53.483] [ERROR] [com.apple.CFNetwork/Default] Task <E395BD72-8B58-41D2-B7F7-F6FBA8CBF8C7>.<11> HTTP load failed, 0/0 bytes (error code: -1004 [1:61])
[2026-08-11 13:02:53.483] [NOTICE] [com.apple.CFNetwork/Summary] Task <E395BD72-8B58-41D2-B7F7-F6FBA8CBF8C7>.<11> summary for task failure {transaction_duration_ms=3, response_status=-1, connection=11, reused=1, reused_after_ms=0, request_start_ms=0, request_duration_ms=0, response_start_ms=0, response_duration_ms=0, request_bytes=0, request_throughput_kbps=0, response_bytes=0, response_throughput_kbps=0, cache_hit=false}
[2026-08-11 13:02:53.483] [ERROR] [com.apple.CFNetwork/Default] Task <E395BD72-8B58-41D2-B7F7-F6FBA8CBF8C7>.<11> finished with error [-1004] Error Domain=NSURLErrorDomain Code=-1004 UserInfo={NSErrorFailingURLStringKey=<private>, NSErrorFailingURLKey=<private>, _NSURLErrorRelatedURLSessionTaskErrorKey=<private>, _NSURLErrorFailingURLSessionTaskErrorKey=<private>, NSLocalizedDescription=<private>}
[2026-08-11 13:02:53.483] [ERROR] [com.tangzixiang.meow.app/meow-api] WS /logs reconnecting in 1s: Error Domain=NSURLErrorDomain Code=-1004 "无法连接服务器。" UserInfo={NSErrorFailingURLStringKey=http://127.0.0.1:62382/logs?level=debug, NSLocalizedDescription=无法连接服务器。, NSErrorFailingURLKey=http://127.0.0.1:62382/logs?level=debug}
[2026-08-11 13:02:54.551] [NOTICE] [com.apple.CFNetwork/Default] Task <0C8DCC2E-771B-4F44-9759-9B93FE6E8466>.<12> resuming, timeouts(60.0, 604800.0) qos(0x19) voucher((null)) activity(00000000-0000-0000-0000-000000000000)
[2026-08-11 13:02:54.553] [INFO] [com.apple.network/connection] nw_connection_create_with_id [C12] create connection to 127.0.0.1:62382
[2026-08-11 13:02:54.553] [NOTICE] [com.apple.CFNetwork/Default] Connection 12: starting, TC(0x0)
[2026-08-11 13:02:54.553] [NOTICE] [com.apple.network/connection] [C12 834C8FA8-0C87-4C5F-8586-2D5ED5D5EFCA 127.0.0.1:62382 tcp, url hash: 9f979fd0, definite, attribution: developer, context: com.apple.CFNetwork.NSURLSession.{D2D28DEA-298B-40DD-8393-B780ACD710F2}{(null)}{Y}{2}{0x0} (private), proc: 4E751277-8DF9-3937-8837-5559A42409CF] start
[2026-08-11 13:02:54.553] [INFO] [com.apple.network/connection] nw_endpoint_handler_start [C12 127.0.0.1:62382 initial parent-flow ((null))]
[2026-08-11 13:02:54.553] [NOTICE] [com.apple.network/connection] [C12 127.0.0.1:62382 initial parent-flow ((null))] event: path:start @0.000s
[2026-08-11 13:02:54.553] [INFO] [com.apple.network/] nw_path_necp_check_for_updates Trying to copy result again for 48 flows (max)
[2026-08-11 13:02:54.553] [ERROR] [com.apple.network/] nw_path_necp_check_for_updates Failed to copy updated result (22)
[2026-08-11 13:02:54.553] [NOTICE] [com.apple.network/connection] [C12 127.0.0.1:62382 waiting parent-flow (satisfied (Path is satisfied), viable, interface: lo0)] event: path:satisfied @0.000s, uuid: 3FD36AE6-84FD-4071-9700-29DAF0DF38FD
[2026-08-11 13:02:54.553] [INFO] [com.apple.network/connection] nw_connection_endpoint_report_on_nw_queue_block_invoke [C12 127.0.0.1:62382 waiting parent-flow (satisfied (Path is satisfied), viable, interface: lo0)] skipping state update
[2026-08-11 13:02:54.553] [INFO] [com.apple.network/connection] nw_endpoint_flow_setup_protocols [C12 127.0.0.1:62382 in_progress socket-flow (satisfied (Path is satisfied), viable, interface: lo0)] setup flow id 1636238D-3766-4CFE-A1F5-5F1B105987ED
[2026-08-11 13:02:54.554] [NOTICE] [com.apple.network/connection] [C12 127.0.0.1:62382 in_progress socket-flow (satisfied (Path is satisfied), viable, interface: lo0)] event: flow:start_connect @0.000s
[2026-08-11 13:02:54.554] [NOTICE] [com.apple.network/connection] nw_connection_report_state_with_handler_on_nw_queue [C12] reporting state preparing
[2026-08-11 13:02:54.554] [NOTICE] [com.apple.CFNetwork/Default] Task <0C8DCC2E-771B-4F44-9759-9B93FE6E8466>.<12> setting up Connection 12
[2026-08-11 13:02:54.554] [NOTICE] [com.apple.network/connection] nw_socket_handle_socket_event [C12:2] Socket received CONNRESET event
[2026-08-11 13:02:54.554] [NOTICE] [com.apple.network/connection] nw_socket_handle_socket_event [C12:2] Socket received DISCONNECTED event
[2026-08-11 13:02:54.554] [ERROR] [com.apple.network/connection] nw_socket_handle_socket_event <private> Socket SO_ERROR [61: Connection refused]
[2026-08-11 13:02:54.554] [INFO] [com.apple.network/connection] nw_flow_error [C12 127.0.0.1:62382 in_progress socket-flow (satisfied (Path is satisfied), viable, interface: lo0)] Output protocol (socket) sent error: Connection refused
[2026-08-11 13:02:54.554] [ERROR] [com.apple.network/connection] nw_protocol_socket_set_no_wake_from_sleep <private> setsockopt SO_NOWAKEFROMSLEEP failed [22: Invalid argument]
[2026-08-11 13:02:54.554] [ERROR] [com.apple.network/] nw_protocol_socket_set_no_wake_from_sleep setsockopt SO_NOWAKEFROMSLEEP failed [22: Invalid argument]
[2026-08-11 13:02:54.554] [NOTICE] [com.apple.network/connection] nw_flow_disconnected [C12 127.0.0.1:62382 in_progress socket-flow (satisfied (Path is satisfied), viable, interface: lo0)] Output protocol disconnected
[2026-08-11 13:02:54.554] [ERROR] [com.apple.network/connection] nw_endpoint_flow_failed_with_error [C12 127.0.0.1:62382 in_progress socket-flow (satisfied (Path is satisfied), viable, interface: lo0)] already failing, returning
[2026-08-11 13:02:54.554] [NOTICE] [com.apple.network/connection] [C12 127.0.0.1:62382 failed socket-flow (satisfied (Path is satisfied), viable, interface: lo0)] event: flow:failed_connect @0.001s, error Connection refused
[2026-08-11 13:02:54.555] [INFO] [com.apple.network/connection] nw_connection_report_symptom_on_nw_queue [C12] reported Connection failed after setup symptom
[2026-08-11 13:02:54.555] [NOTICE] [com.apple.network/connection] nw_connection_report_state_with_handler_on_nw_queue [C12] reporting state failed error Connection refused
[2026-08-11 13:02:54.555] [ERROR] [com.apple.CFNetwork/Default] Connection 12: received failure notification
[2026-08-11 13:02:54.555] [ERROR] [com.apple.CFNetwork/Default] Connection 12: failed to connect 1:61, reason -1
[2026-08-11 13:02:54.555] [ERROR] [com.apple.CFNetwork/Default] Connection 12: encountered error(1:61)
[2026-08-11 13:02:54.555] [NOTICE] [com.apple.CFNetwork/Default] Connection 12: cleaning up
[2026-08-11 13:02:54.555] [NOTICE] [com.apple.CFNetwork/Summary] Connection 12: summary for unused connection {protocol="(null)", domain_lookup_duration_ms=0, connect_duration_ms=0, secure_connection_duration_ms=0, private_relay=false, idle_duration_ms=0}
[2026-08-11 13:02:54.555] [NOTICE] [com.apple.network/connection] [C12 834C8FA8-0C87-4C5F-8586-2D5ED5D5EFCA 127.0.0.1:62382 tcp, url hash: 9f979fd0, definite, attribution: developer] cancel
[2026-08-11 13:02:54.555] [INFO] [com.apple.network/connection] nw_connection_uses_multipath_block_invoke [C12]  has no connected handler
[2026-08-11 13:02:54.555] [ERROR] [com.apple.network/connection] nw_connection_copy_connected_local_endpoint_block_invoke [C12] Client called nw_connection_copy_connected_local_endpoint on unconnected nw_connection
[2026-08-11 13:02:54.555] [ERROR] [com.apple.network/connection] nw_connection_copy_connected_remote_endpoint_block_invoke [C12] Client called nw_connection_copy_connected_remote_endpoint on unconnected nw_connection
[2026-08-11 13:02:54.555] [NOTICE] [com.apple.network/connection] [C12 834C8FA8-0C87-4C5F-8586-2D5ED5D5EFCA 127.0.0.1:62382 tcp, url hash: 9f979fd0, definite, attribution: developer] cancelled
	[C12 3FD36AE6-84FD-4071-9700-29DAF0DF38FD <NULL><-><NULL>]
	Connected Path: (null)
	Privacy Stance: Not Eligible
	Duration: 0.001s, TCP @0.000s took 0.000s
[2026-08-11 13:02:54.555] [INFO] [com.apple.network/connection] nw_endpoint_handler_cancel [C12 127.0.0.1:62382 failed socket-flow (satisfied (Path is satisfied), viable, interface: lo0)]
[2026-08-11 13:02:54.555] [INFO] [com.apple.network/connection] nw_association_schedule_deactivation <nw_association 127.0.0.1:62382> will become dormant after 10000ms of inactivity
[2026-08-11 13:02:54.555] [NOTICE] [com.apple.network/connection] nw_connection_report_state_with_handler_on_nw_queue [C12] reporting state cancelled error Connection refused
[2026-08-11 13:02:54.555] [NOTICE] [com.apple.CFNetwork/Default] Task <0C8DCC2E-771B-4F44-9759-9B93FE6E8466>.<12> can retry(N) with reason(2) for error [1:61]
[2026-08-11 13:02:54.555] [INFO] [com.apple.network/connection] [C12 127.0.0.1:62382 tcp, url hash: 9f979fd0, definite, attribution: developer] dealloc
[2026-08-11 13:02:54.555] [ERROR] [com.apple.CFNetwork/Default] Task <0C8DCC2E-771B-4F44-9759-9B93FE6E8466>.<12> HTTP load failed, 0/0 bytes (error code: -1004 [1:61])
[2026-08-11 13:02:54.555] [NOTICE] [com.apple.CFNetwork/Summary] Task <0C8DCC2E-771B-4F44-9759-9B93FE6E8466>.<12> summary for task failure {transaction_duration_ms=3, response_status=-1, connection=12, reused=1, reused_after_ms=0, request_start_ms=0, request_duration_ms=0, response_start_ms=0, response_duration_ms=0, request_bytes=0, request_throughput_kbps=0, response_bytes=0, response_throughput_kbps=0, cache_hit=false}
[2026-08-11 13:02:54.555] [ERROR] [com.apple.CFNetwork/Default] Task <0C8DCC2E-771B-4F44-9759-9B93FE6E8466>.<12> finished with error [-1004] Error Domain=NSURLErrorDomain Code=-1004 UserInfo={NSErrorFailingURLStringKey=<private>, NSErrorFailingURLKey=<private>, _NSURLErrorRelatedURLSessionTaskErrorKey=<private>, _NSURLErrorFailingURLSessionTaskErrorKey=<private>, NSLocalizedDescription=<private>}
[2026-08-11 13:02:54.555] [ERROR] [com.tangzixiang.meow.app/meow-api] WS /logs reconnecting in 1s: Error Domain=NSURLErrorDomain Code=-1004 "无法连接服务器。" UserInfo={NSErrorFailingURLStringKey=http://127.0.0.1:62382/logs?level=debug, NSLocalizedDescription=无法连接服务器。, NSErrorFailingURLKey=http://127.0.0.1:62382/logs?level=debug}
[2026-08-11 13:02:55.596] [NOTICE] [com.apple.CFNetwork/Default] Task <C8C0FE10-8D4F-4873-A175-5A7BC097F303>.<13> resuming, timeouts(60.0, 604800.0) qos(0x19) voucher((null)) activity(00000000-0000-0000-0000-000000000000)
[2026-08-11 13:02:55.598] [INFO] [com.apple.network/connection] nw_connection_create_with_id [C13] create connection to 127.0.0.1:62382
[2026-08-11 13:02:55.598] [NOTICE] [com.apple.CFNetwork/Default] Connection 13: starting, TC(0x0)
[2026-08-11 13:02:55.598] [NOTICE] [com.apple.network/connection] [C13 868D4ED8-19CB-45EE-AF5D-F7A71EF6C250 127.0.0.1:62382 tcp, url hash: 9f979fd0, definite, attribution: developer, context: com.apple.CFNetwork.NSURLSession.{D2D28DEA-298B-40DD-8393-B780ACD710F2}{(null)}{Y}{2}{0x0} (private), proc: 4E751277-8DF9-3937-8837-5559A42409CF] start
[2026-08-11 13:02:55.598] [INFO] [com.apple.network/connection] nw_endpoint_handler_start [C13 127.0.0.1:62382 initial parent-flow ((null))]
[2026-08-11 13:02:55.598] [NOTICE] [com.apple.network/connection] [C13 127.0.0.1:62382 initial parent-flow ((null))] event: path:start @0.000s
[2026-08-11 13:02:55.598] [INFO] [com.apple.network/] nw_path_necp_check_for_updates Trying to copy result again for 48 flows (max)
[2026-08-11 13:02:55.598] [ERROR] [com.apple.network/] nw_path_necp_check_for_updates Failed to copy updated result (22)
[2026-08-11 13:02:55.598] [NOTICE] [com.apple.network/connection] [C13 127.0.0.1:62382 waiting parent-flow (satisfied (Path is satisfied), viable, interface: lo0)] event: path:satisfied @0.000s, uuid: 3FD36AE6-84FD-4071-9700-29DAF0DF38FD
[2026-08-11 13:02:55.598] [INFO] [com.apple.network/connection] nw_connection_endpoint_report_on_nw_queue_block_invoke [C13 127.0.0.1:62382 waiting parent-flow (satisfied (Path is satisfied), viable, interface: lo0)] skipping state update
[2026-08-11 13:02:55.598] [INFO] [com.apple.network/connection] nw_endpoint_flow_setup_protocols [C13 127.0.0.1:62382 in_progress socket-flow (satisfied (Path is satisfied), viable, interface: lo0)] setup flow id 42D60B7F-1CF0-47F1-AB95-FC9AAEC8E924
[2026-08-11 13:02:55.599] [NOTICE] [com.apple.network/connection] [C13 127.0.0.1:62382 in_progress socket-flow (satisfied (Path is satisfied), viable, interface: lo0)] event: flow:start_connect @0.000s
[2026-08-11 13:02:55.599] [NOTICE] [com.apple.network/connection] nw_connection_report_state_with_handler_on_nw_queue [C13] reporting state preparing
[2026-08-11 13:02:55.599] [NOTICE] [com.apple.CFNetwork/Default] Task <C8C0FE10-8D4F-4873-A175-5A7BC097F303>.<13> setting up Connection 13
[2026-08-11 13:02:55.599] [NOTICE] [com.apple.network/connection] nw_socket_handle_socket_event [C13:2] Socket received CONNRESET event
[2026-08-11 13:02:55.599] [NOTICE] [com.apple.network/connection] nw_socket_handle_socket_event [C13:2] Socket received DISCONNECTED event
[2026-08-11 13:02:55.599] [ERROR] [com.apple.network/connection] nw_socket_handle_socket_event <private> Socket SO_ERROR [61: Connection refused]
[2026-08-11 13:02:55.599] [INFO] [com.apple.network/connection] nw_flow_error [C13 127.0.0.1:62382 in_progress socket-flow (satisfied (Path is satisfied), viable, interface: lo0)] Output protocol (socket) sent error: Connection refused
[2026-08-11 13:02:55.599] [ERROR] [com.apple.network/connection] nw_protocol_socket_set_no_wake_from_sleep <private> setsockopt SO_NOWAKEFROMSLEEP failed [22: Invalid argument]
[2026-08-11 13:02:55.599] [ERROR] [com.apple.network/] nw_protocol_socket_set_no_wake_from_sleep setsockopt SO_NOWAKEFROMSLEEP failed [22: Invalid argument]
[2026-08-11 13:02:55.599] [NOTICE] [com.apple.network/connection] nw_flow_disconnected [C13 127.0.0.1:62382 in_progress socket-flow (satisfied (Path is satisfied), viable, interface: lo0)] Output protocol disconnected
[2026-08-11 13:02:55.599] [ERROR] [com.apple.network/connection] nw_endpoint_flow_failed_with_error [C13 127.0.0.1:62382 in_progress socket-flow (satisfied (Path is satisfied), viable, interface: lo0)] already failing, returning
[2026-08-11 13:02:55.599] [NOTICE] [com.apple.network/connection] [C13 127.0.0.1:62382 failed socket-flow (satisfied (Path is satisfied), viable, interface: lo0)] event: flow:failed_connect @0.001s, error Connection refused
[2026-08-11 13:02:55.600] [INFO] [com.apple.network/connection] nw_connection_report_symptom_on_nw_queue [C13] reported Connection failed after setup symptom
[2026-08-11 13:02:55.600] [NOTICE] [com.apple.network/connection] nw_connection_report_state_with_handler_on_nw_queue [C13] reporting state failed error Connection refused
[2026-08-11 13:02:55.600] [ERROR] [com.apple.CFNetwork/Default] Connection 13: received failure notification
[2026-08-11 13:02:55.600] [ERROR] [com.apple.CFNetwork/Default] Connection 13: failed to connect 1:61, reason -1
[2026-08-11 13:02:55.600] [ERROR] [com.apple.CFNetwork/Default] Connection 13: encountered error(1:61)
[2026-08-11 13:02:55.600] [NOTICE] [com.apple.CFNetwork/Default] Connection 13: cleaning up
[2026-08-11 13:02:55.600] [NOTICE] [com.apple.CFNetwork/Summary] Connection 13: summary for unused connection {protocol="(null)", domain_lookup_duration_ms=0, connect_duration_ms=0, secure_connection_duration_ms=0, private_relay=false, idle_duration_ms=0}
[2026-08-11 13:02:55.600] [NOTICE] [com.apple.network/connection] [C13 868D4ED8-19CB-45EE-AF5D-F7A71EF6C250 127.0.0.1:62382 tcp, url hash: 9f979fd0, definite, attribution: developer] cancel
[2026-08-11 13:02:55.600] [INFO] [com.apple.network/connection] nw_connection_uses_multipath_block_invoke [C13]  has no connected handler
[2026-08-11 13:02:55.600] [ERROR] [com.apple.network/connection] nw_connection_copy_connected_local_endpoint_block_invoke [C13] Client called nw_connection_copy_connected_local_endpoint on unconnected nw_connection
[2026-08-11 13:02:55.600] [ERROR] [com.apple.network/connection] nw_connection_copy_connected_remote_endpoint_block_invoke [C13] Client called nw_connection_copy_connected_remote_endpoint on unconnected nw_connection
[2026-08-11 13:02:55.600] [NOTICE] [com.apple.network/connection] [C13 868D4ED8-19CB-45EE-AF5D-F7A71EF6C250 127.0.0.1:62382 tcp, url hash: 9f979fd0, definite, attribution: developer] cancelled
	[C13 3FD36AE6-84FD-4071-9700-29DAF0DF38FD <NULL><-><NULL>]
	Connected Path: (null)
	Privacy Stance: Not Eligible
	Duration: 0.001s, TCP @0.000s took 0.000s
[2026-08-11 13:02:55.600] [INFO] [com.apple.network/connection] nw_endpoint_handler_cancel [C13 127.0.0.1:62382 failed socket-flow (satisfied (Path is satisfied), viable, interface: lo0)]
[2026-08-11 13:02:55.600] [INFO] [com.apple.network/connection] nw_association_schedule_deactivation <nw_association 127.0.0.1:62382> will become dormant after 10000ms of inactivity
[2026-08-11 13:02:55.600] [NOTICE] [com.apple.network/connection] nw_connection_report_state_with_handler_on_nw_queue [C13] reporting state cancelled error Connection refused
[2026-08-11 13:02:55.600] [NOTICE] [com.apple.CFNetwork/Default] Task <C8C0FE10-8D4F-4873-A175-5A7BC097F303>.<13> can retry(N) with reason(2) for error [1:61]
[2026-08-11 13:02:55.600] [INFO] [com.apple.network/connection] [C13 127.0.0.1:62382 tcp, url hash: 9f979fd0, definite, attribution: developer] dealloc
[2026-08-11 13:02:55.600] [ERROR] [com.apple.CFNetwork/Default] Task <C8C0FE10-8D4F-4873-A175-5A7BC097F303>.<13> HTTP load failed, 0/0 bytes (error code: -1004 [1:61])
[2026-08-11 13:02:55.600] [NOTICE] [com.apple.CFNetwork/Summary] Task <C8C0FE10-8D4F-4873-A175-5A7BC097F303>.<13> summary for task failure {transaction_duration_ms=4, response_status=-1, connection=13, reused=1, reused_after_ms=0, request_start_ms=0, request_duration_ms=0, response_start_ms=0, response_duration_ms=0, request_bytes=0, request_throughput_kbps=0, response_bytes=0, response_throughput_kbps=0, cache_hit=false}
[2026-08-11 13:02:55.600] [ERROR] [com.apple.CFNetwork/Default] Task <C8C0FE10-8D4F-4873-A175-5A7BC097F303>.<13> finished with error [-1004] Error Domain=NSURLErrorDomain Code=-1004 UserInfo={NSErrorFailingURLStringKey=<private>, NSErrorFailingURLKey=<private>, _NSURLErrorRelatedURLSessionTaskErrorKey=<private>, _NSURLErrorFailingURLSessionTaskErrorKey=<private>, NSLocalizedDescription=<private>}
[2026-08-11 13:02:55.601] [ERROR] [com.tangzixiang.meow.app/meow-api] WS /logs reconnecting in 1s: Error Domain=NSURLErrorDomain Code=-1004 "无法连接服务器。" UserInfo={NSErrorFailingURLStringKey=http://127.0.0.1:62382/logs?level=debug, NSLocalizedDescription=无法连接服务器。, NSErrorFailingURLKey=http://127.0.0.1:62382/logs?level=debug}
[2026-08-11 13:02:56.668] [NOTICE] [com.apple.CFNetwork/Default] Task <22D48DE2-CA10-41DA-9900-76C96D5E70D2>.<14> resuming, timeouts(60.0, 604800.0) qos(0x19) voucher((null)) activity(00000000-0000-0000-0000-000000000000)
[2026-08-11 13:02:56.670] [INFO] [com.apple.network/connection] nw_connection_create_with_id [C14] create connection to 127.0.0.1:62382
[2026-08-11 13:02:56.670] [NOTICE] [com.apple.CFNetwork/Default] Connection 14: starting, TC(0x0)
[2026-08-11 13:02:56.670] [NOTICE] [com.apple.network/connection] [C14 0E4B88B3-C509-4AB6-A9EE-3EE35F171CFF 127.0.0.1:62382 tcp, url hash: 9f979fd0, definite, attribution: developer, context: com.apple.CFNetwork.NSURLSession.{D2D28DEA-298B-40DD-8393-B780ACD710F2}{(null)}{Y}{2}{0x0} (private), proc: 4E751277-8DF9-3937-8837-5559A42409CF] start
[2026-08-11 13:02:56.670] [INFO] [com.apple.network/connection] nw_endpoint_handler_start [C14 127.0.0.1:62382 initial parent-flow ((null))]
[2026-08-11 13:02:56.670] [NOTICE] [com.apple.network/connection] [C14 127.0.0.1:62382 initial parent-flow ((null))] event: path:start @0.000s
[2026-08-11 13:02:56.670] [INFO] [com.apple.network/] nw_path_necp_check_for_updates Trying to copy result again for 48 flows (max)
[2026-08-11 13:02:56.670] [ERROR] [com.apple.network/] nw_path_necp_check_for_updates Failed to copy updated result (22)
[2026-08-11 13:02:56.670] [NOTICE] [com.apple.network/connection] [C14 127.0.0.1:62382 waiting parent-flow (satisfied (Path is satisfied), viable, interface: lo0)] event: path:satisfied @0.000s, uuid: 3FD36AE6-84FD-4071-9700-29DAF0DF38FD
[2026-08-11 13:02:56.670] [INFO] [com.apple.network/connection] nw_connection_endpoint_report_on_nw_queue_block_invoke [C14 127.0.0.1:62382 waiting parent-flow (satisfied (Path is satisfied), viable, interface: lo0)] skipping state update
[2026-08-11 13:02:56.670] [INFO] [com.apple.network/connection] nw_endpoint_flow_setup_protocols [C14 127.0.0.1:62382 in_progress socket-flow (satisfied (Path is satisfied), viable, interface: lo0)] setup flow id 4E11DA17-DD23-44E7-8C87-7026B5545414
[2026-08-11 13:02:56.671] [NOTICE] [com.apple.network/connection] [C14 127.0.0.1:62382 in_progress socket-flow (satisfied (Path is satisfied), viable, interface: lo0)] event: flow:start_connect @0.000s
[2026-08-11 13:02:56.671] [NOTICE] [com.apple.network/connection] nw_connection_report_state_with_handler_on_nw_queue [C14] reporting state preparing
[2026-08-11 13:02:56.671] [NOTICE] [com.apple.CFNetwork/Default] Task <22D48DE2-CA10-41DA-9900-76C96D5E70D2>.<14> setting up Connection 14
[2026-08-11 13:02:56.671] [NOTICE] [com.apple.network/connection] nw_socket_handle_socket_event [C14:2] Socket received CONNRESET event
[2026-08-11 13:02:56.671] [NOTICE] [com.apple.network/connection] nw_socket_handle_socket_event [C14:2] Socket received DISCONNECTED event
[2026-08-11 13:02:56.671] [ERROR] [com.apple.network/connection] nw_socket_handle_socket_event <private> Socket SO_ERROR [61: Connection refused]
[2026-08-11 13:02:56.671] [INFO] [com.apple.network/connection] nw_flow_error [C14 127.0.0.1:62382 in_progress socket-flow (satisfied (Path is satisfied), viable, interface: lo0)] Output protocol (socket) sent error: Connection refused
[2026-08-11 13:02:56.671] [ERROR] [com.apple.network/connection] nw_protocol_socket_set_no_wake_from_sleep <private> setsockopt SO_NOWAKEFROMSLEEP failed [22: Invalid argument]
[2026-08-11 13:02:56.671] [ERROR] [com.apple.network/] nw_protocol_socket_set_no_wake_from_sleep setsockopt SO_NOWAKEFROMSLEEP failed [22: Invalid argument]
[2026-08-11 13:02:56.671] [NOTICE] [com.apple.network/connection] nw_flow_disconnected [C14 127.0.0.1:62382 in_progress socket-flow (satisfied (Path is satisfied), viable, interface: lo0)] Output protocol disconnected
[2026-08-11 13:02:56.671] [ERROR] [com.apple.network/connection] nw_endpoint_flow_failed_with_error [C14 127.0.0.1:62382 in_progress socket-flow (satisfied (Path is satisfied), viable, interface: lo0)] already failing, returning
[2026-08-11 13:02:56.671] [NOTICE] [com.apple.network/connection] [C14 127.0.0.1:62382 failed socket-flow (satisfied (Path is satisfied), viable, interface: lo0)] event: flow:failed_connect @0.001s, error Connection refused
[2026-08-11 13:02:56.672] [INFO] [com.apple.network/connection] nw_connection_report_symptom_on_nw_queue [C14] reported Connection failed after setup symptom
[2026-08-11 13:02:56.672] [NOTICE] [com.apple.network/connection] nw_connection_report_state_with_handler_on_nw_queue [C14] reporting state failed error Connection refused
[2026-08-11 13:02:56.672] [ERROR] [com.apple.CFNetwork/Default] Connection 14: received failure notification
[2026-08-11 13:02:56.672] [ERROR] [com.apple.CFNetwork/Default] Connection 14: failed to connect 1:61, reason -1
[2026-08-11 13:02:56.672] [ERROR] [com.apple.CFNetwork/Default] Connection 14: encountered error(1:61)
[2026-08-11 13:02:56.672] [NOTICE] [com.apple.CFNetwork/Default] Connection 14: cleaning up
[2026-08-11 13:02:56.672] [NOTICE] [com.apple.CFNetwork/Summary] Connection 14: summary for unused connection {protocol="(null)", domain_lookup_duration_ms=0, connect_duration_ms=0, secure_connection_duration_ms=0, private_relay=false, idle_duration_ms=0}
[2026-08-11 13:02:56.672] [NOTICE] [com.apple.network/connection] [C14 0E4B88B3-C509-4AB6-A9EE-3EE35F171CFF 127.0.0.1:62382 tcp, url hash: 9f979fd0, definite, attribution: developer] cancel
[2026-08-11 13:02:56.672] [INFO] [com.apple.network/connection] nw_connection_uses_multipath_block_invoke [C14]  has no connected handler
[2026-08-11 13:02:56.672] [ERROR] [com.apple.network/connection] nw_connection_copy_connected_local_endpoint_block_invoke [C14] Client called nw_connection_copy_connected_local_endpoint on unconnected nw_connection
[2026-08-11 13:02:56.672] [ERROR] [com.apple.network/connection] nw_connection_copy_connected_remote_endpoint_block_invoke [C14] Client called nw_connection_copy_connected_remote_endpoint on unconnected nw_connection
[2026-08-11 13:02:56.672] [NOTICE] [com.apple.network/connection] [C14 0E4B88B3-C509-4AB6-A9EE-3EE35F171CFF 127.0.0.1:62382 tcp, url hash: 9f979fd0, definite, attribution: developer] cancelled
	[C14 3FD36AE6-84FD-4071-9700-29DAF0DF38FD <NULL><-><NULL>]
	Connected Path: (null)
	Privacy Stance: Not Eligible
	Duration: 0.001s, TCP @0.000s took 0.000s
[2026-08-11 13:02:56.672] [INFO] [com.apple.network/connection] nw_endpoint_handler_cancel [C14 127.0.0.1:62382 failed socket-flow (satisfied (Path is satisfied), viable, interface: lo0)]
[2026-08-11 13:02:56.672] [INFO] [com.apple.network/connection] nw_association_schedule_deactivation <nw_association 127.0.0.1:62382> will become dormant after 10000ms of inactivity
[2026-08-11 13:02:56.672] [NOTICE] [com.apple.network/connection] nw_connection_report_state_with_handler_on_nw_queue [C14] reporting state cancelled error Connection refused
[2026-08-11 13:02:56.672] [NOTICE] [com.apple.CFNetwork/Default] Task <22D48DE2-CA10-41DA-9900-76C96D5E70D2>.<14> can retry(N) with reason(2) for error [1:61]
[2026-08-11 13:02:56.672] [INFO] [com.apple.network/connection] [C14 127.0.0.1:62382 tcp, url hash: 9f979fd0, definite, attribution: developer] dealloc
[2026-08-11 13:02:56.672] [ERROR] [com.apple.CFNetwork/Default] Task <22D48DE2-CA10-41DA-9900-76C96D5E70D2>.<14> HTTP load failed, 0/0 bytes (error code: -1004 [1:61])
[2026-08-11 13:02:56.672] [NOTICE] [com.apple.CFNetwork/Summary] Task <22D48DE2-CA10-41DA-9900-76C96D5E70D2>.<14> summary for task failure {transaction_duration_ms=3, response_status=-1, connection=14, reused=1, reused_after_ms=0, request_start_ms=0, request_duration_ms=0, response_start_ms=0, response_duration_ms=0, request_bytes=0, request_throughput_kbps=0, response_bytes=0, response_throughput_kbps=0, cache_hit=false}
[2026-08-11 13:02:56.673] [ERROR] [com.apple.CFNetwork/Default] Task <22D48DE2-CA10-41DA-9900-76C96D5E70D2>.<14> finished with error [-1004] Error Domain=NSURLErrorDomain Code=-1004 UserInfo={NSErrorFailingURLStringKey=<private>, NSErrorFailingURLKey=<private>, _NSURLErrorRelatedURLSessionTaskErrorKey=<private>, _NSURLErrorFailingURLSessionTaskErrorKey=<private>, NSLocalizedDescription=<private>}
[2026-08-11 13:02:56.673] [ERROR] [com.tangzixiang.meow.app/meow-api] WS /logs reconnecting in 1s: Error Domain=NSURLErrorDomain Code=-1004 "无法连接服务器。" UserInfo={NSErrorFailingURLStringKey=http://127.0.0.1:62382/logs?level=debug, NSLocalizedDescription=无法连接服务器。, NSErrorFailingURLKey=http://127.0.0.1:62382/logs?level=debug}
[2026-08-11 13:02:57.740] [NOTICE] [com.apple.CFNetwork/Default] Task <2413C938-76A6-47A3-AE82-1EEDDAB37AB1>.<15> resuming, timeouts(60.0, 604800.0) qos(0x19) voucher((null)) activity(00000000-0000-0000-0000-000000000000)
[2026-08-11 13:02:57.742] [INFO] [com.apple.network/connection] nw_connection_create_with_id [C15] create connection to 127.0.0.1:62382
[2026-08-11 13:02:57.742] [NOTICE] [com.apple.CFNetwork/Default] Connection 15: starting, TC(0x0)
[2026-08-11 13:02:57.742] [NOTICE] [com.apple.network/connection] [C15 4623C2A7-5CF9-4387-BCC1-64F42D1DE270 127.0.0.1:62382 tcp, url hash: 9f979fd0, definite, attribution: developer, context: com.apple.CFNetwork.NSURLSession.{D2D28DEA-298B-40DD-8393-B780ACD710F2}{(null)}{Y}{2}{0x0} (private), proc: 4E751277-8DF9-3937-8837-5559A42409CF] start
[2026-08-11 13:02:57.742] [INFO] [com.apple.network/connection] nw_endpoint_handler_start [C15 127.0.0.1:62382 initial parent-flow ((null))]
[2026-08-11 13:02:57.742] [NOTICE] [com.apple.network/connection] [C15 127.0.0.1:62382 initial parent-flow ((null))] event: path:start @0.000s
[2026-08-11 13:02:57.742] [INFO] [com.apple.network/] nw_path_necp_check_for_updates Trying to copy result again for 48 flows (max)
[2026-08-11 13:02:57.742] [ERROR] [com.apple.network/] nw_path_necp_check_for_updates Failed to copy updated result (22)
[2026-08-11 13:02:57.742] [NOTICE] [com.apple.network/connection] [C15 127.0.0.1:62382 waiting parent-flow (satisfied (Path is satisfied), viable, interface: lo0)] event: path:satisfied @0.000s, uuid: 3FD36AE6-84FD-4071-9700-29DAF0DF38FD
[2026-08-11 13:02:57.742] [INFO] [com.apple.network/connection] nw_connection_endpoint_report_on_nw_queue_block_invoke [C15 127.0.0.1:62382 waiting parent-flow (satisfied (Path is satisfied), viable, interface: lo0)] skipping state update
[2026-08-11 13:02:57.742] [INFO] [com.apple.network/connection] nw_endpoint_flow_setup_protocols [C15 127.0.0.1:62382 in_progress socket-flow (satisfied (Path is satisfied), viable, interface: lo0)] setup flow id 777D96ED-37B3-4401-A32D-C3D4883B8FB6
[2026-08-11 13:02:57.743] [NOTICE] [com.apple.network/connection] [C15 127.0.0.1:62382 in_progress socket-flow (satisfied (Path is satisfied), viable, interface: lo0)] event: flow:start_connect @0.000s
[2026-08-11 13:02:57.743] [NOTICE] [com.apple.network/connection] nw_connection_report_state_with_handler_on_nw_queue [C15] reporting state preparing
[2026-08-11 13:02:57.743] [NOTICE] [com.apple.CFNetwork/Default] Task <2413C938-76A6-47A3-AE82-1EEDDAB37AB1>.<15> setting up Connection 15
[2026-08-11 13:02:57.743] [NOTICE] [com.apple.network/connection] nw_socket_handle_socket_event [C15:2] Socket received CONNRESET event
[2026-08-11 13:02:57.743] [NOTICE] [com.apple.network/connection] nw_socket_handle_socket_event [C15:2] Socket received DISCONNECTED event
[2026-08-11 13:02:57.743] [ERROR] [com.apple.network/connection] nw_socket_handle_socket_event <private> Socket SO_ERROR [61: Connection refused]
[2026-08-11 13:02:57.743] [INFO] [com.apple.network/connection] nw_flow_error [C15 127.0.0.1:62382 in_progress socket-flow (satisfied (Path is satisfied), viable, interface: lo0)] Output protocol (socket) sent error: Connection refused
[2026-08-11 13:02:57.743] [ERROR] [com.apple.network/connection] nw_protocol_socket_set_no_wake_from_sleep <private> setsockopt SO_NOWAKEFROMSLEEP failed [22: Invalid argument]
[2026-08-11 13:02:57.743] [ERROR] [com.apple.network/] nw_protocol_socket_set_no_wake_from_sleep setsockopt SO_NOWAKEFROMSLEEP failed [22: Invalid argument]
[2026-08-11 13:02:57.743] [NOTICE] [com.apple.network/connection] nw_flow_disconnected [C15 127.0.0.1:62382 in_progress socket-flow (satisfied (Path is satisfied), viable, interface: lo0)] Output protocol disconnected
[2026-08-11 13:02:57.744] [ERROR] [com.apple.network/connection] nw_endpoint_flow_failed_with_error [C15 127.0.0.1:62382 in_progress socket-flow (satisfied (Path is satisfied), viable, interface: lo0)] already failing, returning
[2026-08-11 13:02:57.744] [NOTICE] [com.apple.network/connection] [C15 127.0.0.1:62382 failed socket-flow (satisfied (Path is satisfied), viable, interface: lo0)] event: flow:failed_connect @0.001s, error Connection refused
[2026-08-11 13:02:57.744] [INFO] [com.apple.network/connection] nw_connection_report_symptom_on_nw_queue [C15] reported Connection failed after setup symptom
[2026-08-11 13:02:57.744] [NOTICE] [com.apple.network/connection] nw_connection_report_state_with_handler_on_nw_queue [C15] reporting state failed error Connection refused
[2026-08-11 13:02:57.744] [ERROR] [com.apple.CFNetwork/Default] Connection 15: received failure notification
[2026-08-11 13:02:57.744] [ERROR] [com.apple.CFNetwork/Default] Connection 15: failed to connect 1:61, reason -1
[2026-08-11 13:02:57.744] [ERROR] [com.apple.CFNetwork/Default] Connection 15: encountered error(1:61)
[2026-08-11 13:02:57.744] [NOTICE] [com.apple.CFNetwork/Default] Connection 15: cleaning up
[2026-08-11 13:02:57.744] [NOTICE] [com.apple.CFNetwork/Summary] Connection 15: summary for unused connection {protocol="(null)", domain_lookup_duration_ms=0, connect_duration_ms=0, secure_connection_duration_ms=0, private_relay=false, idle_duration_ms=0}
[2026-08-11 13:02:57.744] [NOTICE] [com.apple.network/connection] [C15 4623C2A7-5CF9-4387-BCC1-64F42D1DE270 127.0.0.1:62382 tcp, url hash: 9f979fd0, definite, attribution: developer] cancel
[2026-08-11 13:02:57.744] [INFO] [com.apple.network/connection] nw_connection_uses_multipath_block_invoke [C15]  has no connected handler
[2026-08-11 13:02:57.744] [ERROR] [com.apple.network/connection] nw_connection_copy_connected_local_endpoint_block_invoke [C15] Client called nw_connection_copy_connected_local_endpoint on unconnected nw_connection
[2026-08-11 13:02:57.744] [ERROR] [com.apple.network/connection] nw_connection_copy_connected_remote_endpoint_block_invoke [C15] Client called nw_connection_copy_connected_remote_endpoint on unconnected nw_connection
[2026-08-11 13:02:57.744] [NOTICE] [com.apple.network/connection] [C15 4623C2A7-5CF9-4387-BCC1-64F42D1DE270 127.0.0.1:62382 tcp, url hash: 9f979fd0, definite, attribution: developer] cancelled
	[C15 3FD36AE6-84FD-4071-9700-29DAF0DF38FD <NULL><-><NULL>]
	Connected Path: (null)
	Privacy Stance: Not Eligible
	Duration: 0.001s, TCP @0.000s took 0.000s
[2026-08-11 13:02:57.744] [INFO] [com.apple.network/connection] nw_endpoint_handler_cancel [C15 127.0.0.1:62382 failed socket-flow (satisfied (Path is satisfied), viable, interface: lo0)]
[2026-08-11 13:02:57.744] [INFO] [com.apple.network/connection] nw_association_schedule_deactivation <nw_association 127.0.0.1:62382> will become dormant after 10000ms of inactivity
[2026-08-11 13:02:57.744] [NOTICE] [com.apple.network/connection] nw_connection_report_state_with_handler_on_nw_queue [C15] reporting state cancelled error Connection refused
[2026-08-11 13:02:57.744] [NOTICE] [com.apple.CFNetwork/Default] Task <2413C938-76A6-47A3-AE82-1EEDDAB37AB1>.<15> can retry(N) with reason(2) for error [1:61]
[2026-08-11 13:02:57.744] [INFO] [com.apple.network/connection] [C15 127.0.0.1:62382 tcp, url hash: 9f979fd0, definite, attribution: developer] dealloc
[2026-08-11 13:02:57.744] [ERROR] [com.apple.CFNetwork/Default] Task <2413C938-76A6-47A3-AE82-1EEDDAB37AB1>.<15> HTTP load failed, 0/0 bytes (error code: -1004 [1:61])
[2026-08-11 13:02:57.744] [NOTICE] [com.apple.CFNetwork/Summary] Task <2413C938-76A6-47A3-AE82-1EEDDAB37AB1>.<15> summary for task failure {transaction_duration_ms=3, response_status=-1, connection=15, reused=1, reused_after_ms=0, request_start_ms=0, request_duration_ms=0, response_start_ms=0, response_duration_ms=0, request_bytes=0, request_throughput_kbps=0, response_bytes=0, response_throughput_kbps=0, cache_hit=false}
[2026-08-11 13:02:57.744] [ERROR] [com.apple.CFNetwork/Default] Task <2413C938-76A6-47A3-AE82-1EEDDAB37AB1>.<15> finished with error [-1004] Error Domain=NSURLErrorDomain Code=-1004 UserInfo={NSErrorFailingURLStringKey=<private>, NSErrorFailingURLKey=<private>, _NSURLErrorRelatedURLSessionTaskErrorKey=<private>, _NSURLErrorFailingURLSessionTaskErrorKey=<private>, NSLocalizedDescription=<private>}
[2026-08-11 13:02:57.745] [ERROR] [com.tangzixiang.meow.app/meow-api] WS /logs reconnecting in 1s: Error Domain=NSURLErrorDomain Code=-1004 "无法连接服务器。" UserInfo={NSErrorFailingURLStringKey=http://127.0.0.1:62382/logs?level=debug, NSLocalizedDescription=无法连接服务器。, NSErrorFailingURLKey=http://127.0.0.1:62382/logs?level=debug}
[2026-08-11 13:02:58.808] [NOTICE] [com.apple.CFNetwork/Default] Task <DFAD2CDF-9EF9-4691-9BE1-314771C1679E>.<16> resuming, timeouts(60.0, 604800.0) qos(0x19) voucher((null)) activity(00000000-0000-0000-0000-000000000000)
[2026-08-11 13:02:58.810] [INFO] [com.apple.network/connection] nw_connection_create_with_id [C16] create connection to 127.0.0.1:62382
[2026-08-11 13:02:58.810] [NOTICE] [com.apple.CFNetwork/Default] Connection 16: starting, TC(0x0)
[2026-08-11 13:02:58.810] [NOTICE] [com.apple.network/connection] [C16 7D5103CC-30F3-4058-8DFA-755B74E1EB01 127.0.0.1:62382 tcp, url hash: 9f979fd0, definite, attribution: developer, context: com.apple.CFNetwork.NSURLSession.{D2D28DEA-298B-40DD-8393-B780ACD710F2}{(null)}{Y}{2}{0x0} (private), proc: 4E751277-8DF9-3937-8837-5559A42409CF] start
[2026-08-11 13:02:58.810] [INFO] [com.apple.network/connection] nw_endpoint_handler_start [C16 127.0.0.1:62382 initial parent-flow ((null))]
[2026-08-11 13:02:58.810] [NOTICE] [com.apple.network/connection] [C16 127.0.0.1:62382 initial parent-flow ((null))] event: path:start @0.000s
[2026-08-11 13:02:58.810] [INFO] [com.apple.network/] nw_path_necp_check_for_updates Trying to copy result again for 48 flows (max)
[2026-08-11 13:02:58.810] [ERROR] [com.apple.network/] nw_path_necp_check_for_updates Failed to copy updated result (22)
[2026-08-11 13:02:58.811] [NOTICE] [com.apple.network/connection] [C16 127.0.0.1:62382 waiting parent-flow (satisfied (Path is satisfied), viable, interface: lo0)] event: path:satisfied @0.000s, uuid: 3FD36AE6-84FD-4071-9700-29DAF0DF38FD
[2026-08-11 13:02:58.811] [INFO] [com.apple.network/connection] nw_connection_endpoint_report_on_nw_queue_block_invoke [C16 127.0.0.1:62382 waiting parent-flow (satisfied (Path is satisfied), viable, interface: lo0)] skipping state update
[2026-08-11 13:02:58.811] [INFO] [com.apple.network/connection] nw_endpoint_flow_setup_protocols [C16 127.0.0.1:62382 in_progress socket-flow (satisfied (Path is satisfied), viable, interface: lo0)] setup flow id BDB35CFD-C289-43AA-A6D9-39BDFEDC97DA
[2026-08-11 13:02:58.811] [NOTICE] [com.apple.network/connection] [C16 127.0.0.1:62382 in_progress socket-flow (satisfied (Path is satisfied), viable, interface: lo0)] event: flow:start_connect @0.000s
[2026-08-11 13:02:58.811] [NOTICE] [com.apple.network/connection] nw_connection_report_state_with_handler_on_nw_queue [C16] reporting state preparing
[2026-08-11 13:02:58.811] [NOTICE] [com.apple.CFNetwork/Default] Task <DFAD2CDF-9EF9-4691-9BE1-314771C1679E>.<16> setting up Connection 16
[2026-08-11 13:02:58.812] [NOTICE] [com.apple.network/connection] nw_socket_handle_socket_event [C16:2] Socket received CONNRESET event
[2026-08-11 13:02:58.812] [NOTICE] [com.apple.network/connection] nw_socket_handle_socket_event [C16:2] Socket received DISCONNECTED event
[2026-08-11 13:02:58.812] [ERROR] [com.apple.network/connection] nw_socket_handle_socket_event <private> Socket SO_ERROR [61: Connection refused]
[2026-08-11 13:02:58.812] [INFO] [com.apple.network/connection] nw_flow_error [C16 127.0.0.1:62382 in_progress socket-flow (satisfied (Path is satisfied), viable, interface: lo0)] Output protocol (socket) sent error: Connection refused
[2026-08-11 13:02:58.812] [ERROR] [com.apple.network/connection] nw_protocol_socket_set_no_wake_from_sleep <private> setsockopt SO_NOWAKEFROMSLEEP failed [22: Invalid argument]
[2026-08-11 13:02:58.812] [ERROR] [com.apple.network/] nw_protocol_socket_set_no_wake_from_sleep setsockopt SO_NOWAKEFROMSLEEP failed [22: Invalid argument]
[2026-08-11 13:02:58.812] [NOTICE] [com.apple.network/connection] nw_flow_disconnected [C16 127.0.0.1:62382 in_progress socket-flow (satisfied (Path is satisfied), viable, interface: lo0)] Output protocol disconnected
[2026-08-11 13:02:58.812] [ERROR] [com.apple.network/connection] nw_endpoint_flow_failed_with_error [C16 127.0.0.1:62382 in_progress socket-flow (satisfied (Path is satisfied), viable, interface: lo0)] already failing, returning
[2026-08-11 13:02:58.812] [NOTICE] [com.apple.network/connection] [C16 127.0.0.1:62382 failed socket-flow (satisfied (Path is satisfied), viable, interface: lo0)] event: flow:failed_connect @0.001s, error Connection refused
[2026-08-11 13:02:58.812] [INFO] [com.apple.network/connection] nw_connection_report_symptom_on_nw_queue [C16] reported Connection failed after setup symptom
[2026-08-11 13:02:58.812] [NOTICE] [com.apple.network/connection] nw_connection_report_state_with_handler_on_nw_queue [C16] reporting state failed error Connection refused
[2026-08-11 13:02:58.812] [ERROR] [com.apple.CFNetwork/Default] Connection 16: received failure notification
[2026-08-11 13:02:58.812] [ERROR] [com.apple.CFNetwork/Default] Connection 16: failed to connect 1:61, reason -1
[2026-08-11 13:02:58.812] [ERROR] [com.apple.CFNetwork/Default] Connection 16: encountered error(1:61)
[2026-08-11 13:02:58.812] [NOTICE] [com.apple.CFNetwork/Default] Connection 16: cleaning up
[2026-08-11 13:02:58.812] [NOTICE] [com.apple.CFNetwork/Summary] Connection 16: summary for unused connection {protocol="(null)", domain_lookup_duration_ms=0, connect_duration_ms=0, secure_connection_duration_ms=0, private_relay=false, idle_duration_ms=0}
[2026-08-11 13:02:58.812] [NOTICE] [com.apple.network/connection] [C16 7D5103CC-30F3-4058-8DFA-755B74E1EB01 127.0.0.1:62382 tcp, url hash: 9f979fd0, definite, attribution: developer] cancel
[2026-08-11 13:02:58.812] [INFO] [com.apple.network/connection] nw_connection_uses_multipath_block_invoke [C16]  has no connected handler
[2026-08-11 13:02:58.812] [ERROR] [com.apple.network/connection] nw_connection_copy_connected_local_endpoint_block_invoke [C16] Client called nw_connection_copy_connected_local_endpoint on unconnected nw_connection
[2026-08-11 13:02:58.812] [ERROR] [com.apple.network/connection] nw_connection_copy_connected_remote_endpoint_block_invoke [C16] Client called nw_connection_copy_connected_remote_endpoint on unconnected nw_connection
[2026-08-11 13:02:58.812] [NOTICE] [com.apple.network/connection] [C16 7D5103CC-30F3-4058-8DFA-755B74E1EB01 127.0.0.1:62382 tcp, url hash: 9f979fd0, definite, attribution: developer] cancelled
	[C16 3FD36AE6-84FD-4071-9700-29DAF0DF38FD <NULL><-><NULL>]
	Connected Path: (null)
	Privacy Stance: Not Eligible
	Duration: 0.001s, TCP @0.000s took 0.000s
[2026-08-11 13:02:58.812] [INFO] [com.apple.network/connection] nw_endpoint_handler_cancel [C16 127.0.0.1:62382 failed socket-flow (satisfied (Path is satisfied), viable, interface: lo0)]
[2026-08-11 13:02:58.812] [INFO] [com.apple.network/connection] nw_association_schedule_deactivation <nw_association 127.0.0.1:62382> will become dormant after 10000ms of inactivity
[2026-08-11 13:02:58.812] [NOTICE] [com.apple.network/connection] nw_connection_report_state_with_handler_on_nw_queue [C16] reporting state cancelled error Connection refused
[2026-08-11 13:02:58.812] [NOTICE] [com.apple.CFNetwork/Default] Task <DFAD2CDF-9EF9-4691-9BE1-314771C1679E>.<16> can retry(N) with reason(2) for error [1:61]
[2026-08-11 13:02:58.812] [INFO] [com.apple.network/connection] [C16 127.0.0.1:62382 tcp, url hash: 9f979fd0, definite, attribution: developer] dealloc
[2026-08-11 13:02:58.812] [ERROR] [com.apple.CFNetwork/Default] Task <DFAD2CDF-9EF9-4691-9BE1-314771C1679E>.<16> HTTP load failed, 0/0 bytes (error code: -1004 [1:61])
[2026-08-11 13:02:58.813] [NOTICE] [com.apple.CFNetwork/Summary] Task <DFAD2CDF-9EF9-4691-9BE1-314771C1679E>.<16> summary for task failure {transaction_duration_ms=3, response_status=-1, connection=16, reused=1, reused_after_ms=0, request_start_ms=0, request_duration_ms=0, response_start_ms=0, response_duration_ms=0, request_bytes=0, request_throughput_kbps=0, response_bytes=0, response_throughput_kbps=0, cache_hit=false}
[2026-08-11 13:02:58.813] [ERROR] [com.apple.CFNetwork/Default] Task <DFAD2CDF-9EF9-4691-9BE1-314771C1679E>.<16> finished with error [-1004] Error Domain=NSURLErrorDomain Code=-1004 UserInfo={NSErrorFailingURLStringKey=<private>, NSErrorFailingURLKey=<private>, _NSURLErrorRelatedURLSessionTaskErrorKey=<private>, _NSURLErrorFailingURLSessionTaskErrorKey=<private>, NSLocalizedDescription=<private>}
[2026-08-11 13:02:58.813] [ERROR] [com.tangzixiang.meow.app/meow-api] WS /logs reconnecting in 1s: Error Domain=NSURLErrorDomain Code=-1004 "无法连接服务器。" UserInfo={NSErrorFailingURLStringKey=http://127.0.0.1:62382/logs?level=debug, NSLocalizedDescription=无法连接服务器。, NSErrorFailingURLKey=http://127.0.0.1:62382/logs?level=debug}
[2026-08-11 13:02:59.873] [NOTICE] [com.apple.CFNetwork/Default] Task <9EEA6DFF-8E6D-4324-BFF3-CDDC189A4D1C>.<17> resuming, timeouts(60.0, 604800.0) qos(0x19) voucher((null)) activity(00000000-0000-0000-0000-000000000000)
[2026-08-11 13:02:59.874] [INFO] [com.apple.network/connection] nw_connection_create_with_id [C17] create connection to 127.0.0.1:62382
[2026-08-11 13:02:59.874] [NOTICE] [com.apple.CFNetwork/Default] Connection 17: starting, TC(0x0)
[2026-08-11 13:02:59.874] [NOTICE] [com.apple.network/connection] [C17 96E07BE7-D159-4ACD-A9A1-376D8F785C8A 127.0.0.1:62382 tcp, url hash: 9f979fd0, definite, attribution: developer, context: com.apple.CFNetwork.NSURLSession.{D2D28DEA-298B-40DD-8393-B780ACD710F2}{(null)}{Y}{2}{0x0} (private), proc: 4E751277-8DF9-3937-8837-5559A42409CF] start
[2026-08-11 13:02:59.874] [INFO] [com.apple.network/connection] nw_endpoint_handler_start [C17 127.0.0.1:62382 initial parent-flow ((null))]
[2026-08-11 13:02:59.874] [NOTICE] [com.apple.network/connection] [C17 127.0.0.1:62382 initial parent-flow ((null))] event: path:start @0.000s
[2026-08-11 13:02:59.874] [INFO] [com.apple.network/] nw_path_necp_check_for_updates Trying to copy result again for 48 flows (max)
[2026-08-11 13:02:59.874] [ERROR] [com.apple.network/] nw_path_necp_check_for_updates Failed to copy updated result (22)
[2026-08-11 13:02:59.874] [NOTICE] [com.apple.network/connection] [C17 127.0.0.1:62382 waiting parent-flow (satisfied (Path is satisfied), viable, interface: lo0)] event: path:satisfied @0.000s, uuid: 3FD36AE6-84FD-4071-9700-29DAF0DF38FD
[2026-08-11 13:02:59.874] [INFO] [com.apple.network/connection] nw_connection_endpoint_report_on_nw_queue_block_invoke [C17 127.0.0.1:62382 waiting parent-flow (satisfied (Path is satisfied), viable, interface: lo0)] skipping state update
[2026-08-11 13:02:59.874] [INFO] [com.apple.network/connection] nw_endpoint_flow_setup_protocols [C17 127.0.0.1:62382 in_progress socket-flow (satisfied (Path is satisfied), viable, interface: lo0)] setup flow id 427A7BA3-0B6A-4CC4-BBAF-D352062F863F
[2026-08-11 13:02:59.875] [NOTICE] [com.apple.network/connection] [C17 127.0.0.1:62382 in_progress socket-flow (satisfied (Path is satisfied), viable, interface: lo0)] event: flow:start_connect @0.000s
[2026-08-11 13:02:59.875] [NOTICE] [com.apple.network/connection] nw_connection_report_state_with_handler_on_nw_queue [C17] reporting state preparing
[2026-08-11 13:02:59.875] [NOTICE] [com.apple.CFNetwork/Default] Task <9EEA6DFF-8E6D-4324-BFF3-CDDC189A4D1C>.<17> setting up Connection 17
[2026-08-11 13:02:59.875] [NOTICE] [com.apple.network/connection] nw_socket_handle_socket_event [C17:2] Socket received CONNRESET event
[2026-08-11 13:02:59.875] [NOTICE] [com.apple.network/connection] nw_socket_handle_socket_event [C17:2] Socket received DISCONNECTED event
[2026-08-11 13:02:59.875] [ERROR] [com.apple.network/connection] nw_socket_handle_socket_event <private> Socket SO_ERROR [61: Connection refused]
[2026-08-11 13:02:59.875] [INFO] [com.apple.network/connection] nw_flow_error [C17 127.0.0.1:62382 in_progress socket-flow (satisfied (Path is satisfied), viable, interface: lo0)] Output protocol (socket) sent error: Connection refused
[2026-08-11 13:02:59.875] [ERROR] [com.apple.network/connection] nw_protocol_socket_set_no_wake_from_sleep <private> setsockopt SO_NOWAKEFROMSLEEP failed [22: Invalid argument]
[2026-08-11 13:02:59.875] [ERROR] [com.apple.network/] nw_protocol_socket_set_no_wake_from_sleep setsockopt SO_NOWAKEFROMSLEEP failed [22: Invalid argument]
[2026-08-11 13:02:59.875] [NOTICE] [com.apple.network/connection] nw_flow_disconnected [C17 127.0.0.1:62382 in_progress socket-flow (satisfied (Path is satisfied), viable, interface: lo0)] Output protocol disconnected
[2026-08-11 13:02:59.875] [ERROR] [com.apple.network/connection] nw_endpoint_flow_failed_with_error [C17 127.0.0.1:62382 in_progress socket-flow (satisfied (Path is satisfied), viable, interface: lo0)] already failing, returning
[2026-08-11 13:02:59.875] [NOTICE] [com.apple.network/connection] [C17 127.0.0.1:62382 failed socket-flow (satisfied (Path is satisfied), viable, interface: lo0)] event: flow:failed_connect @0.000s, error Connection refused
[2026-08-11 13:02:59.875] [INFO] [com.apple.network/connection] nw_connection_report_symptom_on_nw_queue [C17] reported Connection failed after setup symptom
[2026-08-11 13:02:59.875] [NOTICE] [com.apple.network/connection] nw_connection_report_state_with_handler_on_nw_queue [C17] reporting state failed error Connection refused
[2026-08-11 13:02:59.875] [ERROR] [com.apple.CFNetwork/Default] Connection 17: received failure notification
[2026-08-11 13:02:59.875] [ERROR] [com.apple.CFNetwork/Default] Connection 17: failed to connect 1:61, reason -1
[2026-08-11 13:02:59.875] [ERROR] [com.apple.CFNetwork/Default] Connection 17: encountered error(1:61)
[2026-08-11 13:02:59.875] [NOTICE] [com.apple.CFNetwork/Default] Connection 17: cleaning up
[2026-08-11 13:02:59.875] [NOTICE] [com.apple.CFNetwork/Summary] Connection 17: summary for unused connection {protocol="(null)", domain_lookup_duration_ms=0, connect_duration_ms=0, secure_connection_duration_ms=0, private_relay=false, idle_duration_ms=0}
[2026-08-11 13:02:59.875] [NOTICE] [com.apple.network/connection] [C17 96E07BE7-D159-4ACD-A9A1-376D8F785C8A 127.0.0.1:62382 tcp, url hash: 9f979fd0, definite, attribution: developer] cancel
[2026-08-11 13:02:59.875] [INFO] [com.apple.network/connection] nw_connection_uses_multipath_block_invoke [C17]  has no connected handler
[2026-08-11 13:02:59.875] [ERROR] [com.apple.network/connection] nw_connection_copy_connected_local_endpoint_block_invoke [C17] Client called nw_connection_copy_connected_local_endpoint on unconnected nw_connection
[2026-08-11 13:02:59.875] [ERROR] [com.apple.network/connection] nw_connection_copy_connected_remote_endpoint_block_invoke [C17] Client called nw_connection_copy_connected_remote_endpoint on unconnected nw_connection
[2026-08-11 13:02:59.875] [NOTICE] [com.apple.network/connection] [C17 96E07BE7-D159-4ACD-A9A1-376D8F785C8A 127.0.0.1:62382 tcp, url hash: 9f979fd0, definite, attribution: developer] cancelled
	[C17 3FD36AE6-84FD-4071-9700-29DAF0DF38FD <NULL><-><NULL>]
	Connected Path: (null)
	Privacy Stance: Not Eligible
	Duration: 0.001s, TCP @0.000s took 0.000s
[2026-08-11 13:02:59.875] [INFO] [com.apple.network/connection] nw_endpoint_handler_cancel [C17 127.0.0.1:62382 failed socket-flow (satisfied (Path is satisfied), viable, interface: lo0)]
[2026-08-11 13:02:59.875] [INFO] [com.apple.network/connection] nw_association_schedule_deactivation <nw_association 127.0.0.1:62382> will become dormant after 10000ms of inactivity
[2026-08-11 13:02:59.875] [NOTICE] [com.apple.network/connection] nw_connection_report_state_with_handler_on_nw_queue [C17] reporting state cancelled error Connection refused
[2026-08-11 13:02:59.875] [NOTICE] [com.apple.CFNetwork/Default] Task <9EEA6DFF-8E6D-4324-BFF3-CDDC189A4D1C>.<17> can retry(N) with reason(2) for error [1:61]
[2026-08-11 13:02:59.875] [INFO] [com.apple.network/connection] [C17 127.0.0.1:62382 tcp, url hash: 9f979fd0, definite, attribution: developer] dealloc
[2026-08-11 13:02:59.875] [ERROR] [com.apple.CFNetwork/Default] Task <9EEA6DFF-8E6D-4324-BFF3-CDDC189A4D1C>.<17> HTTP load failed, 0/0 bytes (error code: -1004 [1:61])
[2026-08-11 13:02:59.875] [NOTICE] [com.apple.CFNetwork/Summary] Task <9EEA6DFF-8E6D-4324-BFF3-CDDC189A4D1C>.<17> summary for task failure {transaction_duration_ms=2, response_status=-1, connection=17, reused=1, reused_after_ms=0, request_start_ms=0, request_duration_ms=0, response_start_ms=0, response_duration_ms=0, request_bytes=0, request_throughput_kbps=0, response_bytes=0, response_throughput_kbps=0, cache_hit=false}
[2026-08-11 13:02:59.876] [ERROR] [com.apple.CFNetwork/Default] Task <9EEA6DFF-8E6D-4324-BFF3-CDDC189A4D1C>.<17> finished with error [-1004] Error Domain=NSURLErrorDomain Code=-1004 UserInfo={NSErrorFailingURLStringKey=<private>, NSErrorFailingURLKey=<private>, _NSURLErrorRelatedURLSessionTaskErrorKey=<private>, _NSURLErrorFailingURLSessionTaskErrorKey=<private>, NSLocalizedDescription=<private>}
[2026-08-11 13:02:59.876] [ERROR] [com.tangzixiang.meow.app/meow-api] WS /logs reconnecting in 1s: Error Domain=NSURLErrorDomain Code=-1004 "无法连接服务器。" UserInfo={NSErrorFailingURLStringKey=http://127.0.0.1:62382/logs?level=debug, NSLocalizedDescription=无法连接服务器。, NSErrorFailingURLKey=http://127.0.0.1:62382/logs?level=debug}
[2026-08-11 13:03:00.940] [NOTICE] [com.apple.CFNetwork/Default] Task <F719BC11-67F4-496F-92AF-C97A4D2A3A17>.<18> resuming, timeouts(60.0, 604800.0) qos(0x19) voucher((null)) activity(00000000-0000-0000-0000-000000000000)
[2026-08-11 13:03:00.942] [INFO] [com.apple.network/connection] nw_connection_create_with_id [C18] create connection to 127.0.0.1:62382
[2026-08-11 13:03:00.942] [NOTICE] [com.apple.CFNetwork/Default] Connection 18: starting, TC(0x0)
[2026-08-11 13:03:00.942] [NOTICE] [com.apple.network/connection] [C18 F08539B7-1621-49A0-9A4C-0C17C2F7D7AC 127.0.0.1:62382 tcp, url hash: 9f979fd0, definite, attribution: developer, context: com.apple.CFNetwork.NSURLSession.{D2D28DEA-298B-40DD-8393-B780ACD710F2}{(null)}{Y}{2}{0x0} (private), proc: 4E751277-8DF9-3937-8837-5559A42409CF] start
[2026-08-11 13:03:00.942] [INFO] [com.apple.network/connection] nw_endpoint_handler_start [C18 127.0.0.1:62382 initial parent-flow ((null))]
[2026-08-11 13:03:00.942] [NOTICE] [com.apple.network/connection] [C18 127.0.0.1:62382 initial parent-flow ((null))] event: path:start @0.000s
[2026-08-11 13:03:00.942] [INFO] [com.apple.network/] nw_path_necp_check_for_updates Trying to copy result again for 48 flows (max)
[2026-08-11 13:03:00.942] [ERROR] [com.apple.network/] nw_path_necp_check_for_updates Failed to copy updated result (22)
[2026-08-11 13:03:00.942] [NOTICE] [com.apple.network/connection] [C18 127.0.0.1:62382 waiting parent-flow (satisfied (Path is satisfied), viable, interface: lo0)] event: path:satisfied @0.000s, uuid: 3FD36AE6-84FD-4071-9700-29DAF0DF38FD
[2026-08-11 13:03:00.942] [INFO] [com.apple.network/connection] nw_connection_endpoint_report_on_nw_queue_block_invoke [C18 127.0.0.1:62382 waiting parent-flow (satisfied (Path is satisfied), viable, interface: lo0)] skipping state update
[2026-08-11 13:03:00.942] [INFO] [com.apple.network/connection] nw_endpoint_flow_setup_protocols [C18 127.0.0.1:62382 in_progress socket-flow (satisfied (Path is satisfied), viable, interface: lo0)] setup flow id 17DE089C-401E-475A-A82F-5E990EBCE914
[2026-08-11 13:03:00.943] [NOTICE] [com.apple.network/connection] [C18 127.0.0.1:62382 in_progress socket-flow (satisfied (Path is satisfied), viable, interface: lo0)] event: flow:start_connect @0.000s
[2026-08-11 13:03:00.943] [NOTICE] [com.apple.network/connection] nw_connection_report_state_with_handler_on_nw_queue [C18] reporting state preparing
[2026-08-11 13:03:00.943] [NOTICE] [com.apple.CFNetwork/Default] Task <F719BC11-67F4-496F-92AF-C97A4D2A3A17>.<18> setting up Connection 18
[2026-08-11 13:03:00.943] [NOTICE] [com.apple.network/connection] nw_socket_handle_socket_event [C18:2] Socket received CONNRESET event
[2026-08-11 13:03:00.943] [NOTICE] [com.apple.network/connection] nw_socket_handle_socket_event [C18:2] Socket received DISCONNECTED event
[2026-08-11 13:03:00.943] [ERROR] [com.apple.network/connection] nw_socket_handle_socket_event <private> Socket SO_ERROR [61: Connection refused]
[2026-08-11 13:03:00.943] [INFO] [com.apple.network/connection] nw_flow_error [C18 127.0.0.1:62382 in_progress socket-flow (satisfied (Path is satisfied), viable, interface: lo0)] Output protocol (socket) sent error: Connection refused
[2026-08-11 13:03:00.943] [ERROR] [com.apple.network/connection] nw_protocol_socket_set_no_wake_from_sleep <private> setsockopt SO_NOWAKEFROMSLEEP failed [22: Invalid argument]
[2026-08-11 13:03:00.943] [ERROR] [com.apple.network/] nw_protocol_socket_set_no_wake_from_sleep setsockopt SO_NOWAKEFROMSLEEP failed [22: Invalid argument]
[2026-08-11 13:03:00.943] [NOTICE] [com.apple.network/connection] nw_flow_disconnected [C18 127.0.0.1:62382 in_progress socket-flow (satisfied (Path is satisfied), viable, interface: lo0)] Output protocol disconnected
[2026-08-11 13:03:00.944] [ERROR] [com.apple.network/connection] nw_endpoint_flow_failed_with_error [C18 127.0.0.1:62382 in_progress socket-flow (satisfied (Path is satisfied), viable, interface: lo0)] already failing, returning
[2026-08-11 13:03:00.944] [NOTICE] [com.apple.network/connection] [C18 127.0.0.1:62382 failed socket-flow (satisfied (Path is satisfied), viable, interface: lo0)] event: flow:failed_connect @0.001s, error Connection refused
[2026-08-11 13:03:00.944] [INFO] [com.apple.network/connection] nw_connection_report_symptom_on_nw_queue [C18] reported Connection failed after setup symptom
[2026-08-11 13:03:00.944] [NOTICE] [com.apple.network/connection] nw_connection_report_state_with_handler_on_nw_queue [C18] reporting state failed error Connection refused
[2026-08-11 13:03:00.944] [ERROR] [com.apple.CFNetwork/Default] Connection 18: received failure notification
[2026-08-11 13:03:00.944] [ERROR] [com.apple.CFNetwork/Default] Connection 18: failed to connect 1:61, reason -1
[2026-08-11 13:03:00.944] [ERROR] [com.apple.CFNetwork/Default] Connection 18: encountered error(1:61)
[2026-08-11 13:03:00.944] [NOTICE] [com.apple.CFNetwork/Default] Connection 18: cleaning up
[2026-08-11 13:03:00.944] [NOTICE] [com.apple.CFNetwork/Summary] Connection 18: summary for unused connection {protocol="(null)", domain_lookup_duration_ms=0, connect_duration_ms=0, secure_connection_duration_ms=0, private_relay=false, idle_duration_ms=0}
[2026-08-11 13:03:00.944] [NOTICE] [com.apple.network/connection] [C18 F08539B7-1621-49A0-9A4C-0C17C2F7D7AC 127.0.0.1:62382 tcp, url hash: 9f979fd0, definite, attribution: developer] cancel
[2026-08-11 13:03:00.944] [INFO] [com.apple.network/connection] nw_connection_uses_multipath_block_invoke [C18]  has no connected handler
[2026-08-11 13:03:00.944] [ERROR] [com.apple.network/connection] nw_connection_copy_connected_local_endpoint_block_invoke [C18] Client called nw_connection_copy_connected_local_endpoint on unconnected nw_connection
[2026-08-11 13:03:00.944] [ERROR] [com.apple.network/connection] nw_connection_copy_connected_remote_endpoint_block_invoke [C18] Client called nw_connection_copy_connected_remote_endpoint on unconnected nw_connection
[2026-08-11 13:03:00.944] [NOTICE] [com.apple.network/connection] [C18 F08539B7-1621-49A0-9A4C-0C17C2F7D7AC 127.0.0.1:62382 tcp, url hash: 9f979fd0, definite, attribution: developer] cancelled
	[C18 3FD36AE6-84FD-4071-9700-29DAF0DF38FD <NULL><-><NULL>]
	Connected Path: (null)
	Privacy Stance: Not Eligible
	Duration: 0.001s, TCP @0.000s took 0.000s
[2026-08-11 13:03:00.944] [INFO] [com.apple.network/connection] nw_endpoint_handler_cancel [C18 127.0.0.1:62382 failed socket-flow (satisfied (Path is satisfied), viable, interface: lo0)]
[2026-08-11 13:03:00.944] [INFO] [com.apple.network/connection] nw_association_schedule_deactivation <nw_association 127.0.0.1:62382> will become dormant after 10000ms of inactivity
[2026-08-11 13:03:00.944] [NOTICE] [com.apple.network/connection] nw_connection_report_state_with_handler_on_nw_queue [C18] reporting state cancelled error Connection refused
[2026-08-11 13:03:00.944] [NOTICE] [com.apple.CFNetwork/Default] Task <F719BC11-67F4-496F-92AF-C97A4D2A3A17>.<18> can retry(N) with reason(2) for error [1:61]
[2026-08-11 13:03:00.944] [INFO] [com.apple.network/connection] [C18 127.0.0.1:62382 tcp, url hash: 9f979fd0, definite, attribution: developer] dealloc
[2026-08-11 13:03:00.944] [ERROR] [com.apple.CFNetwork/Default] Task <F719BC11-67F4-496F-92AF-C97A4D2A3A17>.<18> HTTP load failed, 0/0 bytes (error code: -1004 [1:61])
[2026-08-11 13:03:00.944] [NOTICE] [com.apple.CFNetwork/Summary] Task <F719BC11-67F4-496F-92AF-C97A4D2A3A17>.<18> summary for task failure {transaction_duration_ms=3, response_status=-1, connection=18, reused=1, reused_after_ms=0, request_start_ms=0, request_duration_ms=0, response_start_ms=0, response_duration_ms=0, request_bytes=0, request_throughput_kbps=0, response_bytes=0, response_throughput_kbps=0, cache_hit=false}
[2026-08-11 13:03:00.945] [ERROR] [com.apple.CFNetwork/Default] Task <F719BC11-67F4-496F-92AF-C97A4D2A3A17>.<18> finished with error [-1004] Error Domain=NSURLErrorDomain Code=-1004 UserInfo={NSErrorFailingURLStringKey=<private>, NSErrorFailingURLKey=<private>, _NSURLErrorRelatedURLSessionTaskErrorKey=<private>, _NSURLErrorFailingURLSessionTaskErrorKey=<private>, NSLocalizedDescription=<private>}
[2026-08-11 13:03:00.945] [ERROR] [com.tangzixiang.meow.app/meow-api] WS /logs reconnecting in 1s: Error Domain=NSURLErrorDomain Code=-1004 "无法连接服务器。" UserInfo={NSErrorFailingURLStringKey=http://127.0.0.1:62382/logs?level=debug, NSLocalizedDescription=无法连接服务器。, NSErrorFailingURLKey=http://127.0.0.1:62382/logs?level=debug}
[2026-08-11 13:03:02.007] [NOTICE] [com.apple.CFNetwork/Default] Task <2BB77C62-42CB-450F-A3AA-9190B0EB3537>.<19> resuming, timeouts(60.0, 604800.0) qos(0x19) voucher((null)) activity(00000000-0000-0000-0000-000000000000)
[2026-08-11 13:03:02.009] [INFO] [com.apple.network/connection] nw_connection_create_with_id [C19] create connection to 127.0.0.1:62382
[2026-08-11 13:03:02.009] [NOTICE] [com.apple.CFNetwork/Default] Connection 19: starting, TC(0x0)
[2026-08-11 13:03:02.009] [NOTICE] [com.apple.network/connection] [C19 551BE738-92AB-4A50-BBE8-366401C0005C 127.0.0.1:62382 tcp, url hash: 9f979fd0, definite, attribution: developer, context: com.apple.CFNetwork.NSURLSession.{D2D28DEA-298B-40DD-8393-B780ACD710F2}{(null)}{Y}{2}{0x0} (private), proc: 4E751277-8DF9-3937-8837-5559A42409CF] start
[2026-08-11 13:03:02.009] [INFO] [com.apple.network/connection] nw_endpoint_handler_start [C19 127.0.0.1:62382 initial parent-flow ((null))]
[2026-08-11 13:03:02.009] [NOTICE] [com.apple.network/connection] [C19 127.0.0.1:62382 initial parent-flow ((null))] event: path:start @0.000s
[2026-08-11 13:03:02.009] [INFO] [com.apple.network/] nw_path_necp_check_for_updates Trying to copy result again for 48 flows (max)
[2026-08-11 13:03:02.009] [ERROR] [com.apple.network/] nw_path_necp_check_for_updates Failed to copy updated result (22)
[2026-08-11 13:03:02.009] [NOTICE] [com.apple.network/connection] [C19 127.0.0.1:62382 waiting parent-flow (satisfied (Path is satisfied), viable, interface: lo0)] event: path:satisfied @0.000s, uuid: 3FD36AE6-84FD-4071-9700-29DAF0DF38FD
[2026-08-11 13:03:02.009] [INFO] [com.apple.network/connection] nw_connection_endpoint_report_on_nw_queue_block_invoke [C19 127.0.0.1:62382 waiting parent-flow (satisfied (Path is satisfied), viable, interface: lo0)] skipping state update
[2026-08-11 13:03:02.009] [INFO] [com.apple.network/connection] nw_endpoint_flow_setup_protocols [C19 127.0.0.1:62382 in_progress socket-flow (satisfied (Path is satisfied), viable, interface: lo0)] setup flow id E39FD504-31B0-48BB-8635-4AD5CFE3A56D
[2026-08-11 13:03:02.009] [NOTICE] [com.apple.network/connection] [C19 127.0.0.1:62382 in_progress socket-flow (satisfied (Path is satisfied), viable, interface: lo0)] event: flow:start_connect @0.000s
[2026-08-11 13:03:02.009] [NOTICE] [com.apple.network/connection] nw_connection_report_state_with_handler_on_nw_queue [C19] reporting state preparing
[2026-08-11 13:03:02.010] [NOTICE] [com.apple.CFNetwork/Default] Task <2BB77C62-42CB-450F-A3AA-9190B0EB3537>.<19> setting up Connection 19
[2026-08-11 13:03:02.010] [NOTICE] [com.apple.network/connection] nw_socket_handle_socket_event [C19:2] Socket received CONNRESET event
[2026-08-11 13:03:02.010] [NOTICE] [com.apple.network/connection] nw_socket_handle_socket_event [C19:2] Socket received DISCONNECTED event
[2026-08-11 13:03:02.010] [ERROR] [com.apple.network/connection] nw_socket_handle_socket_event <private> Socket SO_ERROR [61: Connection refused]
[2026-08-11 13:03:02.010] [INFO] [com.apple.network/connection] nw_flow_error [C19 127.0.0.1:62382 in_progress socket-flow (satisfied (Path is satisfied), viable, interface: lo0)] Output protocol (socket) sent error: Connection refused
[2026-08-11 13:03:02.010] [ERROR] [com.apple.network/connection] nw_protocol_socket_set_no_wake_from_sleep <private> setsockopt SO_NOWAKEFROMSLEEP failed [22: Invalid argument]
[2026-08-11 13:03:02.010] [ERROR] [com.apple.network/] nw_protocol_socket_set_no_wake_from_sleep setsockopt SO_NOWAKEFROMSLEEP failed [22: Invalid argument]
[2026-08-11 13:03:02.010] [NOTICE] [com.apple.network/connection] nw_flow_disconnected [C19 127.0.0.1:62382 in_progress socket-flow (satisfied (Path is satisfied), viable, interface: lo0)] Output protocol disconnected
[2026-08-11 13:03:02.010] [ERROR] [com.apple.network/connection] nw_endpoint_flow_failed_with_error [C19 127.0.0.1:62382 in_progress socket-flow (satisfied (Path is satisfied), viable, interface: lo0)] already failing, returning
[2026-08-11 13:03:02.010] [NOTICE] [com.apple.network/connection] [C19 127.0.0.1:62382 failed socket-flow (satisfied (Path is satisfied), viable, interface: lo0)] event: flow:failed_connect @0.001s, error Connection refused
[2026-08-11 13:03:02.010] [INFO] [com.apple.network/connection] nw_connection_report_symptom_on_nw_queue [C19] reported Connection failed after setup symptom
[2026-08-11 13:03:02.010] [NOTICE] [com.apple.network/connection] nw_connection_report_state_with_handler_on_nw_queue [C19] reporting state failed error Connection refused
[2026-08-11 13:03:02.010] [ERROR] [com.apple.CFNetwork/Default] Connection 19: received failure notification
[2026-08-11 13:03:02.010] [ERROR] [com.apple.CFNetwork/Default] Connection 19: failed to connect 1:61, reason -1
[2026-08-11 13:03:02.010] [ERROR] [com.apple.CFNetwork/Default] Connection 19: encountered error(1:61)
[2026-08-11 13:03:02.010] [NOTICE] [com.apple.CFNetwork/Default] Connection 19: cleaning up
[2026-08-11 13:03:02.010] [NOTICE] [com.apple.CFNetwork/Summary] Connection 19: summary for unused connection {protocol="(null)", domain_lookup_duration_ms=0, connect_duration_ms=0, secure_connection_duration_ms=0, private_relay=false, idle_duration_ms=0}
[2026-08-11 13:03:02.010] [NOTICE] [com.apple.network/connection] [C19 551BE738-92AB-4A50-BBE8-366401C0005C 127.0.0.1:62382 tcp, url hash: 9f979fd0, definite, attribution: developer] cancel
[2026-08-11 13:03:02.010] [INFO] [com.apple.network/connection] nw_connection_uses_multipath_block_invoke [C19]  has no connected handler
[2026-08-11 13:03:02.010] [ERROR] [com.apple.network/connection] nw_connection_copy_connected_local_endpoint_block_invoke [C19] Client called nw_connection_copy_connected_local_endpoint on unconnected nw_connection
[2026-08-11 13:03:02.010] [ERROR] [com.apple.network/connection] nw_connection_copy_connected_remote_endpoint_block_invoke [C19] Client called nw_connection_copy_connected_remote_endpoint on unconnected nw_connection
[2026-08-11 13:03:02.010] [NOTICE] [com.apple.network/connection] [C19 551BE738-92AB-4A50-BBE8-366401C0005C 127.0.0.1:62382 tcp, url hash: 9f979fd0, definite, attribution: developer] cancelled
	[C19 3FD36AE6-84FD-4071-9700-29DAF0DF38FD <NULL><-><NULL>]
	Connected Path: (null)
	Privacy Stance: Not Eligible
	Duration: 0.001s, TCP @0.000s took 0.000s
[2026-08-11 13:03:02.010] [INFO] [com.apple.network/connection] nw_endpoint_handler_cancel [C19 127.0.0.1:62382 failed socket-flow (satisfied (Path is satisfied), viable, interface: lo0)]
[2026-08-11 13:03:02.010] [INFO] [com.apple.network/connection] nw_association_schedule_deactivation <nw_association 127.0.0.1:62382> will become dormant after 10000ms of inactivity
[2026-08-11 13:03:02.011] [NOTICE] [com.apple.network/connection] nw_connection_report_state_with_handler_on_nw_queue [C19] reporting state cancelled error Connection refused
[2026-08-11 13:03:02.011] [NOTICE] [com.apple.CFNetwork/Default] Task <2BB77C62-42CB-450F-A3AA-9190B0EB3537>.<19> can retry(N) with reason(2) for error [1:61]
[2026-08-11 13:03:02.011] [INFO] [com.apple.network/connection] [C19 127.0.0.1:62382 tcp, url hash: 9f979fd0, definite, attribution: developer] dealloc
[2026-08-11 13:03:02.011] [ERROR] [com.apple.CFNetwork/Default] Task <2BB77C62-42CB-450F-A3AA-9190B0EB3537>.<19> HTTP load failed, 0/0 bytes (error code: -1004 [1:61])
[2026-08-11 13:03:02.011] [NOTICE] [com.apple.CFNetwork/Summary] Task <2BB77C62-42CB-450F-A3AA-9190B0EB3537>.<19> summary for task failure {transaction_duration_ms=3, response_status=-1, connection=19, reused=1, reused_after_ms=0, request_start_ms=0, request_duration_ms=0, response_start_ms=0, response_duration_ms=0, request_bytes=0, request_throughput_kbps=0, response_bytes=0, response_throughput_kbps=0, cache_hit=false}
[2026-08-11 13:03:02.011] [ERROR] [com.apple.CFNetwork/Default] Task <2BB77C62-42CB-450F-A3AA-9190B0EB3537>.<19> finished with error [-1004] Error Domain=NSURLErrorDomain Code=-1004 UserInfo={NSErrorFailingURLStringKey=<private>, NSErrorFailingURLKey=<private>, _NSURLErrorRelatedURLSessionTaskErrorKey=<private>, _NSURLErrorFailingURLSessionTaskErrorKey=<private>, NSLocalizedDescription=<private>}
[2026-08-11 13:03:02.011] [ERROR] [com.tangzixiang.meow.app/meow-api] WS /logs reconnecting in 1s: Error Domain=NSURLErrorDomain Code=-1004 "无法连接服务器。" UserInfo={NSErrorFailingURLStringKey=http://127.0.0.1:62382/logs?level=debug, NSLocalizedDescription=无法连接服务器。, NSErrorFailingURLKey=http://127.0.0.1:62382/logs?level=debug}
[2026-08-11 13:03:03.073] [NOTICE] [com.apple.CFNetwork/Default] Task <38928E90-DE2F-433C-A9B3-5D814025600C>.<20> resuming, timeouts(60.0, 604800.0) qos(0x19) voucher((null)) activity(00000000-0000-0000-0000-000000000000)
[2026-08-11 13:03:03.075] [INFO] [com.apple.network/connection] nw_connection_create_with_id [C20] create connection to 127.0.0.1:62382
[2026-08-11 13:03:03.075] [NOTICE] [com.apple.CFNetwork/Default] Connection 20: starting, TC(0x0)
[2026-08-11 13:03:03.075] [NOTICE] [com.apple.network/connection] [C20 11D5F6A6-EC6E-4295-A72F-EB23BB5481CE 127.0.0.1:62382 tcp, url hash: 9f979fd0, definite, attribution: developer, context: com.apple.CFNetwork.NSURLSession.{D2D28DEA-298B-40DD-8393-B780ACD710F2}{(null)}{Y}{2}{0x0} (private), proc: 4E751277-8DF9-3937-8837-5559A42409CF] start
[2026-08-11 13:03:03.075] [INFO] [com.apple.network/connection] nw_endpoint_handler_start [C20 127.0.0.1:62382 initial parent-flow ((null))]
[2026-08-11 13:03:03.075] [NOTICE] [com.apple.network/connection] [C20 127.0.0.1:62382 initial parent-flow ((null))] event: path:start @0.000s
[2026-08-11 13:03:03.075] [INFO] [com.apple.network/] nw_path_necp_check_for_updates Trying to copy result again for 48 flows (max)
[2026-08-11 13:03:03.076] [ERROR] [com.apple.network/] nw_path_necp_check_for_updates Failed to copy updated result (22)
[2026-08-11 13:03:03.076] [NOTICE] [com.apple.network/connection] [C20 127.0.0.1:62382 waiting parent-flow (satisfied (Path is satisfied), viable, interface: lo0)] event: path:satisfied @0.000s, uuid: 3FD36AE6-84FD-4071-9700-29DAF0DF38FD
[2026-08-11 13:03:03.076] [INFO] [com.apple.network/connection] nw_connection_endpoint_report_on_nw_queue_block_invoke [C20 127.0.0.1:62382 waiting parent-flow (satisfied (Path is satisfied), viable, interface: lo0)] skipping state update
[2026-08-11 13:03:03.076] [INFO] [com.apple.network/connection] nw_endpoint_flow_setup_protocols [C20 127.0.0.1:62382 in_progress socket-flow (satisfied (Path is satisfied), viable, interface: lo0)] setup flow id 6C1C1CF3-BDF7-4A20-B75F-38A5D7087A6C
[2026-08-11 13:03:03.076] [NOTICE] [com.apple.network/connection] [C20 127.0.0.1:62382 in_progress socket-flow (satisfied (Path is satisfied), viable, interface: lo0)] event: flow:start_connect @0.000s
[2026-08-11 13:03:03.076] [NOTICE] [com.apple.network/connection] nw_connection_report_state_with_handler_on_nw_queue [C20] reporting state preparing
[2026-08-11 13:03:03.076] [NOTICE] [com.apple.CFNetwork/Default] Task <38928E90-DE2F-433C-A9B3-5D814025600C>.<20> setting up Connection 20
[2026-08-11 13:03:03.077] [NOTICE] [com.apple.network/connection] nw_socket_handle_socket_event [C20:2] Socket received CONNRESET event
[2026-08-11 13:03:03.077] [NOTICE] [com.apple.network/connection] nw_socket_handle_socket_event [C20:2] Socket received DISCONNECTED event
[2026-08-11 13:03:03.077] [ERROR] [com.apple.network/connection] nw_socket_handle_socket_event <private> Socket SO_ERROR [61: Connection refused]
[2026-08-11 13:03:03.077] [INFO] [com.apple.network/connection] nw_flow_error [C20 127.0.0.1:62382 in_progress socket-flow (satisfied (Path is satisfied), viable, interface: lo0)] Output protocol (socket) sent error: Connection refused
[2026-08-11 13:03:03.077] [ERROR] [com.apple.network/connection] nw_protocol_socket_set_no_wake_from_sleep <private> setsockopt SO_NOWAKEFROMSLEEP failed [22: Invalid argument]
[2026-08-11 13:03:03.077] [ERROR] [com.apple.network/] nw_protocol_socket_set_no_wake_from_sleep setsockopt SO_NOWAKEFROMSLEEP failed [22: Invalid argument]
[2026-08-11 13:03:03.077] [NOTICE] [com.apple.network/connection] nw_flow_disconnected [C20 127.0.0.1:62382 in_progress socket-flow (satisfied (Path is satisfied), viable, interface: lo0)] Output protocol disconnected
[2026-08-11 13:03:03.077] [ERROR] [com.apple.network/connection] nw_endpoint_flow_failed_with_error [C20 127.0.0.1:62382 in_progress socket-flow (satisfied (Path is satisfied), viable, interface: lo0)] already failing, returning
[2026-08-11 13:03:03.077] [NOTICE] [com.apple.network/connection] [C20 127.0.0.1:62382 failed socket-flow (satisfied (Path is satisfied), viable, interface: lo0)] event: flow:failed_connect @0.001s, error Connection refused
[2026-08-11 13:03:03.077] [INFO] [com.apple.network/connection] nw_connection_report_symptom_on_nw_queue [C20] reported Connection failed after setup symptom
[2026-08-11 13:03:03.077] [NOTICE] [com.apple.network/connection] nw_connection_report_state_with_handler_on_nw_queue [C20] reporting state failed error Connection refused
[2026-08-11 13:03:03.077] [ERROR] [com.apple.CFNetwork/Default] Connection 20: received failure notification
[2026-08-11 13:03:03.077] [ERROR] [com.apple.CFNetwork/Default] Connection 20: failed to connect 1:61, reason -1
[2026-08-11 13:03:03.077] [ERROR] [com.apple.CFNetwork/Default] Connection 20: encountered error(1:61)
[2026-08-11 13:03:03.077] [NOTICE] [com.apple.CFNetwork/Default] Connection 20: cleaning up
[2026-08-11 13:03:03.077] [NOTICE] [com.apple.CFNetwork/Summary] Connection 20: summary for unused connection {protocol="(null)", domain_lookup_duration_ms=0, connect_duration_ms=0, secure_connection_duration_ms=0, private_relay=false, idle_duration_ms=0}
[2026-08-11 13:03:03.077] [NOTICE] [com.apple.network/connection] [C20 11D5F6A6-EC6E-4295-A72F-EB23BB5481CE 127.0.0.1:62382 tcp, url hash: 9f979fd0, definite, attribution: developer] cancel
[2026-08-11 13:03:03.077] [INFO] [com.apple.network/connection] nw_connection_uses_multipath_block_invoke [C20]  has no connected handler
[2026-08-11 13:03:03.077] [ERROR] [com.apple.network/connection] nw_connection_copy_connected_local_endpoint_block_invoke [C20] Client called nw_connection_copy_connected_local_endpoint on unconnected nw_connection
[2026-08-11 13:03:03.077] [ERROR] [com.apple.network/connection] nw_connection_copy_connected_remote_endpoint_block_invoke [C20] Client called nw_connection_copy_connected_remote_endpoint on unconnected nw_connection
[2026-08-11 13:03:03.077] [NOTICE] [com.apple.network/connection] [C20 11D5F6A6-EC6E-4295-A72F-EB23BB5481CE 127.0.0.1:62382 tcp, url hash: 9f979fd0, definite, attribution: developer] cancelled
	[C20 3FD36AE6-84FD-4071-9700-29DAF0DF38FD <NULL><-><NULL>]
	Connected Path: (null)
	Privacy Stance: Not Eligible
	Duration: 0.001s, TCP @0.000s took 0.000s
[2026-08-11 13:03:03.077] [INFO] [com.apple.network/connection] nw_endpoint_handler_cancel [C20 127.0.0.1:62382 failed socket-flow (satisfied (Path is satisfied), viable, interface: lo0)]
[2026-08-11 13:03:03.077] [INFO] [com.apple.network/connection] nw_association_schedule_deactivation <nw_association 127.0.0.1:62382> will become dormant after 10000ms of inactivity
[2026-08-11 13:03:03.077] [NOTICE] [com.apple.network/connection] nw_connection_report_state_with_handler_on_nw_queue [C20] reporting state cancelled error Connection refused
[2026-08-11 13:03:03.077] [NOTICE] [com.apple.CFNetwork/Default] Task <38928E90-DE2F-433C-A9B3-5D814025600C>.<20> can retry(N) with reason(2) for error [1:61]
[2026-08-11 13:03:03.077] [INFO] [com.apple.network/connection] [C20 127.0.0.1:62382 tcp, url hash: 9f979fd0, definite, attribution: developer] dealloc
[2026-08-11 13:03:03.077] [ERROR] [com.apple.CFNetwork/Default] Task <38928E90-DE2F-433C-A9B3-5D814025600C>.<20> HTTP load failed, 0/0 bytes (error code: -1004 [1:61])
[2026-08-11 13:03:03.078] [NOTICE] [com.apple.CFNetwork/Summary] Task <38928E90-DE2F-433C-A9B3-5D814025600C>.<20> summary for task failure {transaction_duration_ms=3, response_status=-1, connection=20, reused=1, reused_after_ms=0, request_start_ms=0, request_duration_ms=0, response_start_ms=0, response_duration_ms=0, request_bytes=0, request_throughput_kbps=0, response_bytes=0, response_throughput_kbps=0, cache_hit=false}
[2026-08-11 13:03:03.078] [ERROR] [com.apple.CFNetwork/Default] Task <38928E90-DE2F-433C-A9B3-5D814025600C>.<20> finished with error [-1004] Error Domain=NSURLErrorDomain Code=-1004 UserInfo={NSErrorFailingURLStringKey=<private>, NSErrorFailingURLKey=<private>, _NSURLErrorRelatedURLSessionTaskErrorKey=<private>, _NSURLErrorFailingURLSessionTaskErrorKey=<private>, NSLocalizedDescription=<private>}
[2026-08-11 13:03:03.078] [ERROR] [com.tangzixiang.meow.app/meow-api] WS /logs reconnecting in 1s: Error Domain=NSURLErrorDomain Code=-1004 "无法连接服务器。" UserInfo={NSErrorFailingURLStringKey=http://127.0.0.1:62382/logs?level=debug, NSLocalizedDescription=无法连接服务器。, NSErrorFailingURLKey=http://127.0.0.1:62382/logs?level=debug}
[2026-08-11 13:03:04.085] [NOTICE] [com.apple.CFNetwork/Default] Task <B18CA0A8-3D31-42AC-8EF0-4D7B88E592A6>.<21> resuming, timeouts(60.0, 604800.0) qos(0x19) voucher((null)) activity(00000000-0000-0000-0000-000000000000)
[2026-08-11 13:03:04.087] [INFO] [com.apple.network/connection] nw_connection_create_with_id [C21] create connection to 127.0.0.1:62382
[2026-08-11 13:03:04.087] [NOTICE] [com.apple.CFNetwork/Default] Connection 21: starting, TC(0x0)
[2026-08-11 13:03:04.087] [NOTICE] [com.apple.network/connection] [C21 57E179D5-36E7-42F7-9A87-1AB4513C9AFE 127.0.0.1:62382 tcp, url hash: 9f979fd0, definite, attribution: developer, context: com.apple.CFNetwork.NSURLSession.{D2D28DEA-298B-40DD-8393-B780ACD710F2}{(null)}{Y}{2}{0x0} (private), proc: 4E751277-8DF9-3937-8837-5559A42409CF] start
[2026-08-11 13:03:04.087] [INFO] [com.apple.network/connection] nw_endpoint_handler_start [C21 127.0.0.1:62382 initial parent-flow ((null))]
[2026-08-11 13:03:04.087] [NOTICE] [com.apple.network/connection] [C21 127.0.0.1:62382 initial parent-flow ((null))] event: path:start @0.000s
[2026-08-11 13:03:04.087] [INFO] [com.apple.network/] nw_path_necp_check_for_updates Trying to copy result again for 48 flows (max)
[2026-08-11 13:03:04.087] [ERROR] [com.apple.network/] nw_path_necp_check_for_updates Failed to copy updated result (22)
[2026-08-11 13:03:04.087] [NOTICE] [com.apple.network/connection] [C21 127.0.0.1:62382 waiting parent-flow (satisfied (Path is satisfied), viable, interface: lo0)] event: path:satisfied @0.000s, uuid: 3FD36AE6-84FD-4071-9700-29DAF0DF38FD
[2026-08-11 13:03:04.087] [INFO] [com.apple.network/connection] nw_connection_endpoint_report_on_nw_queue_block_invoke [C21 127.0.0.1:62382 waiting parent-flow (satisfied (Path is satisfied), viable, interface: lo0)] skipping state update
[2026-08-11 13:03:04.087] [INFO] [com.apple.network/connection] nw_endpoint_flow_setup_protocols [C21 127.0.0.1:62382 in_progress socket-flow (satisfied (Path is satisfied), viable, interface: lo0)] setup flow id 30FFC0B3-8F3D-44A2-95FF-FE5CF742F31B
[2026-08-11 13:03:04.088] [NOTICE] [com.apple.network/connection] [C21 127.0.0.1:62382 in_progress socket-flow (satisfied (Path is satisfied), viable, interface: lo0)] event: flow:start_connect @0.000s
[2026-08-11 13:03:04.088] [NOTICE] [com.apple.network/connection] nw_connection_report_state_with_handler_on_nw_queue [C21] reporting state preparing
[2026-08-11 13:03:04.088] [NOTICE] [com.apple.CFNetwork/Default] Task <B18CA0A8-3D31-42AC-8EF0-4D7B88E592A6>.<21> setting up Connection 21
[2026-08-11 13:03:04.088] [NOTICE] [com.apple.network/connection] nw_socket_handle_socket_event [C21:2] Socket received CONNRESET event
[2026-08-11 13:03:04.088] [NOTICE] [com.apple.network/connection] nw_socket_handle_socket_event [C21:2] Socket received DISCONNECTED event
[2026-08-11 13:03:04.088] [ERROR] [com.apple.network/connection] nw_socket_handle_socket_event <private> Socket SO_ERROR [61: Connection refused]
[2026-08-11 13:03:04.088] [INFO] [com.apple.network/connection] nw_flow_error [C21 127.0.0.1:62382 in_progress socket-flow (satisfied (Path is satisfied), viable, interface: lo0)] Output protocol (socket) sent error: Connection refused
[2026-08-11 13:03:04.088] [ERROR] [com.apple.network/connection] nw_protocol_socket_set_no_wake_from_sleep <private> setsockopt SO_NOWAKEFROMSLEEP failed [22: Invalid argument]
[2026-08-11 13:03:04.088] [ERROR] [com.apple.network/] nw_protocol_socket_set_no_wake_from_sleep setsockopt SO_NOWAKEFROMSLEEP failed [22: Invalid argument]
[2026-08-11 13:03:04.088] [NOTICE] [com.apple.network/connection] nw_flow_disconnected [C21 127.0.0.1:62382 in_progress socket-flow (satisfied (Path is satisfied), viable, interface: lo0)] Output protocol disconnected
[2026-08-11 13:03:04.088] [ERROR] [com.apple.network/connection] nw_endpoint_flow_failed_with_error [C21 127.0.0.1:62382 in_progress socket-flow (satisfied (Path is satisfied), viable, interface: lo0)] already failing, returning
[2026-08-11 13:03:04.088] [NOTICE] [com.apple.network/connection] [C21 127.0.0.1:62382 failed socket-flow (satisfied (Path is satisfied), viable, interface: lo0)] event: flow:failed_connect @0.001s, error Connection refused
[2026-08-11 13:03:04.088] [INFO] [com.apple.network/connection] nw_connection_report_symptom_on_nw_queue [C21] reported Connection failed after setup symptom
[2026-08-11 13:03:04.088] [NOTICE] [com.apple.network/connection] nw_connection_report_state_with_handler_on_nw_queue [C21] reporting state failed error Connection refused
[2026-08-11 13:03:04.088] [ERROR] [com.apple.CFNetwork/Default] Connection 21: received failure notification
[2026-08-11 13:03:04.089] [ERROR] [com.apple.CFNetwork/Default] Connection 21: failed to connect 1:61, reason -1
[2026-08-11 13:03:04.089] [ERROR] [com.apple.CFNetwork/Default] Connection 21: encountered error(1:61)
[2026-08-11 13:03:04.089] [NOTICE] [com.apple.CFNetwork/Default] Connection 21: cleaning up
[2026-08-11 13:03:04.089] [NOTICE] [com.apple.CFNetwork/Summary] Connection 21: summary for unused connection {protocol="(null)", domain_lookup_duration_ms=0, connect_duration_ms=0, secure_connection_duration_ms=0, private_relay=false, idle_duration_ms=0}
[2026-08-11 13:03:04.089] [NOTICE] [com.apple.network/connection] [C21 57E179D5-36E7-42F7-9A87-1AB4513C9AFE 127.0.0.1:62382 tcp, url hash: 9f979fd0, definite, attribution: developer] cancel
[2026-08-11 13:03:04.089] [INFO] [com.apple.network/connection] nw_connection_uses_multipath_block_invoke [C21]  has no connected handler
[2026-08-11 13:03:04.089] [ERROR] [com.apple.network/connection] nw_connection_copy_connected_local_endpoint_block_invoke [C21] Client called nw_connection_copy_connected_local_endpoint on unconnected nw_connection
[2026-08-11 13:03:04.089] [ERROR] [com.apple.network/connection] nw_connection_copy_connected_remote_endpoint_block_invoke [C21] Client called nw_connection_copy_connected_remote_endpoint on unconnected nw_connection
[2026-08-11 13:03:04.089] [NOTICE] [com.apple.network/connection] [C21 57E179D5-36E7-42F7-9A87-1AB4513C9AFE 127.0.0.1:62382 tcp, url hash: 9f979fd0, definite, attribution: developer] cancelled
	[C21 3FD36AE6-84FD-4071-9700-29DAF0DF38FD <NULL><-><NULL>]
	Connected Path: (null)
	Privacy Stance: Not Eligible
	Duration: 0.001s, TCP @0.000s took 0.000s
[2026-08-11 13:03:04.089] [INFO] [com.apple.network/connection] nw_endpoint_handler_cancel [C21 127.0.0.1:62382 failed socket-flow (satisfied (Path is satisfied), viable, interface: lo0)]
[2026-08-11 13:03:04.089] [INFO] [com.apple.network/connection] nw_association_schedule_deactivation <nw_association 127.0.0.1:62382> will become dormant after 10000ms of inactivity
[2026-08-11 13:03:04.089] [NOTICE] [com.apple.network/connection] nw_connection_report_state_with_handler_on_nw_queue [C21] reporting state cancelled error Connection refused
[2026-08-11 13:03:04.089] [NOTICE] [com.apple.CFNetwork/Default] Task <B18CA0A8-3D31-42AC-8EF0-4D7B88E592A6>.<21> can retry(N) with reason(2) for error [1:61]
[2026-08-11 13:03:04.089] [INFO] [com.apple.network/connection] [C21 127.0.0.1:62382 tcp, url hash: 9f979fd0, definite, attribution: developer] dealloc
[2026-08-11 13:03:04.089] [ERROR] [com.apple.CFNetwork/Default] Task <B18CA0A8-3D31-42AC-8EF0-4D7B88E592A6>.<21> HTTP load failed, 0/0 bytes (error code: -1004 [1:61])
[2026-08-11 13:03:04.089] [NOTICE] [com.apple.CFNetwork/Summary] Task <B18CA0A8-3D31-42AC-8EF0-4D7B88E592A6>.<21> summary for task failure {transaction_duration_ms=3, response_status=-1, connection=21, reused=1, reused_after_ms=0, request_start_ms=0, request_duration_ms=0, response_start_ms=0, response_duration_ms=0, request_bytes=0, request_throughput_kbps=0, response_bytes=0, response_throughput_kbps=0, cache_hit=false}
[2026-08-11 13:03:04.089] [ERROR] [com.apple.CFNetwork/Default] Task <B18CA0A8-3D31-42AC-8EF0-4D7B88E592A6>.<21> finished with error [-1004] Error Domain=NSURLErrorDomain Code=-1004 UserInfo={NSErrorFailingURLStringKey=<private>, NSErrorFailingURLKey=<private>, _NSURLErrorRelatedURLSessionTaskErrorKey=<private>, _NSURLErrorFailingURLSessionTaskErrorKey=<private>, NSLocalizedDescription=<private>}
[2026-08-11 13:03:04.089] [ERROR] [com.tangzixiang.meow.app/meow-api] WS /logs reconnecting in 1s: Error Domain=NSURLErrorDomain Code=-1004 "无法连接服务器。" UserInfo={NSErrorFailingURLStringKey=http://127.0.0.1:62382/logs?level=debug, NSLocalizedDescription=无法连接服务器。, NSErrorFailingURLKey=http://127.0.0.1:62382/logs?level=debug}
[2026-08-11 13:03:05.140] [NOTICE] [com.apple.CFNetwork/Default] Task <DB786F66-D8CB-4983-A060-002747168B32>.<22> resuming, timeouts(60.0, 604800.0) qos(0x19) voucher((null)) activity(00000000-0000-0000-0000-000000000000)
[2026-08-11 13:03:05.141] [INFO] [com.apple.network/connection] nw_connection_create_with_id [C22] create connection to 127.0.0.1:62382
[2026-08-11 13:03:05.141] [NOTICE] [com.apple.CFNetwork/Default] Connection 22: starting, TC(0x0)
[2026-08-11 13:03:05.142] [NOTICE] [com.apple.network/connection] [C22 E6923A0C-C326-4113-8605-6A287C9177B7 127.0.0.1:62382 tcp, url hash: 9f979fd0, definite, attribution: developer, context: com.apple.CFNetwork.NSURLSession.{D2D28DEA-298B-40DD-8393-B780ACD710F2}{(null)}{Y}{2}{0x0} (private), proc: 4E751277-8DF9-3937-8837-5559A42409CF] start
[2026-08-11 13:03:05.142] [INFO] [com.apple.network/connection] nw_endpoint_handler_start [C22 127.0.0.1:62382 initial parent-flow ((null))]
[2026-08-11 13:03:05.142] [NOTICE] [com.apple.network/connection] [C22 127.0.0.1:62382 initial parent-flow ((null))] event: path:start @0.000s
[2026-08-11 13:03:05.142] [INFO] [com.apple.network/] nw_path_necp_check_for_updates Trying to copy result again for 48 flows (max)
[2026-08-11 13:03:05.142] [ERROR] [com.apple.network/] nw_path_necp_check_for_updates Failed to copy updated result (22)
[2026-08-11 13:03:05.142] [NOTICE] [com.apple.network/connection] [C22 127.0.0.1:62382 waiting parent-flow (satisfied (Path is satisfied), viable, interface: lo0)] event: path:satisfied @0.000s, uuid: 3FD36AE6-84FD-4071-9700-29DAF0DF38FD
[2026-08-11 13:03:05.142] [INFO] [com.apple.network/connection] nw_connection_endpoint_report_on_nw_queue_block_invoke [C22 127.0.0.1:62382 waiting parent-flow (satisfied (Path is satisfied), viable, interface: lo0)] skipping state update
[2026-08-11 13:03:05.142] [INFO] [com.apple.network/connection] nw_endpoint_flow_setup_protocols [C22 127.0.0.1:62382 in_progress socket-flow (satisfied (Path is satisfied), viable, interface: lo0)] setup flow id F15D0D84-A56F-4C3F-A521-926110D30EC5
[2026-08-11 13:03:05.142] [NOTICE] [com.apple.network/connection] [C22 127.0.0.1:62382 in_progress socket-flow (satisfied (Path is satisfied), viable, interface: lo0)] event: flow:start_connect @0.000s
[2026-08-11 13:03:05.142] [NOTICE] [com.apple.network/connection] nw_connection_report_state_with_handler_on_nw_queue [C22] reporting state preparing
[2026-08-11 13:03:05.142] [NOTICE] [com.apple.CFNetwork/Default] Task <DB786F66-D8CB-4983-A060-002747168B32>.<22> setting up Connection 22
[2026-08-11 13:03:05.143] [NOTICE] [com.apple.network/connection] nw_socket_handle_socket_event [C22:2] Socket received CONNRESET event
[2026-08-11 13:03:05.143] [NOTICE] [com.apple.network/connection] nw_socket_handle_socket_event [C22:2] Socket received DISCONNECTED event
[2026-08-11 13:03:05.143] [ERROR] [com.apple.network/connection] nw_socket_handle_socket_event <private> Socket SO_ERROR [61: Connection refused]
[2026-08-11 13:03:05.143] [INFO] [com.apple.network/connection] nw_flow_error [C22 127.0.0.1:62382 in_progress socket-flow (satisfied (Path is satisfied), viable, interface: lo0)] Output protocol (socket) sent error: Connection refused
[2026-08-11 13:03:05.143] [ERROR] [com.apple.network/connection] nw_protocol_socket_set_no_wake_from_sleep <private> setsockopt SO_NOWAKEFROMSLEEP failed [22: Invalid argument]
[2026-08-11 13:03:05.143] [ERROR] [com.apple.network/] nw_protocol_socket_set_no_wake_from_sleep setsockopt SO_NOWAKEFROMSLEEP failed [22: Invalid argument]
[2026-08-11 13:03:05.143] [NOTICE] [com.apple.network/connection] nw_flow_disconnected [C22 127.0.0.1:62382 in_progress socket-flow (satisfied (Path is satisfied), viable, interface: lo0)] Output protocol disconnected
[2026-08-11 13:03:05.143] [ERROR] [com.apple.network/connection] nw_endpoint_flow_failed_with_error [C22 127.0.0.1:62382 in_progress socket-flow (satisfied (Path is satisfied), viable, interface: lo0)] already failing, returning
[2026-08-11 13:03:05.143] [NOTICE] [com.apple.network/connection] [C22 127.0.0.1:62382 failed socket-flow (satisfied (Path is satisfied), viable, interface: lo0)] event: flow:failed_connect @0.001s, error Connection refused
[2026-08-11 13:03:05.143] [INFO] [com.apple.network/connection] nw_connection_report_symptom_on_nw_queue [C22] reported Connection failed after setup symptom
[2026-08-11 13:03:05.143] [NOTICE] [com.apple.network/connection] nw_connection_report_state_with_handler_on_nw_queue [C22] reporting state failed error Connection refused
[2026-08-11 13:03:05.143] [ERROR] [com.apple.CFNetwork/Default] Connection 22: received failure notification
[2026-08-11 13:03:05.143] [ERROR] [com.apple.CFNetwork/Default] Connection 22: failed to connect 1:61, reason -1
[2026-08-11 13:03:05.143] [ERROR] [com.apple.CFNetwork/Default] Connection 22: encountered error(1:61)
[2026-08-11 13:03:05.143] [NOTICE] [com.apple.CFNetwork/Default] Connection 22: cleaning up
[2026-08-11 13:03:05.143] [NOTICE] [com.apple.CFNetwork/Summary] Connection 22: summary for unused connection {protocol="(null)", domain_lookup_duration_ms=0, connect_duration_ms=0, secure_connection_duration_ms=0, private_relay=false, idle_duration_ms=0}
[2026-08-11 13:03:05.143] [NOTICE] [com.apple.network/connection] [C22 E6923A0C-C326-4113-8605-6A287C9177B7 127.0.0.1:62382 tcp, url hash: 9f979fd0, definite, attribution: developer] cancel
[2026-08-11 13:03:05.143] [INFO] [com.apple.network/connection] nw_connection_uses_multipath_block_invoke [C22]  has no connected handler
[2026-08-11 13:03:05.143] [ERROR] [com.apple.network/connection] nw_connection_copy_connected_local_endpoint_block_invoke [C22] Client called nw_connection_copy_connected_local_endpoint on unconnected nw_connection
[2026-08-11 13:03:05.143] [ERROR] [com.apple.network/connection] nw_connection_copy_connected_remote_endpoint_block_invoke [C22] Client called nw_connection_copy_connected_remote_endpoint on unconnected nw_connection
[2026-08-11 13:03:05.143] [NOTICE] [com.apple.network/connection] [C22 E6923A0C-C326-4113-8605-6A287C9177B7 127.0.0.1:62382 tcp, url hash: 9f979fd0, definite, attribution: developer] cancelled
	[C22 3FD36AE6-84FD-4071-9700-29DAF0DF38FD <NULL><-><NULL>]
	Connected Path: (null)
	Privacy Stance: Not Eligible
	Duration: 0.001s, TCP @0.000s took 0.000s
[2026-08-11 13:03:05.143] [INFO] [com.apple.network/connection] nw_endpoint_handler_cancel [C22 127.0.0.1:62382 failed socket-flow (satisfied (Path is satisfied), viable, interface: lo0)]
[2026-08-11 13:03:05.143] [INFO] [com.apple.network/connection] nw_association_schedule_deactivation <nw_association 127.0.0.1:62382> will become dormant after 10000ms of inactivity
[2026-08-11 13:03:05.143] [NOTICE] [com.apple.network/connection] nw_connection_report_state_with_handler_on_nw_queue [C22] reporting state cancelled error Connection refused
[2026-08-11 13:03:05.143] [NOTICE] [com.apple.CFNetwork/Default] Task <DB786F66-D8CB-4983-A060-002747168B32>.<22> can retry(N) with reason(2) for error [1:61]
[2026-08-11 13:03:05.143] [INFO] [com.apple.network/connection] [C22 127.0.0.1:62382 tcp, url hash: 9f979fd0, definite, attribution: developer] dealloc
[2026-08-11 13:03:05.143] [ERROR] [com.apple.CFNetwork/Default] Task <DB786F66-D8CB-4983-A060-002747168B32>.<22> HTTP load failed, 0/0 bytes (error code: -1004 [1:61])
[2026-08-11 13:03:05.143] [NOTICE] [com.apple.CFNetwork/Summary] Task <DB786F66-D8CB-4983-A060-002747168B32>.<22> summary for task failure {transaction_duration_ms=2, response_status=-1, connection=22, reused=1, reused_after_ms=0, request_start_ms=0, request_duration_ms=0, response_start_ms=0, response_duration_ms=0, request_bytes=0, request_throughput_kbps=0, response_bytes=0, response_throughput_kbps=0, cache_hit=false}
[2026-08-11 13:03:05.143] [ERROR] [com.apple.CFNetwork/Default] Task <DB786F66-D8CB-4983-A060-002747168B32>.<22> finished with error [-1004] Error Domain=NSURLErrorDomain Code=-1004 UserInfo={NSErrorFailingURLStringKey=<private>, NSErrorFailingURLKey=<private>, _NSURLErrorRelatedURLSessionTaskErrorKey=<private>, _NSURLErrorFailingURLSessionTaskErrorKey=<private>, NSLocalizedDescription=<private>}
[2026-08-11 13:03:05.143] [ERROR] [com.tangzixiang.meow.app/meow-api] WS /logs reconnecting in 1s: Error Domain=NSURLErrorDomain Code=-1004 "无法连接服务器。" UserInfo={NSErrorFailingURLStringKey=http://127.0.0.1:62382/logs?level=debug, NSLocalizedDescription=无法连接服务器。, NSErrorFailingURLKey=http://127.0.0.1:62382/logs?level=debug}
[2026-08-11 13:03:06.211] [NOTICE] [com.apple.CFNetwork/Default] Task <A53C0A87-70C8-4D2D-A438-CFA5D1F0852A>.<23> resuming, timeouts(60.0, 604800.0) qos(0x19) voucher((null)) activity(00000000-0000-0000-0000-000000000000)
[2026-08-11 13:03:06.213] [INFO] [com.apple.network/connection] nw_connection_create_with_id [C23] create connection to 127.0.0.1:62382
[2026-08-11 13:03:06.213] [NOTICE] [com.apple.CFNetwork/Default] Connection 23: starting, TC(0x0)
[2026-08-11 13:03:06.213] [NOTICE] [com.apple.network/connection] [C23 0C6EF3E1-6C6E-4238-8E4C-4671C5038964 127.0.0.1:62382 tcp, url hash: 9f979fd0, definite, attribution: developer, context: com.apple.CFNetwork.NSURLSession.{D2D28DEA-298B-40DD-8393-B780ACD710F2}{(null)}{Y}{2}{0x0} (private), proc: 4E751277-8DF9-3937-8837-5559A42409CF] start
[2026-08-11 13:03:06.213] [INFO] [com.apple.network/connection] nw_endpoint_handler_start [C23 127.0.0.1:62382 initial parent-flow ((null))]
[2026-08-11 13:03:06.213] [NOTICE] [com.apple.network/connection] [C23 127.0.0.1:62382 initial parent-flow ((null))] event: path:start @0.000s
[2026-08-11 13:03:06.213] [INFO] [com.apple.network/] nw_path_necp_check_for_updates Trying to copy result again for 48 flows (max)
[2026-08-11 13:03:06.213] [ERROR] [com.apple.network/] nw_path_necp_check_for_updates Failed to copy updated result (22)
[2026-08-11 13:03:06.213] [NOTICE] [com.apple.network/connection] [C23 127.0.0.1:62382 waiting parent-flow (satisfied (Path is satisfied), viable, interface: lo0)] event: path:satisfied @0.000s, uuid: 3FD36AE6-84FD-4071-9700-29DAF0DF38FD
[2026-08-11 13:03:06.213] [INFO] [com.apple.network/connection] nw_connection_endpoint_report_on_nw_queue_block_invoke [C23 127.0.0.1:62382 waiting parent-flow (satisfied (Path is satisfied), viable, interface: lo0)] skipping state update
[2026-08-11 13:03:06.213] [INFO] [com.apple.network/connection] nw_endpoint_flow_setup_protocols [C23 127.0.0.1:62382 in_progress socket-flow (satisfied (Path is satisfied), viable, interface: lo0)] setup flow id CC07D3E4-74C1-4722-97DF-51105073BF3B
[2026-08-11 13:03:06.214] [NOTICE] [com.apple.network/connection] [C23 127.0.0.1:62382 in_progress socket-flow (satisfied (Path is satisfied), viable, interface: lo0)] event: flow:start_connect @0.000s
[2026-08-11 13:03:06.214] [NOTICE] [com.apple.network/connection] nw_connection_report_state_with_handler_on_nw_queue [C23] reporting state preparing
[2026-08-11 13:03:06.214] [NOTICE] [com.apple.CFNetwork/Default] Task <A53C0A87-70C8-4D2D-A438-CFA5D1F0852A>.<23> setting up Connection 23
[2026-08-11 13:03:06.214] [NOTICE] [com.apple.network/connection] nw_socket_handle_socket_event [C23:2] Socket received CONNRESET event
[2026-08-11 13:03:06.214] [NOTICE] [com.apple.network/connection] nw_socket_handle_socket_event [C23:2] Socket received DISCONNECTED event
[2026-08-11 13:03:06.214] [ERROR] [com.apple.network/connection] nw_socket_handle_socket_event <private> Socket SO_ERROR [61: Connection refused]
[2026-08-11 13:03:06.214] [INFO] [com.apple.network/connection] nw_flow_error [C23 127.0.0.1:62382 in_progress socket-flow (satisfied (Path is satisfied), viable, interface: lo0)] Output protocol (socket) sent error: Connection refused
[2026-08-11 13:03:06.214] [ERROR] [com.apple.network/connection] nw_protocol_socket_set_no_wake_from_sleep <private> setsockopt SO_NOWAKEFROMSLEEP failed [22: Invalid argument]
[2026-08-11 13:03:06.214] [ERROR] [com.apple.network/] nw_protocol_socket_set_no_wake_from_sleep setsockopt SO_NOWAKEFROMSLEEP failed [22: Invalid argument]
[2026-08-11 13:03:06.214] [NOTICE] [com.apple.network/connection] nw_flow_disconnected [C23 127.0.0.1:62382 in_progress socket-flow (satisfied (Path is satisfied), viable, interface: lo0)] Output protocol disconnected
[2026-08-11 13:03:06.215] [ERROR] [com.apple.network/connection] nw_endpoint_flow_failed_with_error [C23 127.0.0.1:62382 in_progress socket-flow (satisfied (Path is satisfied), viable, interface: lo0)] already failing, returning
[2026-08-11 13:03:06.215] [NOTICE] [com.apple.network/connection] [C23 127.0.0.1:62382 failed socket-flow (satisfied (Path is satisfied), viable, interface: lo0)] event: flow:failed_connect @0.001s, error Connection refused
[2026-08-11 13:03:06.215] [INFO] [com.apple.network/connection] nw_connection_report_symptom_on_nw_queue [C23] reported Connection failed after setup symptom
[2026-08-11 13:03:06.215] [NOTICE] [com.apple.network/connection] nw_connection_report_state_with_handler_on_nw_queue [C23] reporting state failed error Connection refused
[2026-08-11 13:03:06.215] [ERROR] [com.apple.CFNetwork/Default] Connection 23: received failure notification
[2026-08-11 13:03:06.215] [ERROR] [com.apple.CFNetwork/Default] Connection 23: failed to connect 1:61, reason -1
[2026-08-11 13:03:06.215] [ERROR] [com.apple.CFNetwork/Default] Connection 23: encountered error(1:61)
[2026-08-11 13:03:06.215] [NOTICE] [com.apple.CFNetwork/Default] Connection 23: cleaning up
[2026-08-11 13:03:06.215] [NOTICE] [com.apple.CFNetwork/Summary] Connection 23: summary for unused connection {protocol="(null)", domain_lookup_duration_ms=0, connect_duration_ms=0, secure_connection_duration_ms=0, private_relay=false, idle_duration_ms=0}
[2026-08-11 13:03:06.215] [NOTICE] [com.apple.network/connection] [C23 0C6EF3E1-6C6E-4238-8E4C-4671C5038964 127.0.0.1:62382 tcp, url hash: 9f979fd0, definite, attribution: developer] cancel
[2026-08-11 13:03:06.215] [INFO] [com.apple.network/connection] nw_connection_uses_multipath_block_invoke [C23]  has no connected handler
[2026-08-11 13:03:06.215] [ERROR] [com.apple.network/connection] nw_connection_copy_connected_local_endpoint_block_invoke [C23] Client called nw_connection_copy_connected_local_endpoint on unconnected nw_connection
[2026-08-11 13:03:06.215] [ERROR] [com.apple.network/connection] nw_connection_copy_connected_remote_endpoint_block_invoke [C23] Client called nw_connection_copy_connected_remote_endpoint on unconnected nw_connection
[2026-08-11 13:03:06.215] [NOTICE] [com.apple.network/connection] [C23 0C6EF3E1-6C6E-4238-8E4C-4671C5038964 127.0.0.1:62382 tcp, url hash: 9f979fd0, definite, attribution: developer] cancelled
	[C23 3FD36AE6-84FD-4071-9700-29DAF0DF38FD <NULL><-><NULL>]
	Connected Path: (null)
	Privacy Stance: Not Eligible
	Duration: 0.001s, TCP @0.000s took 0.000s
[2026-08-11 13:03:06.215] [INFO] [com.apple.network/connection] nw_endpoint_handler_cancel [C23 127.0.0.1:62382 failed socket-flow (satisfied (Path is satisfied), viable, interface: lo0)]
[2026-08-11 13:03:06.215] [INFO] [com.apple.network/connection] nw_association_schedule_deactivation <nw_association 127.0.0.1:62382> will become dormant after 10000ms of inactivity
[2026-08-11 13:03:06.215] [NOTICE] [com.apple.network/connection] nw_connection_report_state_with_handler_on_nw_queue [C23] reporting state cancelled error Connection refused
[2026-08-11 13:03:06.215] [NOTICE] [com.apple.CFNetwork/Default] Task <A53C0A87-70C8-4D2D-A438-CFA5D1F0852A>.<23> can retry(N) with reason(2) for error [1:61]
[2026-08-11 13:03:06.215] [INFO] [com.apple.network/connection] [C23 127.0.0.1:62382 tcp, url hash: 9f979fd0, definite, attribution: developer] dealloc
[2026-08-11 13:03:06.215] [ERROR] [com.apple.CFNetwork/Default] Task <A53C0A87-70C8-4D2D-A438-CFA5D1F0852A>.<23> HTTP load failed, 0/0 bytes (error code: -1004 [1:61])
[2026-08-11 13:03:06.215] [NOTICE] [com.apple.CFNetwork/Summary] Task <A53C0A87-70C8-4D2D-A438-CFA5D1F0852A>.<23> summary for task failure {transaction_duration_ms=3, response_status=-1, connection=23, reused=1, reused_after_ms=0, request_start_ms=0, request_duration_ms=0, response_start_ms=0, response_duration_ms=0, request_bytes=0, request_throughput_kbps=0, response_bytes=0, response_throughput_kbps=0, cache_hit=false}
[2026-08-11 13:03:06.216] [ERROR] [com.apple.CFNetwork/Default] Task <A53C0A87-70C8-4D2D-A438-CFA5D1F0852A>.<23> finished with error [-1004] Error Domain=NSURLErrorDomain Code=-1004 UserInfo={NSErrorFailingURLStringKey=<private>, NSErrorFailingURLKey=<private>, _NSURLErrorRelatedURLSessionTaskErrorKey=<private>, _NSURLErrorFailingURLSessionTaskErrorKey=<private>, NSLocalizedDescription=<private>}
[2026-08-11 13:03:06.216] [ERROR] [com.tangzixiang.meow.app/meow-api] WS /logs reconnecting in 1s: Error Domain=NSURLErrorDomain Code=-1004 "无法连接服务器。" UserInfo={NSErrorFailingURLStringKey=http://127.0.0.1:62382/logs?level=debug, NSLocalizedDescription=无法连接服务器。, NSErrorFailingURLKey=http://127.0.0.1:62382/logs?level=debug}
[2026-08-11 13:03:07.274] [NOTICE] [com.apple.CFNetwork/Default] Task <80E659D8-BFCF-43B5-B66C-F8311A58E7AD>.<24> resuming, timeouts(60.0, 604800.0) qos(0x19) voucher((null)) activity(00000000-0000-0000-0000-000000000000)
[2026-08-11 13:03:07.276] [INFO] [com.apple.network/connection] nw_connection_create_with_id [C24] create connection to 127.0.0.1:62382
[2026-08-11 13:03:07.276] [NOTICE] [com.apple.CFNetwork/Default] Connection 24: starting, TC(0x0)
[2026-08-11 13:03:07.276] [NOTICE] [com.apple.network/connection] [C24 F9714C85-7378-4CEB-9C08-BC6D2EDBEEBE 127.0.0.1:62382 tcp, url hash: 9f979fd0, definite, attribution: developer, context: com.apple.CFNetwork.NSURLSession.{D2D28DEA-298B-40DD-8393-B780ACD710F2}{(null)}{Y}{2}{0x0} (private), proc: 4E751277-8DF9-3937-8837-5559A42409CF] start
[2026-08-11 13:03:07.276] [INFO] [com.apple.network/connection] nw_endpoint_handler_start [C24 127.0.0.1:62382 initial parent-flow ((null))]
[2026-08-11 13:03:07.276] [NOTICE] [com.apple.network/connection] [C24 127.0.0.1:62382 initial parent-flow ((null))] event: path:start @0.000s
[2026-08-11 13:03:07.276] [INFO] [com.apple.network/] nw_path_necp_check_for_updates Trying to copy result again for 48 flows (max)
[2026-08-11 13:03:07.276] [ERROR] [com.apple.network/] nw_path_necp_check_for_updates Failed to copy updated result (22)
[2026-08-11 13:03:07.276] [NOTICE] [com.apple.network/connection] [C24 127.0.0.1:62382 waiting parent-flow (satisfied (Path is satisfied), viable, interface: lo0)] event: path:satisfied @0.000s, uuid: 3FD36AE6-84FD-4071-9700-29DAF0DF38FD
[2026-08-11 13:03:07.276] [INFO] [com.apple.network/connection] nw_connection_endpoint_report_on_nw_queue_block_invoke [C24 127.0.0.1:62382 waiting parent-flow (satisfied (Path is satisfied), viable, interface: lo0)] skipping state update
[2026-08-11 13:03:07.276] [INFO] [com.apple.network/connection] nw_endpoint_flow_setup_protocols [C24 127.0.0.1:62382 in_progress socket-flow (satisfied (Path is satisfied), viable, interface: lo0)] setup flow id 7C096E9C-8006-44EB-BD4B-DF72CE9DD1F5
[2026-08-11 13:03:07.276] [NOTICE] [com.apple.network/connection] [C24 127.0.0.1:62382 in_progress socket-flow (satisfied (Path is satisfied), viable, interface: lo0)] event: flow:start_connect @0.000s
[2026-08-11 13:03:07.276] [NOTICE] [com.apple.network/connection] nw_connection_report_state_with_handler_on_nw_queue [C24] reporting state preparing
[2026-08-11 13:03:07.277] [NOTICE] [com.apple.CFNetwork/Default] Task <80E659D8-BFCF-43B5-B66C-F8311A58E7AD>.<24> setting up Connection 24
[2026-08-11 13:03:07.277] [NOTICE] [com.apple.network/connection] nw_socket_handle_socket_event [C24:2] Socket received CONNRESET event
[2026-08-11 13:03:07.277] [NOTICE] [com.apple.network/connection] nw_socket_handle_socket_event [C24:2] Socket received DISCONNECTED event
[2026-08-11 13:03:07.277] [ERROR] [com.apple.network/connection] nw_socket_handle_socket_event <private> Socket SO_ERROR [61: Connection refused]
[2026-08-11 13:03:07.277] [INFO] [com.apple.network/connection] nw_flow_error [C24 127.0.0.1:62382 in_progress socket-flow (satisfied (Path is satisfied), viable, interface: lo0)] Output protocol (socket) sent error: Connection refused
[2026-08-11 13:03:07.277] [ERROR] [com.apple.network/connection] nw_protocol_socket_set_no_wake_from_sleep <private> setsockopt SO_NOWAKEFROMSLEEP failed [22: Invalid argument]
[2026-08-11 13:03:07.277] [ERROR] [com.apple.network/] nw_protocol_socket_set_no_wake_from_sleep setsockopt SO_NOWAKEFROMSLEEP failed [22: Invalid argument]
[2026-08-11 13:03:07.277] [NOTICE] [com.apple.network/connection] nw_flow_disconnected [C24 127.0.0.1:62382 in_progress socket-flow (satisfied (Path is satisfied), viable, interface: lo0)] Output protocol disconnected
[2026-08-11 13:03:07.277] [ERROR] [com.apple.network/connection] nw_endpoint_flow_failed_with_error [C24 127.0.0.1:62382 in_progress socket-flow (satisfied (Path is satisfied), viable, interface: lo0)] already failing, returning
[2026-08-11 13:03:07.277] [NOTICE] [com.apple.network/connection] [C24 127.0.0.1:62382 failed socket-flow (satisfied (Path is satisfied), viable, interface: lo0)] event: flow:failed_connect @0.001s, error Connection refused
[2026-08-11 13:03:07.277] [INFO] [com.apple.network/connection] nw_connection_report_symptom_on_nw_queue [C24] reported Connection failed after setup symptom
[2026-08-11 13:03:07.277] [NOTICE] [com.apple.network/connection] nw_connection_report_state_with_handler_on_nw_queue [C24] reporting state failed error Connection refused
[2026-08-11 13:03:07.277] [ERROR] [com.apple.CFNetwork/Default] Connection 24: received failure notification
[2026-08-11 13:03:07.277] [ERROR] [com.apple.CFNetwork/Default] Connection 24: failed to connect 1:61, reason -1
[2026-08-11 13:03:07.277] [ERROR] [com.apple.CFNetwork/Default] Connection 24: encountered error(1:61)
[2026-08-11 13:03:07.277] [NOTICE] [com.apple.CFNetwork/Default] Connection 24: cleaning up
[2026-08-11 13:03:07.277] [NOTICE] [com.apple.CFNetwork/Summary] Connection 24: summary for unused connection {protocol="(null)", domain_lookup_duration_ms=0, connect_duration_ms=0, secure_connection_duration_ms=0, private_relay=false, idle_duration_ms=0}
[2026-08-11 13:03:07.278] [NOTICE] [com.apple.network/connection] [C24 F9714C85-7378-4CEB-9C08-BC6D2EDBEEBE 127.0.0.1:62382 tcp, url hash: 9f979fd0, definite, attribution: developer] cancel
[2026-08-11 13:03:07.278] [INFO] [com.apple.network/connection] nw_connection_uses_multipath_block_invoke [C24]  has no connected handler
[2026-08-11 13:03:07.278] [ERROR] [com.apple.network/connection] nw_connection_copy_connected_local_endpoint_block_invoke [C24] Client called nw_connection_copy_connected_local_endpoint on unconnected nw_connection
[2026-08-11 13:03:07.278] [ERROR] [com.apple.network/connection] nw_connection_copy_connected_remote_endpoint_block_invoke [C24] Client called nw_connection_copy_connected_remote_endpoint on unconnected nw_connection
[2026-08-11 13:03:07.278] [NOTICE] [com.apple.network/connection] [C24 F9714C85-7378-4CEB-9C08-BC6D2EDBEEBE 127.0.0.1:62382 tcp, url hash: 9f979fd0, definite, attribution: developer] cancelled
	[C24 3FD36AE6-84FD-4071-9700-29DAF0DF38FD <NULL><-><NULL>]
	Connected Path: (null)
	Privacy Stance: Not Eligible
	Duration: 0.001s, TCP @0.000s took 0.000s
[2026-08-11 13:03:07.278] [INFO] [com.apple.network/connection] nw_endpoint_handler_cancel [C24 127.0.0.1:62382 failed socket-flow (satisfied (Path is satisfied), viable, interface: lo0)]
[2026-08-11 13:03:07.278] [INFO] [com.apple.network/connection] nw_association_schedule_deactivation <nw_association 127.0.0.1:62382> will become dormant after 10000ms of inactivity
[2026-08-11 13:03:07.278] [NOTICE] [com.apple.network/connection] nw_connection_report_state_with_handler_on_nw_queue [C24] reporting state cancelled error Connection refused
[2026-08-11 13:03:07.278] [NOTICE] [com.apple.CFNetwork/Default] Task <80E659D8-BFCF-43B5-B66C-F8311A58E7AD>.<24> can retry(N) with reason(2) for error [1:61]
[2026-08-11 13:03:07.278] [INFO] [com.apple.network/connection] [C24 127.0.0.1:62382 tcp, url hash: 9f979fd0, definite, attribution: developer] dealloc
[2026-08-11 13:03:07.278] [ERROR] [com.apple.CFNetwork/Default] Task <80E659D8-BFCF-43B5-B66C-F8311A58E7AD>.<24> HTTP load failed, 0/0 bytes (error code: -1004 [1:61])
[2026-08-11 13:03:07.278] [NOTICE] [com.apple.CFNetwork/Summary] Task <80E659D8-BFCF-43B5-B66C-F8311A58E7AD>.<24> summary for task failure {transaction_duration_ms=3, response_status=-1, connection=24, reused=1, reused_after_ms=0, request_start_ms=0, request_duration_ms=0, response_start_ms=0, response_duration_ms=0, request_bytes=0, request_throughput_kbps=0, response_bytes=0, response_throughput_kbps=0, cache_hit=false}
[2026-08-11 13:03:07.278] [ERROR] [com.apple.CFNetwork/Default] Task <80E659D8-BFCF-43B5-B66C-F8311A58E7AD>.<24> finished with error [-1004] Error Domain=NSURLErrorDomain Code=-1004 UserInfo={NSErrorFailingURLStringKey=<private>, NSErrorFailingURLKey=<private>, _NSURLErrorRelatedURLSessionTaskErrorKey=<private>, _NSURLErrorFailingURLSessionTaskErrorKey=<private>, NSLocalizedDescription=<private>}
[2026-08-11 13:03:07.278] [ERROR] [com.tangzixiang.meow.app/meow-api] WS /logs reconnecting in 1s: Error Domain=NSURLErrorDomain Code=-1004 "无法连接服务器。" UserInfo={NSErrorFailingURLStringKey=http://127.0.0.1:62382/logs?level=debug, NSLocalizedDescription=无法连接服务器。, NSErrorFailingURLKey=http://127.0.0.1:62382/logs?level=debug}
[2026-08-11 13:03:08.342] [NOTICE] [com.apple.CFNetwork/Default] Task <31FF773A-47AA-4845-A0C4-32975EAD8D2E>.<25> resuming, timeouts(60.0, 604800.0) qos(0x19) voucher((null)) activity(00000000-0000-0000-0000-000000000000)
[2026-08-11 13:03:08.344] [INFO] [com.apple.network/connection] nw_connection_create_with_id [C25] create connection to 127.0.0.1:62382
[2026-08-11 13:03:08.344] [NOTICE] [com.apple.CFNetwork/Default] Connection 25: starting, TC(0x0)
[2026-08-11 13:03:08.344] [NOTICE] [com.apple.network/connection] [C25 969E364B-1417-4CE7-B3CE-1D761681751B 127.0.0.1:62382 tcp, url hash: 9f979fd0, definite, attribution: developer, context: com.apple.CFNetwork.NSURLSession.{D2D28DEA-298B-40DD-8393-B780ACD710F2}{(null)}{Y}{2}{0x0} (private), proc: 4E751277-8DF9-3937-8837-5559A42409CF] start
[2026-08-11 13:03:08.344] [INFO] [com.apple.network/connection] nw_endpoint_handler_start [C25 127.0.0.1:62382 initial parent-flow ((null))]
[2026-08-11 13:03:08.344] [NOTICE] [com.apple.network/connection] [C25 127.0.0.1:62382 initial parent-flow ((null))] event: path:start @0.000s
[2026-08-11 13:03:08.344] [INFO] [com.apple.network/] nw_path_necp_check_for_updates Trying to copy result again for 48 flows (max)
[2026-08-11 13:03:08.344] [ERROR] [com.apple.network/] nw_path_necp_check_for_updates Failed to copy updated result (22)
[2026-08-11 13:03:08.344] [NOTICE] [com.apple.network/connection] [C25 127.0.0.1:62382 waiting parent-flow (satisfied (Path is satisfied), viable, interface: lo0)] event: path:satisfied @0.000s, uuid: 3FD36AE6-84FD-4071-9700-29DAF0DF38FD
[2026-08-11 13:03:08.344] [INFO] [com.apple.network/connection] nw_connection_endpoint_report_on_nw_queue_block_invoke [C25 127.0.0.1:62382 waiting parent-flow (satisfied (Path is satisfied), viable, interface: lo0)] skipping state update
[2026-08-11 13:03:08.345] [INFO] [com.apple.network/connection] nw_endpoint_flow_setup_protocols [C25 127.0.0.1:62382 in_progress socket-flow (satisfied (Path is satisfied), viable, interface: lo0)] setup flow id 983CDBB3-A229-4286-A009-E1F7E14357EF
[2026-08-11 13:03:08.345] [NOTICE] [com.apple.network/connection] [C25 127.0.0.1:62382 in_progress socket-flow (satisfied (Path is satisfied), viable, interface: lo0)] event: flow:start_connect @0.000s
[2026-08-11 13:03:08.345] [NOTICE] [com.apple.network/connection] nw_connection_report_state_with_handler_on_nw_queue [C25] reporting state preparing
[2026-08-11 13:03:08.345] [NOTICE] [com.apple.CFNetwork/Default] Task <31FF773A-47AA-4845-A0C4-32975EAD8D2E>.<25> setting up Connection 25
[2026-08-11 13:03:08.345] [NOTICE] [com.apple.network/connection] nw_socket_handle_socket_event [C25:2] Socket received CONNRESET event
[2026-08-11 13:03:08.345] [NOTICE] [com.apple.network/connection] nw_socket_handle_socket_event [C25:2] Socket received DISCONNECTED event
[2026-08-11 13:03:08.345] [ERROR] [com.apple.network/connection] nw_socket_handle_socket_event <private> Socket SO_ERROR [61: Connection refused]
[2026-08-11 13:03:08.345] [INFO] [com.apple.network/connection] nw_flow_error [C25 127.0.0.1:62382 in_progress socket-flow (satisfied (Path is satisfied), viable, interface: lo0)] Output protocol (socket) sent error: Connection refused
[2026-08-11 13:03:08.345] [ERROR] [com.apple.network/connection] nw_protocol_socket_set_no_wake_from_sleep <private> setsockopt SO_NOWAKEFROMSLEEP failed [22: Invalid argument]
[2026-08-11 13:03:08.345] [ERROR] [com.apple.network/] nw_protocol_socket_set_no_wake_from_sleep setsockopt SO_NOWAKEFROMSLEEP failed [22: Invalid argument]
[2026-08-11 13:03:08.345] [NOTICE] [com.apple.network/connection] nw_flow_disconnected [C25 127.0.0.1:62382 in_progress socket-flow (satisfied (Path is satisfied), viable, interface: lo0)] Output protocol disconnected
[2026-08-11 13:03:08.346] [ERROR] [com.apple.network/connection] nw_endpoint_flow_failed_with_error [C25 127.0.0.1:62382 in_progress socket-flow (satisfied (Path is satisfied), viable, interface: lo0)] already failing, returning
[2026-08-11 13:03:08.346] [NOTICE] [com.apple.network/connection] [C25 127.0.0.1:62382 failed socket-flow (satisfied (Path is satisfied), viable, interface: lo0)] event: flow:failed_connect @0.001s, error Connection refused
[2026-08-11 13:03:08.346] [INFO] [com.apple.network/connection] nw_connection_report_symptom_on_nw_queue [C25] reported Connection failed after setup symptom
[2026-08-11 13:03:08.346] [NOTICE] [com.apple.network/connection] nw_connection_report_state_with_handler_on_nw_queue [C25] reporting state failed error Connection refused
[2026-08-11 13:03:08.346] [ERROR] [com.apple.CFNetwork/Default] Connection 25: received failure notification
[2026-08-11 13:03:08.346] [ERROR] [com.apple.CFNetwork/Default] Connection 25: failed to connect 1:61, reason -1
[2026-08-11 13:03:08.346] [ERROR] [com.apple.CFNetwork/Default] Connection 25: encountered error(1:61)
[2026-08-11 13:03:08.346] [NOTICE] [com.apple.CFNetwork/Default] Connection 25: cleaning up
[2026-08-11 13:03:08.346] [NOTICE] [com.apple.CFNetwork/Summary] Connection 25: summary for unused connection {protocol="(null)", domain_lookup_duration_ms=0, connect_duration_ms=0, secure_connection_duration_ms=0, private_relay=false, idle_duration_ms=0}
[2026-08-11 13:03:08.346] [NOTICE] [com.apple.network/connection] [C25 969E364B-1417-4CE7-B3CE-1D761681751B 127.0.0.1:62382 tcp, url hash: 9f979fd0, definite, attribution: developer] cancel
[2026-08-11 13:03:08.346] [INFO] [com.apple.network/connection] nw_connection_uses_multipath_block_invoke [C25]  has no connected handler
[2026-08-11 13:03:08.346] [ERROR] [com.apple.network/connection] nw_connection_copy_connected_local_endpoint_block_invoke [C25] Client called nw_connection_copy_connected_local_endpoint on unconnected nw_connection
[2026-08-11 13:03:08.346] [ERROR] [com.apple.network/connection] nw_connection_copy_connected_remote_endpoint_block_invoke [C25] Client called nw_connection_copy_connected_remote_endpoint on unconnected nw_connection
[2026-08-11 13:03:08.346] [NOTICE] [com.apple.network/connection] [C25 969E364B-1417-4CE7-B3CE-1D761681751B 127.0.0.1:62382 tcp, url hash: 9f979fd0, definite, attribution: developer] cancelled
	[C25 3FD36AE6-84FD-4071-9700-29DAF0DF38FD <NULL><-><NULL>]
	Connected Path: (null)
	Privacy Stance: Not Eligible
	Duration: 0.001s, TCP @0.000s took 0.000s
[2026-08-11 13:03:08.346] [INFO] [com.apple.network/connection] nw_endpoint_handler_cancel [C25 127.0.0.1:62382 failed socket-flow (satisfied (Path is satisfied), viable, interface: lo0)]
[2026-08-11 13:03:08.346] [INFO] [com.apple.network/connection] nw_association_schedule_deactivation <nw_association 127.0.0.1:62382> will become dormant after 10000ms of inactivity
[2026-08-11 13:03:08.346] [NOTICE] [com.apple.network/connection] nw_connection_report_state_with_handler_on_nw_queue [C25] reporting state cancelled error Connection refused
[2026-08-11 13:03:08.346] [NOTICE] [com.apple.CFNetwork/Default] Task <31FF773A-47AA-4845-A0C4-32975EAD8D2E>.<25> can retry(N) with reason(2) for error [1:61]
[2026-08-11 13:03:08.346] [INFO] [com.apple.network/connection] [C25 127.0.0.1:62382 tcp, url hash: 9f979fd0, definite, attribution: developer] dealloc
[2026-08-11 13:03:08.346] [ERROR] [com.apple.CFNetwork/Default] Task <31FF773A-47AA-4845-A0C4-32975EAD8D2E>.<25> HTTP load failed, 0/0 bytes (error code: -1004 [1:61])
[2026-08-11 13:03:08.346] [NOTICE] [com.apple.CFNetwork/Summary] Task <31FF773A-47AA-4845-A0C4-32975EAD8D2E>.<25> summary for task failure {transaction_duration_ms=3, response_status=-1, connection=25, reused=1, reused_after_ms=0, request_start_ms=0, request_duration_ms=0, response_start_ms=0, response_duration_ms=0, request_bytes=0, request_throughput_kbps=0, response_bytes=0, response_throughput_kbps=0, cache_hit=false}
[2026-08-11 13:03:08.347] [ERROR] [com.apple.CFNetwork/Default] Task <31FF773A-47AA-4845-A0C4-32975EAD8D2E>.<25> finished with error [-1004] Error Domain=NSURLErrorDomain Code=-1004 UserInfo={NSErrorFailingURLStringKey=<private>, NSErrorFailingURLKey=<private>, _NSURLErrorRelatedURLSessionTaskErrorKey=<private>, _NSURLErrorFailingURLSessionTaskErrorKey=<private>, NSLocalizedDescription=<private>}
[2026-08-11 13:03:08.347] [ERROR] [com.tangzixiang.meow.app/meow-api] WS /logs reconnecting in 1s: Error Domain=NSURLErrorDomain Code=-1004 "无法连接服务器。" UserInfo={NSErrorFailingURLStringKey=http://127.0.0.1:62382/logs?level=debug, NSLocalizedDescription=无法连接服务器。, NSErrorFailingURLKey=http://127.0.0.1:62382/logs?level=debug}
[2026-08-11 13:03:09.360] [NOTICE] [com.apple.CFNetwork/Default] Task <C9DD1DF4-C069-4A91-AB41-5390635A20CD>.<26> resuming, timeouts(60.0, 604800.0) qos(0x19) voucher((null)) activity(00000000-0000-0000-0000-000000000000)
[2026-08-11 13:03:09.362] [INFO] [com.apple.network/connection] nw_connection_create_with_id [C26] create connection to 127.0.0.1:62382
[2026-08-11 13:03:09.362] [NOTICE] [com.apple.CFNetwork/Default] Connection 26: starting, TC(0x0)
[2026-08-11 13:03:09.362] [NOTICE] [com.apple.network/connection] [C26 6569B1D6-323D-4B05-8C1A-78A0581039A4 127.0.0.1:62382 tcp, url hash: 9f979fd0, definite, attribution: developer, context: com.apple.CFNetwork.NSURLSession.{D2D28DEA-298B-40DD-8393-B780ACD710F2}{(null)}{Y}{2}{0x0} (private), proc: 4E751277-8DF9-3937-8837-5559A42409CF] start
[2026-08-11 13:03:09.362] [INFO] [com.apple.network/connection] nw_endpoint_handler_start [C26 127.0.0.1:62382 initial parent-flow ((null))]
[2026-08-11 13:03:09.362] [NOTICE] [com.apple.network/connection] [C26 127.0.0.1:62382 initial parent-flow ((null))] event: path:start @0.000s
[2026-08-11 13:03:09.362] [INFO] [com.apple.network/] nw_path_necp_check_for_updates Trying to copy result again for 48 flows (max)
[2026-08-11 13:03:09.362] [ERROR] [com.apple.network/] nw_path_necp_check_for_updates Failed to copy updated result (22)
[2026-08-11 13:03:09.362] [NOTICE] [com.apple.network/connection] [C26 127.0.0.1:62382 waiting parent-flow (satisfied (Path is satisfied), viable, interface: lo0)] event: path:satisfied @0.000s, uuid: 3FD36AE6-84FD-4071-9700-29DAF0DF38FD
[2026-08-11 13:03:09.362] [INFO] [com.apple.network/connection] nw_connection_endpoint_report_on_nw_queue_block_invoke [C26 127.0.0.1:62382 waiting parent-flow (satisfied (Path is satisfied), viable, interface: lo0)] skipping state update
[2026-08-11 13:03:09.362] [INFO] [com.apple.network/connection] nw_endpoint_flow_setup_protocols [C26 127.0.0.1:62382 in_progress socket-flow (satisfied (Path is satisfied), viable, interface: lo0)] setup flow id E56AAAB9-C2F2-4C41-8BB5-DCDB69AF9AFD
[2026-08-11 13:03:09.362] [NOTICE] [com.apple.network/connection] [C26 127.0.0.1:62382 in_progress socket-flow (satisfied (Path is satisfied), viable, interface: lo0)] event: flow:start_connect @0.000s
[2026-08-11 13:03:09.362] [NOTICE] [com.apple.network/connection] nw_connection_report_state_with_handler_on_nw_queue [C26] reporting state preparing
[2026-08-11 13:03:09.362] [NOTICE] [com.apple.CFNetwork/Default] Task <C9DD1DF4-C069-4A91-AB41-5390635A20CD>.<26> setting up Connection 26
[2026-08-11 13:03:09.363] [NOTICE] [com.apple.network/connection] nw_socket_handle_socket_event [C26:2] Socket received CONNRESET event
[2026-08-11 13:03:09.363] [NOTICE] [com.apple.network/connection] nw_socket_handle_socket_event [C26:2] Socket received DISCONNECTED event
[2026-08-11 13:03:09.363] [ERROR] [com.apple.network/connection] nw_socket_handle_socket_event <private> Socket SO_ERROR [61: Connection refused]
[2026-08-11 13:03:09.363] [INFO] [com.apple.network/connection] nw_flow_error [C26 127.0.0.1:62382 in_progress socket-flow (satisfied (Path is satisfied), viable, interface: lo0)] Output protocol (socket) sent error: Connection refused
[2026-08-11 13:03:09.363] [ERROR] [com.apple.network/connection] nw_protocol_socket_set_no_wake_from_sleep <private> setsockopt SO_NOWAKEFROMSLEEP failed [22: Invalid argument]
[2026-08-11 13:03:09.363] [ERROR] [com.apple.network/] nw_protocol_socket_set_no_wake_from_sleep setsockopt SO_NOWAKEFROMSLEEP failed [22: Invalid argument]
[2026-08-11 13:03:09.363] [NOTICE] [com.apple.network/connection] nw_flow_disconnected [C26 127.0.0.1:62382 in_progress socket-flow (satisfied (Path is satisfied), viable, interface: lo0)] Output protocol disconnected
[2026-08-11 13:03:09.363] [ERROR] [com.apple.network/connection] nw_endpoint_flow_failed_with_error [C26 127.0.0.1:62382 in_progress socket-flow (satisfied (Path is satisfied), viable, interface: lo0)] already failing, returning
[2026-08-11 13:03:09.363] [NOTICE] [com.apple.network/connection] [C26 127.0.0.1:62382 failed socket-flow (satisfied (Path is satisfied), viable, interface: lo0)] event: flow:failed_connect @0.001s, error Connection refused
[2026-08-11 13:03:09.363] [INFO] [com.apple.network/connection] nw_connection_report_symptom_on_nw_queue [C26] reported Connection failed after setup symptom
[2026-08-11 13:03:09.363] [NOTICE] [com.apple.network/connection] nw_connection_report_state_with_handler_on_nw_queue [C26] reporting state failed error Connection refused
[2026-08-11 13:03:09.363] [ERROR] [com.apple.CFNetwork/Default] Connection 26: received failure notification
[2026-08-11 13:03:09.363] [ERROR] [com.apple.CFNetwork/Default] Connection 26: failed to connect 1:61, reason -1
[2026-08-11 13:03:09.363] [ERROR] [com.apple.CFNetwork/Default] Connection 26: encountered error(1:61)
[2026-08-11 13:03:09.363] [NOTICE] [com.apple.CFNetwork/Default] Connection 26: cleaning up
[2026-08-11 13:03:09.363] [NOTICE] [com.apple.CFNetwork/Summary] Connection 26: summary for unused connection {protocol="(null)", domain_lookup_duration_ms=0, connect_duration_ms=0, secure_connection_duration_ms=0, private_relay=false, idle_duration_ms=0}
[2026-08-11 13:03:09.363] [NOTICE] [com.apple.network/connection] [C26 6569B1D6-323D-4B05-8C1A-78A0581039A4 127.0.0.1:62382 tcp, url hash: 9f979fd0, definite, attribution: developer] cancel
[2026-08-11 13:03:09.363] [INFO] [com.apple.network/connection] nw_connection_uses_multipath_block_invoke [C26]  has no connected handler
[2026-08-11 13:03:09.363] [ERROR] [com.apple.network/connection] nw_connection_copy_connected_local_endpoint_block_invoke [C26] Client called nw_connection_copy_connected_local_endpoint on unconnected nw_connection
[2026-08-11 13:03:09.363] [ERROR] [com.apple.network/connection] nw_connection_copy_connected_remote_endpoint_block_invoke [C26] Client called nw_connection_copy_connected_remote_endpoint on unconnected nw_connection
[2026-08-11 13:03:09.363] [NOTICE] [com.apple.network/connection] [C26 6569B1D6-323D-4B05-8C1A-78A0581039A4 127.0.0.1:62382 tcp, url hash: 9f979fd0, definite, attribution: developer] cancelled
	[C26 3FD36AE6-84FD-4071-9700-29DAF0DF38FD <NULL><-><NULL>]
	Connected Path: (null)
	Privacy Stance: Not Eligible
	Duration: 0.001s, TCP @0.000s took 0.000s
[2026-08-11 13:03:09.363] [INFO] [com.apple.network/connection] nw_endpoint_handler_cancel [C26 127.0.0.1:62382 failed socket-flow (satisfied (Path is satisfied), viable, interface: lo0)]
[2026-08-11 13:03:09.363] [INFO] [com.apple.network/connection] nw_association_schedule_deactivation <nw_association 127.0.0.1:62382> will become dormant after 10000ms of inactivity
[2026-08-11 13:03:09.363] [NOTICE] [com.apple.network/connection] nw_connection_report_state_with_handler_on_nw_queue [C26] reporting state cancelled error Connection refused
[2026-08-11 13:03:09.363] [NOTICE] [com.apple.CFNetwork/Default] Task <C9DD1DF4-C069-4A91-AB41-5390635A20CD>.<26> can retry(N) with reason(2) for error [1:61]
[2026-08-11 13:03:09.363] [INFO] [com.apple.network/connection] [C26 127.0.0.1:62382 tcp, url hash: 9f979fd0, definite, attribution: developer] dealloc
[2026-08-11 13:03:09.363] [ERROR] [com.apple.CFNetwork/Default] Task <C9DD1DF4-C069-4A91-AB41-5390635A20CD>.<26> HTTP load failed, 0/0 bytes (error code: -1004 [1:61])
[2026-08-11 13:03:09.363] [NOTICE] [com.apple.CFNetwork/Summary] Task <C9DD1DF4-C069-4A91-AB41-5390635A20CD>.<26> summary for task failure {transaction_duration_ms=2, response_status=-1, connection=26, reused=1, reused_after_ms=0, request_start_ms=0, request_duration_ms=0, response_start_ms=0, response_duration_ms=0, request_bytes=0, request_throughput_kbps=0, response_bytes=0, response_throughput_kbps=0, cache_hit=false}
[2026-08-11 13:03:09.364] [ERROR] [com.apple.CFNetwork/Default] Task <C9DD1DF4-C069-4A91-AB41-5390635A20CD>.<26> finished with error [-1004] Error Domain=NSURLErrorDomain Code=-1004 UserInfo={NSErrorFailingURLStringKey=<private>, NSErrorFailingURLKey=<private>, _NSURLErrorRelatedURLSessionTaskErrorKey=<private>, _NSURLErrorFailingURLSessionTaskErrorKey=<private>, NSLocalizedDescription=<private>}
[2026-08-11 13:03:09.364] [ERROR] [com.tangzixiang.meow.app/meow-api] WS /logs reconnecting in 1s: Error Domain=NSURLErrorDomain Code=-1004 "无法连接服务器。" UserInfo={NSErrorFailingURLStringKey=http://127.0.0.1:62382/logs?level=debug, NSLocalizedDescription=无法连接服务器。, NSErrorFailingURLKey=http://127.0.0.1:62382/logs?level=debug}
[2026-08-11 13:03:09.780] [NOTICE] [com.apple.BackBoard/EventDelivery] policyStatus:<BKSHIDEventDeliveryPolicyObserver: 0x108d04c80; token: com.apple.frontboard.systemappservices/FBSceneManager:sceneID%3Assadtyer.top-default; status: none> was:ancestor
[2026-08-11 13:03:09.780] [NOTICE] [com.apple.BackBoard/EventDelivery] observerPolicyDidChange: 0x108d04c80 -> <_UIKeyWindowSceneObserver: 0x108d1a100>
[2026-08-11 13:03:09.780] [NOTICE] [com.apple.UIKit/KeyWindow] Scene target of keyboard event deferring environment did change: 0; scene: UIWindowScene: 0x1053c5310; scene identity: com.apple.frontboard.systemappservices/FBSceneManager:sceneID%3Assadtyer.top-default
[2026-08-11 13:03:09.781] [NOTICE] [com.apple.UIKit/AppLifecycle] sceneOfRecord: sceneID: sceneID:ssadtyer.top-default  persistentID: 31024865-9FD2-4799-A0E8-5DEFFC51D92C
[2026-08-11 13:03:10.419] [NOTICE] [com.apple.CFNetwork/Default] Task <49CACA68-2D9C-4655-BCCC-BF5687038A7C>.<27> resuming, timeouts(60.0, 604800.0) qos(0x19) voucher((null)) activity(00000000-0000-0000-0000-000000000000)
[2026-08-11 13:03:10.420] [INFO] [com.apple.network/connection] nw_connection_create_with_id [C27] create connection to 127.0.0.1:62382
[2026-08-11 13:03:10.421] [NOTICE] [com.apple.CFNetwork/Default] Connection 27: starting, TC(0x0)
[2026-08-11 13:03:10.421] [NOTICE] [com.apple.network/connection] [C27 A4BF4E09-F90B-4AC2-AE0B-9CD321EA9716 127.0.0.1:62382 tcp, url hash: 9f979fd0, definite, attribution: developer, context: com.apple.CFNetwork.NSURLSession.{D2D28DEA-298B-40DD-8393-B780ACD710F2}{(null)}{Y}{2}{0x0} (private), proc: 4E751277-8DF9-3937-8837-5559A42409CF] start
[2026-08-11 13:03:10.421] [INFO] [com.apple.network/connection] nw_endpoint_handler_start [C27 127.0.0.1:62382 initial parent-flow ((null))]
[2026-08-11 13:03:10.421] [NOTICE] [com.apple.network/connection] [C27 127.0.0.1:62382 initial parent-flow ((null))] event: path:start @0.000s
[2026-08-11 13:03:10.421] [INFO] [com.apple.network/] nw_path_necp_check_for_updates Trying to copy result again for 48 flows (max)
[2026-08-11 13:03:10.421] [ERROR] [com.apple.network/] nw_path_necp_check_for_updates Failed to copy updated result (22)
[2026-08-11 13:03:10.421] [NOTICE] [com.apple.network/connection] [C27 127.0.0.1:62382 waiting parent-flow (satisfied (Path is satisfied), viable, interface: lo0)] event: path:satisfied @0.000s, uuid: 3FD36AE6-84FD-4071-9700-29DAF0DF38FD
[2026-08-11 13:03:10.421] [INFO] [com.apple.network/connection] nw_connection_endpoint_report_on_nw_queue_block_invoke [C27 127.0.0.1:62382 waiting parent-flow (satisfied (Path is satisfied), viable, interface: lo0)] skipping state update
[2026-08-11 13:03:10.421] [INFO] [com.apple.network/connection] nw_endpoint_flow_setup_protocols [C27 127.0.0.1:62382 in_progress socket-flow (satisfied (Path is satisfied), viable, interface: lo0)] setup flow id B1CFD686-B65C-4337-BD2D-203903C5B1EE
[2026-08-11 13:03:10.421] [NOTICE] [com.apple.network/connection] [C27 127.0.0.1:62382 in_progress socket-flow (satisfied (Path is satisfied), viable, interface: lo0)] event: flow:start_connect @0.000s
[2026-08-11 13:03:10.421] [NOTICE] [com.apple.network/connection] nw_connection_report_state_with_handler_on_nw_queue [C27] reporting state preparing
[2026-08-11 13:03:10.422] [NOTICE] [com.apple.CFNetwork/Default] Task <49CACA68-2D9C-4655-BCCC-BF5687038A7C>.<27> setting up Connection 27
[2026-08-11 13:03:10.422] [NOTICE] [com.apple.network/connection] nw_socket_handle_socket_event [C27:2] Socket received CONNRESET event
[2026-08-11 13:03:10.422] [NOTICE] [com.apple.network/connection] nw_socket_handle_socket_event [C27:2] Socket received DISCONNECTED event
[2026-08-11 13:03:10.422] [ERROR] [com.apple.network/connection] nw_socket_handle_socket_event <private> Socket SO_ERROR [61: Connection refused]
[2026-08-11 13:03:10.422] [INFO] [com.apple.network/connection] nw_flow_error [C27 127.0.0.1:62382 in_progress socket-flow (satisfied (Path is satisfied), viable, interface: lo0)] Output protocol (socket) sent error: Connection refused
[2026-08-11 13:03:10.422] [ERROR] [com.apple.network/connection] nw_protocol_socket_set_no_wake_from_sleep <private> setsockopt SO_NOWAKEFROMSLEEP failed [22: Invalid argument]
[2026-08-11 13:03:10.422] [ERROR] [com.apple.network/] nw_protocol_socket_set_no_wake_from_sleep setsockopt SO_NOWAKEFROMSLEEP failed [22: Invalid argument]
[2026-08-11 13:03:10.422] [NOTICE] [com.apple.network/connection] nw_flow_disconnected [C27 127.0.0.1:62382 in_progress socket-flow (satisfied (Path is satisfied), viable, interface: lo0)] Output protocol disconnected
[2026-08-11 13:03:10.422] [ERROR] [com.apple.network/connection] nw_endpoint_flow_failed_with_error [C27 127.0.0.1:62382 in_progress socket-flow (satisfied (Path is satisfied), viable, interface: lo0)] already failing, returning
[2026-08-11 13:03:10.422] [NOTICE] [com.apple.network/connection] [C27 127.0.0.1:62382 failed socket-flow (satisfied (Path is satisfied), viable, interface: lo0)] event: flow:failed_connect @0.001s, error Connection refused
[2026-08-11 13:03:10.422] [INFO] [com.apple.network/connection] nw_connection_report_symptom_on_nw_queue [C27] reported Connection failed after setup symptom
[2026-08-11 13:03:10.422] [NOTICE] [com.apple.network/connection] nw_connection_report_state_with_handler_on_nw_queue [C27] reporting state failed error Connection refused
[2026-08-11 13:03:10.422] [ERROR] [com.apple.CFNetwork/Default] Connection 27: received failure notification
[2026-08-11 13:03:10.422] [ERROR] [com.apple.CFNetwork/Default] Connection 27: failed to connect 1:61, reason -1
[2026-08-11 13:03:10.422] [ERROR] [com.apple.CFNetwork/Default] Connection 27: encountered error(1:61)
[2026-08-11 13:03:10.422] [NOTICE] [com.apple.CFNetwork/Default] Connection 27: cleaning up
[2026-08-11 13:03:10.422] [NOTICE] [com.apple.CFNetwork/Summary] Connection 27: summary for unused connection {protocol="(null)", domain_lookup_duration_ms=0, connect_duration_ms=0, secure_connection_duration_ms=0, private_relay=false, idle_duration_ms=0}
[2026-08-11 13:03:10.422] [NOTICE] [com.apple.network/connection] [C27 A4BF4E09-F90B-4AC2-AE0B-9CD321EA9716 127.0.0.1:62382 tcp, url hash: 9f979fd0, definite, attribution: developer] cancel
[2026-08-11 13:03:10.422] [INFO] [com.apple.network/connection] nw_connection_uses_multipath_block_invoke [C27]  has no connected handler
[2026-08-11 13:03:10.422] [ERROR] [com.apple.network/connection] nw_connection_copy_connected_local_endpoint_block_invoke [C27] Client called nw_connection_copy_connected_local_endpoint on unconnected nw_connection
[2026-08-11 13:03:10.422] [ERROR] [com.apple.network/connection] nw_connection_copy_connected_remote_endpoint_block_invoke [C27] Client called nw_connection_copy_connected_remote_endpoint on unconnected nw_connection
[2026-08-11 13:03:10.422] [NOTICE] [com.apple.network/connection] [C27 A4BF4E09-F90B-4AC2-AE0B-9CD321EA9716 127.0.0.1:62382 tcp, url hash: 9f979fd0, definite, attribution: developer] cancelled
	[C27 3FD36AE6-84FD-4071-9700-29DAF0DF38FD <NULL><-><NULL>]
	Connected Path: (null)
	Privacy Stance: Not Eligible
	Duration: 0.001s, TCP @0.000s took 0.000s
[2026-08-11 13:03:10.422] [INFO] [com.apple.network/connection] nw_endpoint_handler_cancel [C27 127.0.0.1:62382 failed socket-flow (satisfied (Path is satisfied), viable, interface: lo0)]
[2026-08-11 13:03:10.422] [INFO] [com.apple.network/connection] nw_association_schedule_deactivation <nw_association 127.0.0.1:62382> will become dormant after 10000ms of inactivity
[2026-08-11 13:03:10.422] [NOTICE] [com.apple.network/connection] nw_connection_report_state_with_handler_on_nw_queue [C27] reporting state cancelled error Connection refused
[2026-08-11 13:03:10.423] [NOTICE] [com.apple.CFNetwork/Default] Task <49CACA68-2D9C-4655-BCCC-BF5687038A7C>.<27> can retry(N) with reason(2) for error [1:61]
[2026-08-11 13:03:10.423] [INFO] [com.apple.network/connection] [C27 127.0.0.1:62382 tcp, url hash: 9f979fd0, definite, attribution: developer] dealloc
[2026-08-11 13:03:10.423] [ERROR] [com.apple.CFNetwork/Default] Task <49CACA68-2D9C-4655-BCCC-BF5687038A7C>.<27> HTTP load failed, 0/0 bytes (error code: -1004 [1:61])
[2026-08-11 13:03:10.423] [NOTICE] [com.apple.CFNetwork/Summary] Task <49CACA68-2D9C-4655-BCCC-BF5687038A7C>.<27> summary for task failure {transaction_duration_ms=3, response_status=-1, connection=27, reused=1, reused_after_ms=0, request_start_ms=0, request_duration_ms=0, response_start_ms=0, response_duration_ms=0, request_bytes=0, request_throughput_kbps=0, response_bytes=0, response_throughput_kbps=0, cache_hit=false}
[2026-08-11 13:03:10.423] [ERROR] [com.apple.CFNetwork/Default] Task <49CACA68-2D9C-4655-BCCC-BF5687038A7C>.<27> finished with error [-1004] Error Domain=NSURLErrorDomain Code=-1004 UserInfo={NSErrorFailingURLStringKey=<private>, NSErrorFailingURLKey=<private>, _NSURLErrorRelatedURLSessionTaskErrorKey=<private>, _NSURLErrorFailingURLSessionTaskErrorKey=<private>, NSLocalizedDescription=<private>}
[2026-08-11 13:03:10.423] [ERROR] [com.tangzixiang.meow.app/meow-api] WS /logs reconnecting in 1s: Error Domain=NSURLErrorDomain Code=-1004 "无法连接服务器。" UserInfo={NSErrorFailingURLStringKey=http://127.0.0.1:62382/logs?level=debug, NSLocalizedDescription=无法连接服务器。, NSErrorFailingURLKey=http://127.0.0.1:62382/logs?level=debug}
[2026-08-11 13:03:11.491] [NOTICE] [com.apple.CFNetwork/Default] Task <AF9A7A97-AF1B-4083-8914-338BDFED8E49>.<28> resuming, timeouts(60.0, 604800.0) qos(0x19) voucher((null)) activity(00000000-0000-0000-0000-000000000000)
[2026-08-11 13:03:11.493] [INFO] [com.apple.network/connection] nw_connection_create_with_id [C28] create connection to 127.0.0.1:62382
[2026-08-11 13:03:11.493] [NOTICE] [com.apple.CFNetwork/Default] Connection 28: starting, TC(0x0)
[2026-08-11 13:03:11.493] [NOTICE] [com.apple.network/connection] [C28 AEE64E75-76A3-4E02-8907-ACA23199D350 127.0.0.1:62382 tcp, url hash: 9f979fd0, definite, attribution: developer, context: com.apple.CFNetwork.NSURLSession.{D2D28DEA-298B-40DD-8393-B780ACD710F2}{(null)}{Y}{2}{0x0} (private), proc: 4E751277-8DF9-3937-8837-5559A42409CF] start
[2026-08-11 13:03:11.493] [INFO] [com.apple.network/connection] nw_endpoint_handler_start [C28 127.0.0.1:62382 initial parent-flow ((null))]
[2026-08-11 13:03:11.493] [NOTICE] [com.apple.network/connection] [C28 127.0.0.1:62382 initial parent-flow ((null))] event: path:start @0.000s
[2026-08-11 13:03:11.493] [INFO] [com.apple.network/] nw_path_necp_check_for_updates Trying to copy result again for 48 flows (max)
[2026-08-11 13:03:11.493] [ERROR] [com.apple.network/] nw_path_necp_check_for_updates Failed to copy updated result (22)
[2026-08-11 13:03:11.493] [NOTICE] [com.apple.network/connection] [C28 127.0.0.1:62382 waiting parent-flow (satisfied (Path is satisfied), viable, interface: lo0)] event: path:satisfied @0.000s, uuid: 3FD36AE6-84FD-4071-9700-29DAF0DF38FD
[2026-08-11 13:03:11.493] [INFO] [com.apple.network/connection] nw_connection_endpoint_report_on_nw_queue_block_invoke [C28 127.0.0.1:62382 waiting parent-flow (satisfied (Path is satisfied), viable, interface: lo0)] skipping state update
[2026-08-11 13:03:11.493] [INFO] [com.apple.network/connection] nw_endpoint_flow_setup_protocols [C28 127.0.0.1:62382 in_progress socket-flow (satisfied (Path is satisfied), viable, interface: lo0)] setup flow id E2B19DE7-5489-4075-B775-D9C98C3207AC
[2026-08-11 13:03:11.493] [NOTICE] [com.apple.network/connection] [C28 127.0.0.1:62382 in_progress socket-flow (satisfied (Path is satisfied), viable, interface: lo0)] event: flow:start_connect @0.000s
[2026-08-11 13:03:11.493] [NOTICE] [com.apple.network/connection] nw_connection_report_state_with_handler_on_nw_queue [C28] reporting state preparing
[2026-08-11 13:03:11.494] [NOTICE] [com.apple.CFNetwork/Default] Task <AF9A7A97-AF1B-4083-8914-338BDFED8E49>.<28> setting up Connection 28
[2026-08-11 13:03:11.494] [NOTICE] [com.apple.network/connection] nw_socket_handle_socket_event [C28:2] Socket received CONNRESET event
[2026-08-11 13:03:11.494] [NOTICE] [com.apple.network/connection] nw_socket_handle_socket_event [C28:2] Socket received DISCONNECTED event
[2026-08-11 13:03:11.494] [ERROR] [com.apple.network/connection] nw_socket_handle_socket_event <private> Socket SO_ERROR [61: Connection refused]
[2026-08-11 13:03:11.494] [INFO] [com.apple.network/connection] nw_flow_error [C28 127.0.0.1:62382 in_progress socket-flow (satisfied (Path is satisfied), viable, interface: lo0)] Output protocol (socket) sent error: Connection refused
[2026-08-11 13:03:11.494] [ERROR] [com.apple.network/connection] nw_protocol_socket_set_no_wake_from_sleep <private> setsockopt SO_NOWAKEFROMSLEEP failed [22: Invalid argument]
[2026-08-11 13:03:11.494] [ERROR] [com.apple.network/] nw_protocol_socket_set_no_wake_from_sleep setsockopt SO_NOWAKEFROMSLEEP failed [22: Invalid argument]
[2026-08-11 13:03:11.494] [NOTICE] [com.apple.network/connection] nw_flow_disconnected [C28 127.0.0.1:62382 in_progress socket-flow (satisfied (Path is satisfied), viable, interface: lo0)] Output protocol disconnected
[2026-08-11 13:03:11.494] [ERROR] [com.apple.network/connection] nw_endpoint_flow_failed_with_error [C28 127.0.0.1:62382 in_progress socket-flow (satisfied (Path is satisfied), viable, interface: lo0)] already failing, returning
[2026-08-11 13:03:11.494] [NOTICE] [com.apple.network/connection] [C28 127.0.0.1:62382 failed socket-flow (satisfied (Path is satisfied), viable, interface: lo0)] event: flow:failed_connect @0.001s, error Connection refused
[2026-08-11 13:03:11.494] [INFO] [com.apple.network/connection] nw_connection_report_symptom_on_nw_queue [C28] reported Connection failed after setup symptom
[2026-08-11 13:03:11.494] [NOTICE] [com.apple.network/connection] nw_connection_report_state_with_handler_on_nw_queue [C28] reporting state failed error Connection refused
[2026-08-11 13:03:11.494] [ERROR] [com.apple.CFNetwork/Default] Connection 28: received failure notification
[2026-08-11 13:03:11.494] [ERROR] [com.apple.CFNetwork/Default] Connection 28: failed to connect 1:61, reason -1
[2026-08-11 13:03:11.494] [ERROR] [com.apple.CFNetwork/Default] Connection 28: encountered error(1:61)
[2026-08-11 13:03:11.494] [NOTICE] [com.apple.CFNetwork/Default] Connection 28: cleaning up
[2026-08-11 13:03:11.494] [NOTICE] [com.apple.CFNetwork/Summary] Connection 28: summary for unused connection {protocol="(null)", domain_lookup_duration_ms=0, connect_duration_ms=0, secure_connection_duration_ms=0, private_relay=false, idle_duration_ms=0}
[2026-08-11 13:03:11.494] [NOTICE] [com.apple.network/connection] [C28 AEE64E75-76A3-4E02-8907-ACA23199D350 127.0.0.1:62382 tcp, url hash: 9f979fd0, definite, attribution: developer] cancel
[2026-08-11 13:03:11.494] [INFO] [com.apple.network/connection] nw_connection_uses_multipath_block_invoke [C28]  has no connected handler
[2026-08-11 13:03:11.494] [ERROR] [com.apple.network/connection] nw_connection_copy_connected_local_endpoint_block_invoke [C28] Client called nw_connection_copy_connected_local_endpoint on unconnected nw_connection
[2026-08-11 13:03:11.494] [ERROR] [com.apple.network/connection] nw_connection_copy_connected_remote_endpoint_block_invoke [C28] Client called nw_connection_copy_connected_remote_endpoint on unconnected nw_connection
[2026-08-11 13:03:11.495] [NOTICE] [com.apple.network/connection] [C28 AEE64E75-76A3-4E02-8907-ACA23199D350 127.0.0.1:62382 tcp, url hash: 9f979fd0, definite, attribution: developer] cancelled
	[C28 3FD36AE6-84FD-4071-9700-29DAF0DF38FD <NULL><-><NULL>]
	Connected Path: (null)
	Privacy Stance: Not Eligible
	Duration: 0.001s, TCP @0.000s took 0.000s
[2026-08-11 13:03:11.495] [INFO] [com.apple.network/connection] nw_endpoint_handler_cancel [C28 127.0.0.1:62382 failed socket-flow (satisfied (Path is satisfied), viable, interface: lo0)]
[2026-08-11 13:03:11.495] [INFO] [com.apple.network/connection] nw_association_schedule_deactivation <nw_association 127.0.0.1:62382> will become dormant after 10000ms of inactivity
[2026-08-11 13:03:11.495] [NOTICE] [com.apple.network/connection] nw_connection_report_state_with_handler_on_nw_queue [C28] reporting state cancelled error Connection refused
[2026-08-11 13:03:11.495] [NOTICE] [com.apple.CFNetwork/Default] Task <AF9A7A97-AF1B-4083-8914-338BDFED8E49>.<28> can retry(N) with reason(2) for error [1:61]
[2026-08-11 13:03:11.495] [INFO] [com.apple.network/connection] [C28 127.0.0.1:62382 tcp, url hash: 9f979fd0, definite, attribution: developer] dealloc
[2026-08-11 13:03:11.495] [ERROR] [com.apple.CFNetwork/Default] Task <AF9A7A97-AF1B-4083-8914-338BDFED8E49>.<28> HTTP load failed, 0/0 bytes (error code: -1004 [1:61])
[2026-08-11 13:03:11.495] [NOTICE] [com.apple.CFNetwork/Summary] Task <AF9A7A97-AF1B-4083-8914-338BDFED8E49>.<28> summary for task failure {transaction_duration_ms=3, response_status=-1, connection=28, reused=1, reused_after_ms=0, request_start_ms=0, request_duration_ms=0, response_start_ms=0, response_duration_ms=0, request_bytes=0, request_throughput_kbps=0, response_bytes=0, response_throughput_kbps=0, cache_hit=false}
[2026-08-11 13:03:11.495] [ERROR] [com.apple.CFNetwork/Default] Task <AF9A7A97-AF1B-4083-8914-338BDFED8E49>.<28> finished with error [-1004] Error Domain=NSURLErrorDomain Code=-1004 UserInfo={NSErrorFailingURLStringKey=<private>, NSErrorFailingURLKey=<private>, _NSURLErrorRelatedURLSessionTaskErrorKey=<private>, _NSURLErrorFailingURLSessionTaskErrorKey=<private>, NSLocalizedDescription=<private>}
[2026-08-11 13:03:11.495] [ERROR] [com.tangzixiang.meow.app/meow-api] WS /logs reconnecting in 1s: Error Domain=NSURLErrorDomain Code=-1004 "无法连接服务器。" UserInfo={NSErrorFailingURLStringKey=http://127.0.0.1:62382/logs?level=debug, NSLocalizedDescription=无法连接服务器。, NSErrorFailingURLKey=http://127.0.0.1:62382/logs?level=debug}
[2026-08-11 13:03:12.563] [NOTICE] [com.apple.CFNetwork/Default] Task <40EFEE59-75CD-44B8-8964-C29419D235E3>.<29> resuming, timeouts(60.0, 604800.0) qos(0x19) voucher((null)) activity(00000000-0000-0000-0000-000000000000)
[2026-08-11 13:03:12.565] [INFO] [com.apple.network/connection] nw_connection_create_with_id [C29] create connection to 127.0.0.1:62382
[2026-08-11 13:03:12.565] [NOTICE] [com.apple.CFNetwork/Default] Connection 29: starting, TC(0x0)
[2026-08-11 13:03:12.565] [NOTICE] [com.apple.network/connection] [C29 B311E9F2-0FEF-47A2-BA2B-C193863F26E0 127.0.0.1:62382 tcp, url hash: 9f979fd0, definite, attribution: developer, context: com.apple.CFNetwork.NSURLSession.{D2D28DEA-298B-40DD-8393-B780ACD710F2}{(null)}{Y}{2}{0x0} (private), proc: 4E751277-8DF9-3937-8837-5559A42409CF] start
[2026-08-11 13:03:12.565] [INFO] [com.apple.network/connection] nw_endpoint_handler_start [C29 127.0.0.1:62382 initial parent-flow ((null))]
[2026-08-11 13:03:12.565] [NOTICE] [com.apple.network/connection] [C29 127.0.0.1:62382 initial parent-flow ((null))] event: path:start @0.000s
[2026-08-11 13:03:12.565] [INFO] [com.apple.network/] nw_path_necp_check_for_updates Trying to copy result again for 48 flows (max)
[2026-08-11 13:03:12.565] [ERROR] [com.apple.network/] nw_path_necp_check_for_updates Failed to copy updated result (22)
[2026-08-11 13:03:12.565] [NOTICE] [com.apple.network/connection] [C29 127.0.0.1:62382 waiting parent-flow (satisfied (Path is satisfied), viable, interface: lo0)] event: path:satisfied @0.000s, uuid: 3FD36AE6-84FD-4071-9700-29DAF0DF38FD
[2026-08-11 13:03:12.565] [INFO] [com.apple.network/connection] nw_connection_endpoint_report_on_nw_queue_block_invoke [C29 127.0.0.1:62382 waiting parent-flow (satisfied (Path is satisfied), viable, interface: lo0)] skipping state update
[2026-08-11 13:03:12.565] [INFO] [com.apple.network/connection] nw_endpoint_flow_setup_protocols [C29 127.0.0.1:62382 in_progress socket-flow (satisfied (Path is satisfied), viable, interface: lo0)] setup flow id 2BB0B6DC-9122-4E79-9D83-0CCBB83FC97D
[2026-08-11 13:03:12.566] [NOTICE] [com.apple.network/connection] [C29 127.0.0.1:62382 in_progress socket-flow (satisfied (Path is satisfied), viable, interface: lo0)] event: flow:start_connect @0.000s
[2026-08-11 13:03:12.566] [NOTICE] [com.apple.network/connection] nw_connection_report_state_with_handler_on_nw_queue [C29] reporting state preparing
[2026-08-11 13:03:12.566] [NOTICE] [com.apple.CFNetwork/Default] Task <40EFEE59-75CD-44B8-8964-C29419D235E3>.<29> setting up Connection 29
[2026-08-11 13:03:12.566] [NOTICE] [com.apple.network/connection] nw_socket_handle_socket_event [C29:2] Socket received CONNRESET event
[2026-08-11 13:03:12.566] [NOTICE] [com.apple.network/connection] nw_socket_handle_socket_event [C29:2] Socket received DISCONNECTED event
[2026-08-11 13:03:12.566] [ERROR] [com.apple.network/connection] nw_socket_handle_socket_event <private> Socket SO_ERROR [61: Connection refused]
[2026-08-11 13:03:12.566] [INFO] [com.apple.network/connection] nw_flow_error [C29 127.0.0.1:62382 in_progress socket-flow (satisfied (Path is satisfied), viable, interface: lo0)] Output protocol (socket) sent error: Connection refused
[2026-08-11 13:03:12.566] [ERROR] [com.apple.network/connection] nw_protocol_socket_set_no_wake_from_sleep <private> setsockopt SO_NOWAKEFROMSLEEP failed [22: Invalid argument]
[2026-08-11 13:03:12.566] [ERROR] [com.apple.network/] nw_protocol_socket_set_no_wake_from_sleep setsockopt SO_NOWAKEFROMSLEEP failed [22: Invalid argument]
[2026-08-11 13:03:12.566] [NOTICE] [com.apple.network/connection] nw_flow_disconnected [C29 127.0.0.1:62382 in_progress socket-flow (satisfied (Path is satisfied), viable, interface: lo0)] Output protocol disconnected
[2026-08-11 13:03:12.566] [ERROR] [com.apple.network/connection] nw_endpoint_flow_failed_with_error [C29 127.0.0.1:62382 in_progress socket-flow (satisfied (Path is satisfied), viable, interface: lo0)] already failing, returning
[2026-08-11 13:03:12.566] [NOTICE] [com.apple.network/connection] [C29 127.0.0.1:62382 failed socket-flow (satisfied (Path is satisfied), viable, interface: lo0)] event: flow:failed_connect @0.001s, error Connection refused
[2026-08-11 13:03:12.567] [INFO] [com.apple.network/connection] nw_connection_report_symptom_on_nw_queue [C29] reported Connection failed after setup symptom
[2026-08-11 13:03:12.567] [NOTICE] [com.apple.network/connection] nw_connection_report_state_with_handler_on_nw_queue [C29] reporting state failed error Connection refused
[2026-08-11 13:03:12.567] [ERROR] [com.apple.CFNetwork/Default] Connection 29: received failure notification
[2026-08-11 13:03:12.567] [ERROR] [com.apple.CFNetwork/Default] Connection 29: failed to connect 1:61, reason -1
[2026-08-11 13:03:12.567] [ERROR] [com.apple.CFNetwork/Default] Connection 29: encountered error(1:61)
[2026-08-11 13:03:12.567] [NOTICE] [com.apple.CFNetwork/Default] Connection 29: cleaning up
[2026-08-11 13:03:12.567] [NOTICE] [com.apple.CFNetwork/Summary] Connection 29: summary for unused connection {protocol="(null)", domain_lookup_duration_ms=0, connect_duration_ms=0, secure_connection_duration_ms=0, private_relay=false, idle_duration_ms=0}
[2026-08-11 13:03:12.567] [NOTICE] [com.apple.network/connection] [C29 B311E9F2-0FEF-47A2-BA2B-C193863F26E0 127.0.0.1:62382 tcp, url hash: 9f979fd0, definite, attribution: developer] cancel
[2026-08-11 13:03:12.567] [INFO] [com.apple.network/connection] nw_connection_uses_multipath_block_invoke [C29]  has no connected handler
[2026-08-11 13:03:12.567] [ERROR] [com.apple.network/connection] nw_connection_copy_connected_local_endpoint_block_invoke [C29] Client called nw_connection_copy_connected_local_endpoint on unconnected nw_connection
[2026-08-11 13:03:12.567] [ERROR] [com.apple.network/connection] nw_connection_copy_connected_remote_endpoint_block_invoke [C29] Client called nw_connection_copy_connected_remote_endpoint on unconnected nw_connection
[2026-08-11 13:03:12.567] [NOTICE] [com.apple.network/connection] [C29 B311E9F2-0FEF-47A2-BA2B-C193863F26E0 127.0.0.1:62382 tcp, url hash: 9f979fd0, definite, attribution: developer] cancelled
	[C29 3FD36AE6-84FD-4071-9700-29DAF0DF38FD <NULL><-><NULL>]
	Connected Path: (null)
	Privacy Stance: Not Eligible
	Duration: 0.001s, TCP @0.000s took 0.000s
[2026-08-11 13:03:12.567] [INFO] [com.apple.network/connection] nw_endpoint_handler_cancel [C29 127.0.0.1:62382 failed socket-flow (satisfied (Path is satisfied), viable, interface: lo0)]
[2026-08-11 13:03:12.567] [INFO] [com.apple.network/connection] nw_association_schedule_deactivation <nw_association 127.0.0.1:62382> will become dormant after 10000ms of inactivity
[2026-08-11 13:03:12.567] [NOTICE] [com.apple.network/connection] nw_connection_report_state_with_handler_on_nw_queue [C29] reporting state cancelled error Connection refused
[2026-08-11 13:03:12.567] [NOTICE] [com.apple.CFNetwork/Default] Task <40EFEE59-75CD-44B8-8964-C29419D235E3>.<29> can retry(N) with reason(2) for error [1:61]
[2026-08-11 13:03:12.567] [INFO] [com.apple.network/connection] [C29 127.0.0.1:62382 tcp, url hash: 9f979fd0, definite, attribution: developer] dealloc
[2026-08-11 13:03:12.567] [ERROR] [com.apple.CFNetwork/Default] Task <40EFEE59-75CD-44B8-8964-C29419D235E3>.<29> HTTP load failed, 0/0 bytes (error code: -1004 [1:61])
[2026-08-11 13:03:12.567] [NOTICE] [com.apple.CFNetwork/Summary] Task <40EFEE59-75CD-44B8-8964-C29419D235E3>.<29> summary for task failure {transaction_duration_ms=3, response_status=-1, connection=29, reused=1, reused_after_ms=0, request_start_ms=0, request_duration_ms=0, response_start_ms=0, response_duration_ms=0, request_bytes=0, request_throughput_kbps=0, response_bytes=0, response_throughput_kbps=0, cache_hit=false}
[2026-08-11 13:03:12.567] [ERROR] [com.apple.CFNetwork/Default] Task <40EFEE59-75CD-44B8-8964-C29419D235E3>.<29> finished with error [-1004] Error Domain=NSURLErrorDomain Code=-1004 UserInfo={NSErrorFailingURLStringKey=<private>, NSErrorFailingURLKey=<private>, _NSURLErrorRelatedURLSessionTaskErrorKey=<private>, _NSURLErrorFailingURLSessionTaskErrorKey=<private>, NSLocalizedDescription=<private>}
[2026-08-11 13:03:12.567] [ERROR] [com.tangzixiang.meow.app/meow-api] WS /logs reconnecting in 1s: Error Domain=NSURLErrorDomain Code=-1004 "无法连接服务器。" UserInfo={NSErrorFailingURLStringKey=http://127.0.0.1:62382/logs?level=debug, NSLocalizedDescription=无法连接服务器。, NSErrorFailingURLKey=http://127.0.0.1:62382/logs?level=debug}
[2026-08-11 13:03:13.626] [NOTICE] [com.apple.CFNetwork/Default] Task <F857CAC3-B11C-49FF-A726-2472C5DA5DAB>.<30> resuming, timeouts(60.0, 604800.0) qos(0x19) voucher((null)) activity(00000000-0000-0000-0000-000000000000)
[2026-08-11 13:03:13.628] [INFO] [com.apple.network/connection] nw_connection_create_with_id [C30] create connection to 127.0.0.1:62382
[2026-08-11 13:03:13.628] [NOTICE] [com.apple.CFNetwork/Default] Connection 30: starting, TC(0x0)
[2026-08-11 13:03:13.628] [NOTICE] [com.apple.network/connection] [C30 5F7C218D-9DFA-4AD8-88C2-57742A7EB193 127.0.0.1:62382 tcp, url hash: 9f979fd0, definite, attribution: developer, context: com.apple.CFNetwork.NSURLSession.{D2D28DEA-298B-40DD-8393-B780ACD710F2}{(null)}{Y}{2}{0x0} (private), proc: 4E751277-8DF9-3937-8837-5559A42409CF] start
[2026-08-11 13:03:13.628] [INFO] [com.apple.network/connection] nw_endpoint_handler_start [C30 127.0.0.1:62382 initial parent-flow ((null))]
[2026-08-11 13:03:13.628] [NOTICE] [com.apple.network/connection] [C30 127.0.0.1:62382 initial parent-flow ((null))] event: path:start @0.000s
[2026-08-11 13:03:13.628] [INFO] [com.apple.network/] nw_path_necp_check_for_updates Trying to copy result again for 48 flows (max)
[2026-08-11 13:03:13.628] [ERROR] [com.apple.network/] nw_path_necp_check_for_updates Failed to copy updated result (22)
[2026-08-11 13:03:13.628] [NOTICE] [com.apple.network/connection] [C30 127.0.0.1:62382 waiting parent-flow (satisfied (Path is satisfied), viable, interface: lo0)] event: path:satisfied @0.000s, uuid: 3FD36AE6-84FD-4071-9700-29DAF0DF38FD
[2026-08-11 13:03:13.628] [INFO] [com.apple.network/connection] nw_connection_endpoint_report_on_nw_queue_block_invoke [C30 127.0.0.1:62382 waiting parent-flow (satisfied (Path is satisfied), viable, interface: lo0)] skipping state update
[2026-08-11 13:03:13.628] [INFO] [com.apple.network/connection] nw_endpoint_flow_setup_protocols [C30 127.0.0.1:62382 in_progress socket-flow (satisfied (Path is satisfied), viable, interface: lo0)] setup flow id 677AE8FF-482B-4D44-9D25-112173CEAD26
[2026-08-11 13:03:13.628] [NOTICE] [com.apple.network/connection] [C30 127.0.0.1:62382 in_progress socket-flow (satisfied (Path is satisfied), viable, interface: lo0)] event: flow:start_connect @0.000s
[2026-08-11 13:03:13.628] [NOTICE] [com.apple.network/connection] nw_connection_report_state_with_handler_on_nw_queue [C30] reporting state preparing
[2026-08-11 13:03:13.629] [NOTICE] [com.apple.CFNetwork/Default] Task <F857CAC3-B11C-49FF-A726-2472C5DA5DAB>.<30> setting up Connection 30
[2026-08-11 13:03:13.629] [NOTICE] [com.apple.network/connection] nw_socket_handle_socket_event [C30:2] Socket received CONNRESET event
[2026-08-11 13:03:13.629] [NOTICE] [com.apple.network/connection] nw_socket_handle_socket_event [C30:2] Socket received DISCONNECTED event
[2026-08-11 13:03:13.629] [ERROR] [com.apple.network/connection] nw_socket_handle_socket_event <private> Socket SO_ERROR [61: Connection refused]
[2026-08-11 13:03:13.629] [INFO] [com.apple.network/connection] nw_flow_error [C30 127.0.0.1:62382 in_progress socket-flow (satisfied (Path is satisfied), viable, interface: lo0)] Output protocol (socket) sent error: Connection refused
[2026-08-11 13:03:13.629] [ERROR] [com.apple.network/connection] nw_protocol_socket_set_no_wake_from_sleep <private> setsockopt SO_NOWAKEFROMSLEEP failed [22: Invalid argument]
[2026-08-11 13:03:13.629] [ERROR] [com.apple.network/] nw_protocol_socket_set_no_wake_from_sleep setsockopt SO_NOWAKEFROMSLEEP failed [22: Invalid argument]
[2026-08-11 13:03:13.629] [NOTICE] [com.apple.network/connection] nw_flow_disconnected [C30 127.0.0.1:62382 in_progress socket-flow (satisfied (Path is satisfied), viable, interface: lo0)] Output protocol disconnected
[2026-08-11 13:03:13.629] [ERROR] [com.apple.network/connection] nw_endpoint_flow_failed_with_error [C30 127.0.0.1:62382 in_progress socket-flow (satisfied (Path is satisfied), viable, interface: lo0)] already failing, returning
[2026-08-11 13:03:13.629] [NOTICE] [com.apple.network/connection] [C30 127.0.0.1:62382 failed socket-flow (satisfied (Path is satisfied), viable, interface: lo0)] event: flow:failed_connect @0.001s, error Connection refused
[2026-08-11 13:03:13.629] [INFO] [com.apple.network/connection] nw_connection_report_symptom_on_nw_queue [C30] reported Connection failed after setup symptom
[2026-08-11 13:03:13.629] [NOTICE] [com.apple.network/connection] nw_connection_report_state_with_handler_on_nw_queue [C30] reporting state failed error Connection refused
[2026-08-11 13:03:13.629] [ERROR] [com.apple.CFNetwork/Default] Connection 30: received failure notification
[2026-08-11 13:03:13.629] [ERROR] [com.apple.CFNetwork/Default] Connection 30: failed to connect 1:61, reason -1
[2026-08-11 13:03:13.629] [ERROR] [com.apple.CFNetwork/Default] Connection 30: encountered error(1:61)
[2026-08-11 13:03:13.629] [NOTICE] [com.apple.CFNetwork/Default] Connection 30: cleaning up
[2026-08-11 13:03:13.629] [NOTICE] [com.apple.CFNetwork/Summary] Connection 30: summary for unused connection {protocol="(null)", domain_lookup_duration_ms=0, connect_duration_ms=0, secure_connection_duration_ms=0, private_relay=false, idle_duration_ms=0}
[2026-08-11 13:03:13.629] [NOTICE] [com.apple.network/connection] [C30 5F7C218D-9DFA-4AD8-88C2-57742A7EB193 127.0.0.1:62382 tcp, url hash: 9f979fd0, definite, attribution: developer] cancel
[2026-08-11 13:03:13.629] [INFO] [com.apple.network/connection] nw_connection_uses_multipath_block_invoke [C30]  has no connected handler
[2026-08-11 13:03:13.629] [ERROR] [com.apple.network/connection] nw_connection_copy_connected_local_endpoint_block_invoke [C30] Client called nw_connection_copy_connected_local_endpoint on unconnected nw_connection
[2026-08-11 13:03:13.629] [ERROR] [com.apple.network/connection] nw_connection_copy_connected_remote_endpoint_block_invoke [C30] Client called nw_connection_copy_connected_remote_endpoint on unconnected nw_connection
[2026-08-11 13:03:13.629] [NOTICE] [com.apple.network/connection] [C30 5F7C218D-9DFA-4AD8-88C2-57742A7EB193 127.0.0.1:62382 tcp, url hash: 9f979fd0, definite, attribution: developer] cancelled
	[C30 3FD36AE6-84FD-4071-9700-29DAF0DF38FD <NULL><-><NULL>]
	Connected Path: (null)
	Privacy Stance: Not Eligible
	Duration: 0.001s, TCP @0.000s took 0.000s
[2026-08-11 13:03:13.629] [INFO] [com.apple.network/connection] nw_endpoint_handler_cancel [C30 127.0.0.1:62382 failed socket-flow (satisfied (Path is satisfied), viable, interface: lo0)]
[2026-08-11 13:03:13.629] [INFO] [com.apple.network/connection] nw_association_schedule_deactivation <nw_association 127.0.0.1:62382> will become dormant after 10000ms of inactivity
[2026-08-11 13:03:13.629] [NOTICE] [com.apple.network/connection] nw_connection_report_state_with_handler_on_nw_queue [C30] reporting state cancelled error Connection refused
[2026-08-11 13:03:13.630] [NOTICE] [com.apple.CFNetwork/Default] Task <F857CAC3-B11C-49FF-A726-2472C5DA5DAB>.<30> can retry(N) with reason(2) for error [1:61]
[2026-08-11 13:03:13.630] [INFO] [com.apple.network/connection] [C30 127.0.0.1:62382 tcp, url hash: 9f979fd0, definite, attribution: developer] dealloc
[2026-08-11 13:03:13.630] [ERROR] [com.apple.CFNetwork/Default] Task <F857CAC3-B11C-49FF-A726-2472C5DA5DAB>.<30> HTTP load failed, 0/0 bytes (error code: -1004 [1:61])
[2026-08-11 13:03:13.630] [NOTICE] [com.apple.CFNetwork/Summary] Task <F857CAC3-B11C-49FF-A726-2472C5DA5DAB>.<30> summary for task failure {transaction_duration_ms=3, response_status=-1, connection=30, reused=1, reused_after_ms=0, request_start_ms=0, request_duration_ms=0, response_start_ms=0, response_duration_ms=0, request_bytes=0, request_throughput_kbps=0, response_bytes=0, response_throughput_kbps=0, cache_hit=false}
[2026-08-11 13:03:13.630] [ERROR] [com.apple.CFNetwork/Default] Task <F857CAC3-B11C-49FF-A726-2472C5DA5DAB>.<30> finished with error [-1004] Error Domain=NSURLErrorDomain Code=-1004 UserInfo={NSErrorFailingURLStringKey=<private>, NSErrorFailingURLKey=<private>, _NSURLErrorRelatedURLSessionTaskErrorKey=<private>, _NSURLErrorFailingURLSessionTaskErrorKey=<private>, NSLocalizedDescription=<private>}
[2026-08-11 13:03:13.630] [ERROR] [com.tangzixiang.meow.app/meow-api] WS /logs reconnecting in 1s: Error Domain=NSURLErrorDomain Code=-1004 "无法连接服务器。" UserInfo={NSErrorFailingURLStringKey=http://127.0.0.1:62382/logs?level=debug, NSLocalizedDescription=无法连接服务器。, NSErrorFailingURLKey=http://127.0.0.1:62382/logs?level=debug}
[2026-08-11 13:03:14.645] [NOTICE] [com.apple.CFNetwork/Default] Task <7DDB4642-3184-4FE9-A83F-EDAF8B6F45E0>.<31> resuming, timeouts(60.0, 604800.0) qos(0x19) voucher((null)) activity(00000000-0000-0000-0000-000000000000)
[2026-08-11 13:03:14.647] [INFO] [com.apple.network/connection] nw_connection_create_with_id [C31] create connection to 127.0.0.1:62382
[2026-08-11 13:03:14.647] [NOTICE] [com.apple.CFNetwork/Default] Connection 31: starting, TC(0x0)
[2026-08-11 13:03:14.648] [NOTICE] [com.apple.network/connection] [C31 2AF03796-27B9-45C2-BB2D-B0B4911BFED4 127.0.0.1:62382 tcp, url hash: 9f979fd0, definite, attribution: developer, context: com.apple.CFNetwork.NSURLSession.{D2D28DEA-298B-40DD-8393-B780ACD710F2}{(null)}{Y}{2}{0x0} (private), proc: 4E751277-8DF9-3937-8837-5559A42409CF] start
[2026-08-11 13:03:14.648] [INFO] [com.apple.network/connection] nw_endpoint_handler_start [C31 127.0.0.1:62382 initial parent-flow ((null))]
[2026-08-11 13:03:14.648] [NOTICE] [com.apple.network/connection] [C31 127.0.0.1:62382 initial parent-flow ((null))] event: path:start @0.000s
[2026-08-11 13:03:14.648] [INFO] [com.apple.network/] nw_path_necp_check_for_updates Trying to copy result again for 48 flows (max)
[2026-08-11 13:03:14.648] [ERROR] [com.apple.network/] nw_path_necp_check_for_updates Failed to copy updated result (22)
[2026-08-11 13:03:14.648] [NOTICE] [com.apple.network/connection] [C31 127.0.0.1:62382 waiting parent-flow (satisfied (Path is satisfied), viable, interface: lo0)] event: path:satisfied @0.000s, uuid: 3FD36AE6-84FD-4071-9700-29DAF0DF38FD
[2026-08-11 13:03:14.648] [INFO] [com.apple.network/connection] nw_connection_endpoint_report_on_nw_queue_block_invoke [C31 127.0.0.1:62382 waiting parent-flow (satisfied (Path is satisfied), viable, interface: lo0)] skipping state update
[2026-08-11 13:03:14.648] [INFO] [com.apple.network/connection] nw_endpoint_flow_setup_protocols [C31 127.0.0.1:62382 in_progress socket-flow (satisfied (Path is satisfied), viable, interface: lo0)] setup flow id A717EFCA-DB41-4F34-B7F9-1750AD739D79
[2026-08-11 13:03:14.648] [NOTICE] [com.apple.network/connection] [C31 127.0.0.1:62382 in_progress socket-flow (satisfied (Path is satisfied), viable, interface: lo0)] event: flow:start_connect @0.000s
[2026-08-11 13:03:14.648] [NOTICE] [com.apple.network/connection] nw_connection_report_state_with_handler_on_nw_queue [C31] reporting state preparing
[2026-08-11 13:03:14.649] [NOTICE] [com.apple.CFNetwork/Default] Task <7DDB4642-3184-4FE9-A83F-EDAF8B6F45E0>.<31> setting up Connection 31
[2026-08-11 13:03:14.649] [NOTICE] [com.apple.network/connection] nw_socket_handle_socket_event [C31:2] Socket received CONNRESET event
[2026-08-11 13:03:14.649] [NOTICE] [com.apple.network/connection] nw_socket_handle_socket_event [C31:2] Socket received DISCONNECTED event
[2026-08-11 13:03:14.649] [ERROR] [com.apple.network/connection] nw_socket_handle_socket_event <private> Socket SO_ERROR [61: Connection refused]
[2026-08-11 13:03:14.649] [INFO] [com.apple.network/connection] nw_flow_error [C31 127.0.0.1:62382 in_progress socket-flow (satisfied (Path is satisfied), viable, interface: lo0)] Output protocol (socket) sent error: Connection refused
[2026-08-11 13:03:14.649] [ERROR] [com.apple.network/connection] nw_protocol_socket_set_no_wake_from_sleep <private> setsockopt SO_NOWAKEFROMSLEEP failed [22: Invalid argument]
[2026-08-11 13:03:14.649] [ERROR] [com.apple.network/] nw_protocol_socket_set_no_wake_from_sleep setsockopt SO_NOWAKEFROMSLEEP failed [22: Invalid argument]
[2026-08-11 13:03:14.649] [NOTICE] [com.apple.network/connection] nw_flow_disconnected [C31 127.0.0.1:62382 in_progress socket-flow (satisfied (Path is satisfied), viable, interface: lo0)] Output protocol disconnected
[2026-08-11 13:03:14.649] [ERROR] [com.apple.network/connection] nw_endpoint_flow_failed_with_error [C31 127.0.0.1:62382 in_progress socket-flow (satisfied (Path is satisfied), viable, interface: lo0)] already failing, returning
[2026-08-11 13:03:14.649] [NOTICE] [com.apple.network/connection] [C31 127.0.0.1:62382 failed socket-flow (satisfied (Path is satisfied), viable, interface: lo0)] event: flow:failed_connect @0.001s, error Connection refused
[2026-08-11 13:03:14.649] [INFO] [com.apple.network/connection] nw_connection_report_symptom_on_nw_queue [C31] reported Connection failed after setup symptom
[2026-08-11 13:03:14.649] [NOTICE] [com.apple.network/connection] nw_connection_report_state_with_handler_on_nw_queue [C31] reporting state failed error Connection refused
[2026-08-11 13:03:14.649] [ERROR] [com.apple.CFNetwork/Default] Connection 31: received failure notification
[2026-08-11 13:03:14.649] [ERROR] [com.apple.CFNetwork/Default] Connection 31: failed to connect 1:61, reason -1
[2026-08-11 13:03:14.649] [ERROR] [com.apple.CFNetwork/Default] Connection 31: encountered error(1:61)
[2026-08-11 13:03:14.649] [NOTICE] [com.apple.CFNetwork/Default] Connection 31: cleaning up
[2026-08-11 13:03:14.649] [NOTICE] [com.apple.CFNetwork/Summary] Connection 31: summary for unused connection {protocol="(null)", domain_lookup_duration_ms=0, connect_duration_ms=0, secure_connection_duration_ms=0, private_relay=false, idle_duration_ms=0}
[2026-08-11 13:03:14.649] [NOTICE] [com.apple.network/connection] [C31 2AF03796-27B9-45C2-BB2D-B0B4911BFED4 127.0.0.1:62382 tcp, url hash: 9f979fd0, definite, attribution: developer] cancel
[2026-08-11 13:03:14.649] [INFO] [com.apple.network/connection] nw_connection_uses_multipath_block_invoke [C31]  has no connected handler
[2026-08-11 13:03:14.649] [ERROR] [com.apple.network/connection] nw_connection_copy_connected_local_endpoint_block_invoke [C31] Client called nw_connection_copy_connected_local_endpoint on unconnected nw_connection
[2026-08-11 13:03:14.649] [ERROR] [com.apple.network/connection] nw_connection_copy_connected_remote_endpoint_block_invoke [C31] Client called nw_connection_copy_connected_remote_endpoint on unconnected nw_connection
[2026-08-11 13:03:14.649] [NOTICE] [com.apple.network/connection] [C31 2AF03796-27B9-45C2-BB2D-B0B4911BFED4 127.0.0.1:62382 tcp, url hash: 9f979fd0, definite, attribution: developer] cancelled
	[C31 3FD36AE6-84FD-4071-9700-29DAF0DF38FD <NULL><-><NULL>]
	Connected Path: (null)
	Privacy Stance: Not Eligible
	Duration: 0.001s, TCP @0.000s took 0.000s
[2026-08-11 13:03:14.649] [INFO] [com.apple.network/connection] nw_endpoint_handler_cancel [C31 127.0.0.1:62382 failed socket-flow (satisfied (Path is satisfied), viable, interface: lo0)]
[2026-08-11 13:03:14.649] [INFO] [com.apple.network/connection] nw_association_schedule_deactivation <nw_association 127.0.0.1:62382> will become dormant after 10000ms of inactivity
[2026-08-11 13:03:14.649] [NOTICE] [com.apple.network/connection] nw_connection_report_state_with_handler_on_nw_queue [C31] reporting state cancelled error Connection refused
[2026-08-11 13:03:14.649] [NOTICE] [com.apple.CFNetwork/Default] Task <7DDB4642-3184-4FE9-A83F-EDAF8B6F45E0>.<31> can retry(N) with reason(2) for error [1:61]
[2026-08-11 13:03:14.650] [INFO] [com.apple.network/connection] [C31 127.0.0.1:62382 tcp, url hash: 9f979fd0, definite, attribution: developer] dealloc
[2026-08-11 13:03:14.650] [ERROR] [com.apple.CFNetwork/Default] Task <7DDB4642-3184-4FE9-A83F-EDAF8B6F45E0>.<31> HTTP load failed, 0/0 bytes (error code: -1004 [1:61])
[2026-08-11 13:03:14.650] [NOTICE] [com.apple.CFNetwork/Summary] Task <7DDB4642-3184-4FE9-A83F-EDAF8B6F45E0>.<31> summary for task failure {transaction_duration_ms=3, response_status=-1, connection=31, reused=1, reused_after_ms=0, request_start_ms=0, request_duration_ms=0, response_start_ms=0, response_duration_ms=0, request_bytes=0, request_throughput_kbps=0, response_bytes=0, response_throughput_kbps=0, cache_hit=false}
[2026-08-11 13:03:14.650] [ERROR] [com.apple.CFNetwork/Default] Task <7DDB4642-3184-4FE9-A83F-EDAF8B6F45E0>.<31> finished with error [-1004] Error Domain=NSURLErrorDomain Code=-1004 UserInfo={NSErrorFailingURLStringKey=<private>, NSErrorFailingURLKey=<private>, _NSURLErrorRelatedURLSessionTaskErrorKey=<private>, _NSURLErrorFailingURLSessionTaskErrorKey=<private>, NSLocalizedDescription=<private>}
[2026-08-11 13:03:14.650] [ERROR] [com.tangzixiang.meow.app/meow-api] WS /logs reconnecting in 1s: Error Domain=NSURLErrorDomain Code=-1004 "无法连接服务器。" UserInfo={NSErrorFailingURLStringKey=http://127.0.0.1:62382/logs?level=debug, NSLocalizedDescription=无法连接服务器。, NSErrorFailingURLKey=http://127.0.0.1:62382/logs?level=debug}
[2026-08-11 13:03:15.244] [NOTICE] [com.apple.BackBoard/EventDelivery] policyStatus:<BKSHIDEventDeliveryPolicyObserver: 0x108d04c80; token: com.apple.frontboard.systemappservices/FBSceneManager:sceneID%3Assadtyer.top-default; status: ancestor> was:none
[2026-08-11 13:03:15.244] [NOTICE] [com.apple.BackBoard/EventDelivery] observerPolicyDidChange: 0x108d04c80 -> <_UIKeyWindowSceneObserver: 0x108d1a100>
[2026-08-11 13:03:15.244] [NOTICE] [com.apple.UIKit/KeyWindow] Scene target of keyboard event deferring environment did change: 1; scene: UIWindowScene: 0x1053c5310; scene identity: com.apple.frontboard.systemappservices/FBSceneManager:sceneID%3Assadtyer.top-default
[2026-08-11 13:03:15.244] [NOTICE] [com.apple.UIKit/EventDeferring] [0x108d988c0] Scene target of event deferring environments did update: scene: 0x1053c5310; current systemShellManagesKeyboardFocus: 1; systemShellManagesKeyboardFocusForScene: 1; eligibleForRecordRemoval: 1;
[2026-08-11 13:03:15.244] [NOTICE] [com.apple.UIKit/KeyWindow] Scene became target of keyboard event deferring environment: UIWindowScene: 0x1053c5310; scene identity: com.apple.frontboard.systemappservices/FBSceneManager:sceneID%3Assadtyer.top-default
[2026-08-11 13:03:15.245] [NOTICE] [com.apple.UIKit/AppLifecycle] sceneOfRecord: sceneID: sceneID:ssadtyer.top-default  persistentID: 31024865-9FD2-4799-A0E8-5DEFFC51D92C
[2026-08-11 13:03:15.709] [NOTICE] [com.apple.CFNetwork/Default] Task <F77D1424-9EE6-4646-B2CD-D3D57491ED3C>.<32> resuming, timeouts(60.0, 604800.0) qos(0x19) voucher((null)) activity(00000000-0000-0000-0000-000000000000)
[2026-08-11 13:03:15.711] [INFO] [com.apple.network/connection] nw_connection_create_with_id [C32] create connection to 127.0.0.1:62382
[2026-08-11 13:03:15.711] [NOTICE] [com.apple.CFNetwork/Default] Connection 32: starting, TC(0x0)
[2026-08-11 13:03:15.711] [NOTICE] [com.apple.network/connection] [C32 97A26E26-E432-410D-B681-1B2A4279D6AF 127.0.0.1:62382 tcp, url hash: 9f979fd0, definite, attribution: developer, context: com.apple.CFNetwork.NSURLSession.{D2D28DEA-298B-40DD-8393-B780ACD710F2}{(null)}{Y}{2}{0x0} (private), proc: 4E751277-8DF9-3937-8837-5559A42409CF] start
[2026-08-11 13:03:15.711] [INFO] [com.apple.network/connection] nw_endpoint_handler_start [C32 127.0.0.1:62382 initial parent-flow ((null))]
[2026-08-11 13:03:15.711] [NOTICE] [com.apple.network/connection] [C32 127.0.0.1:62382 initial parent-flow ((null))] event: path:start @0.000s
[2026-08-11 13:03:15.712] [INFO] [com.apple.network/] nw_path_necp_check_for_updates Trying to copy result again for 48 flows (max)
[2026-08-11 13:03:15.712] [ERROR] [com.apple.network/] nw_path_necp_check_for_updates Failed to copy updated result (22)
[2026-08-11 13:03:15.712] [NOTICE] [com.apple.network/connection] [C32 127.0.0.1:62382 waiting parent-flow (satisfied (Path is satisfied), viable, interface: lo0)] event: path:satisfied @0.000s, uuid: 3FD36AE6-84FD-4071-9700-29DAF0DF38FD
[2026-08-11 13:03:15.712] [INFO] [com.apple.network/connection] nw_connection_endpoint_report_on_nw_queue_block_invoke [C32 127.0.0.1:62382 waiting parent-flow (satisfied (Path is satisfied), viable, interface: lo0)] skipping state update
[2026-08-11 13:03:15.712] [INFO] [com.apple.network/connection] nw_endpoint_flow_setup_protocols [C32 127.0.0.1:62382 in_progress socket-flow (satisfied (Path is satisfied), viable, interface: lo0)] setup flow id DE0A77B5-A2FA-4406-AC31-F454C2BA991A
[2026-08-11 13:03:15.712] [NOTICE] [com.apple.network/connection] [C32 127.0.0.1:62382 in_progress socket-flow (satisfied (Path is satisfied), viable, interface: lo0)] event: flow:start_connect @0.000s
[2026-08-11 13:03:15.712] [NOTICE] [com.apple.network/connection] nw_connection_report_state_with_handler_on_nw_queue [C32] reporting state preparing
[2026-08-11 13:03:15.713] [NOTICE] [com.apple.CFNetwork/Default] Task <F77D1424-9EE6-4646-B2CD-D3D57491ED3C>.<32> setting up Connection 32
[2026-08-11 13:03:15.713] [NOTICE] [com.apple.network/connection] nw_socket_handle_socket_event [C32:2] Socket received CONNRESET event
[2026-08-11 13:03:15.713] [NOTICE] [com.apple.network/connection] nw_socket_handle_socket_event [C32:2] Socket received DISCONNECTED event
[2026-08-11 13:03:15.713] [ERROR] [com.apple.network/connection] nw_socket_handle_socket_event <private> Socket SO_ERROR [61: Connection refused]
[2026-08-11 13:03:15.713] [INFO] [com.apple.network/connection] nw_flow_error [C32 127.0.0.1:62382 in_progress socket-flow (satisfied (Path is satisfied), viable, interface: lo0)] Output protocol (socket) sent error: Connection refused
[2026-08-11 13:03:15.713] [ERROR] [com.apple.network/connection] nw_protocol_socket_set_no_wake_from_sleep <private> setsockopt SO_NOWAKEFROMSLEEP failed [22: Invalid argument]
[2026-08-11 13:03:15.713] [ERROR] [com.apple.network/] nw_protocol_socket_set_no_wake_from_sleep setsockopt SO_NOWAKEFROMSLEEP failed [22: Invalid argument]
[2026-08-11 13:03:15.713] [NOTICE] [com.apple.network/connection] nw_flow_disconnected [C32 127.0.0.1:62382 in_progress socket-flow (satisfied (Path is satisfied), viable, interface: lo0)] Output protocol disconnected
[2026-08-11 13:03:15.713] [ERROR] [com.apple.network/connection] nw_endpoint_flow_failed_with_error [C32 127.0.0.1:62382 in_progress socket-flow (satisfied (Path is satisfied), viable, interface: lo0)] already failing, returning
[2026-08-11 13:03:15.713] [NOTICE] [com.apple.network/connection] [C32 127.0.0.1:62382 failed socket-flow (satisfied (Path is satisfied), viable, interface: lo0)] event: flow:failed_connect @0.001s, error Connection refused
[2026-08-11 13:03:15.713] [INFO] [com.apple.network/connection] nw_connection_report_symptom_on_nw_queue [C32] reported Connection failed after setup symptom
[2026-08-11 13:03:15.713] [NOTICE] [com.apple.network/connection] nw_connection_report_state_with_handler_on_nw_queue [C32] reporting state failed error Connection refused
[2026-08-11 13:03:15.713] [ERROR] [com.apple.CFNetwork/Default] Connection 32: received failure notification
[2026-08-11 13:03:15.713] [ERROR] [com.apple.CFNetwork/Default] Connection 32: failed to connect 1:61, reason -1
[2026-08-11 13:03:15.713] [ERROR] [com.apple.CFNetwork/Default] Connection 32: encountered error(1:61)
[2026-08-11 13:03:15.713] [NOTICE] [com.apple.CFNetwork/Default] Connection 32: cleaning up
[2026-08-11 13:03:15.713] [NOTICE] [com.apple.CFNetwork/Summary] Connection 32: summary for unused connection {protocol="(null)", domain_lookup_duration_ms=0, connect_duration_ms=0, secure_connection_duration_ms=0, private_relay=false, idle_duration_ms=0}
[2026-08-11 13:03:15.713] [NOTICE] [com.apple.network/connection] [C32 97A26E26-E432-410D-B681-1B2A4279D6AF 127.0.0.1:62382 tcp, url hash: 9f979fd0, definite, attribution: developer] cancel
[2026-08-11 13:03:15.713] [INFO] [com.apple.network/connection] nw_connection_uses_multipath_block_invoke [C32]  has no connected handler
[2026-08-11 13:03:15.713] [ERROR] [com.apple.network/connection] nw_connection_copy_connected_local_endpoint_block_invoke [C32] Client called nw_connection_copy_connected_local_endpoint on unconnected nw_connection
[2026-08-11 13:03:15.713] [ERROR] [com.apple.network/connection] nw_connection_copy_connected_remote_endpoint_block_invoke [C32] Client called nw_connection_copy_connected_remote_endpoint on unconnected nw_connection
[2026-08-11 13:03:15.713] [NOTICE] [com.apple.network/connection] [C32 97A26E26-E432-410D-B681-1B2A4279D6AF 127.0.0.1:62382 tcp, url hash: 9f979fd0, definite, attribution: developer] cancelled
	[C32 3FD36AE6-84FD-4071-9700-29DAF0DF38FD <NULL><-><NULL>]
	Connected Path: (null)
	Privacy Stance: Not Eligible
	Duration: 0.002s, TCP @0.000s took 0.000s
[2026-08-11 13:03:15.713] [INFO] [com.apple.network/connection] nw_endpoint_handler_cancel [C32 127.0.0.1:62382 failed socket-flow (satisfied (Path is satisfied), viable, interface: lo0)]
[2026-08-11 13:03:15.714] [INFO] [com.apple.network/connection] nw_association_schedule_deactivation <nw_association 127.0.0.1:62382> will become dormant after 10000ms of inactivity
[2026-08-11 13:03:15.714] [NOTICE] [com.apple.network/connection] nw_connection_report_state_with_handler_on_nw_queue [C32] reporting state cancelled error Connection refused
[2026-08-11 13:03:15.714] [NOTICE] [com.apple.CFNetwork/Default] Task <F77D1424-9EE6-4646-B2CD-D3D57491ED3C>.<32> can retry(N) with reason(2) for error [1:61]
[2026-08-11 13:03:15.714] [INFO] [com.apple.network/connection] [C32 127.0.0.1:62382 tcp, url hash: 9f979fd0, definite, attribution: developer] dealloc
[2026-08-11 13:03:15.714] [ERROR] [com.apple.CFNetwork/Default] Task <F77D1424-9EE6-4646-B2CD-D3D57491ED3C>.<32> HTTP load failed, 0/0 bytes (error code: -1004 [1:61])
[2026-08-11 13:03:15.714] [NOTICE] [com.apple.CFNetwork/Summary] Task <F77D1424-9EE6-4646-B2CD-D3D57491ED3C>.<32> summary for task failure {transaction_duration_ms=4, response_status=-1, connection=32, reused=1, reused_after_ms=0, request_start_ms=0, request_duration_ms=0, response_start_ms=0, response_duration_ms=0, request_bytes=0, request_throughput_kbps=0, response_bytes=0, response_throughput_kbps=0, cache_hit=false}
[2026-08-11 13:03:15.714] [ERROR] [com.apple.CFNetwork/Default] Task <F77D1424-9EE6-4646-B2CD-D3D57491ED3C>.<32> finished with error [-1004] Error Domain=NSURLErrorDomain Code=-1004 UserInfo={NSErrorFailingURLStringKey=<private>, NSErrorFailingURLKey=<private>, _NSURLErrorRelatedURLSessionTaskErrorKey=<private>, _NSURLErrorFailingURLSessionTaskErrorKey=<private>, NSLocalizedDescription=<private>}
[2026-08-11 13:03:15.714] [ERROR] [com.tangzixiang.meow.app/meow-api] WS /logs reconnecting in 1s: Error Domain=NSURLErrorDomain Code=-1004 "无法连接服务器。" UserInfo={NSErrorFailingURLStringKey=http://127.0.0.1:62382/logs?level=debug, NSLocalizedDescription=无法连接服务器。, NSErrorFailingURLKey=http://127.0.0.1:62382/logs?level=debug}
[2026-08-11 13:03:16.393] [NOTICE] [com.apple.KeyboardArbiter/Client] TX focusApplication (peekAppEvent) stealKB:Y scene:ssadtyer.top-default
[2026-08-11 13:03:16.393] [NOTICE] [com.apple.UIKit/EventDispatch] Evaluating dispatch of UIEvent: 0x122458d20; type: 0; subtype: 0; backing type: 11; shouldSend: 1; ignoreInteractionEvents: 0, systemGestureStateChange: 0
[2026-08-11 13:03:16.393] [NOTICE] [com.apple.UIKit/EventDispatch] Sending UIEvent type: 0; subtype: 0; to windows: 1
[2026-08-11 13:03:16.393] [NOTICE] [com.apple.UIKit/EventDispatch] Sending UIEvent type: 0; subtype: 0; to window: <UIWindow: 0x1053bfc10>; contextId: 0xE343F99A
[2026-08-11 13:03:16.396] [NOTICE] [com.apple.UIKit/EventDispatch] Evaluating dispatch of UIEvent: 0x122458d20; type: 0; subtype: 0; backing type: 11; shouldSend: 0; ignoreInteractionEvents: 0, systemGestureStateChange: 0
[2026-08-11 13:03:16.441] [NOTICE] [com.apple.UIKit/EventDispatch] Evaluating dispatch of UIEvent: 0x122458d20; type: 0; subtype: 0; backing type: 11; shouldSend: 1; ignoreInteractionEvents: 0, systemGestureStateChange: 0
[2026-08-11 13:03:16.441] [NOTICE] [com.apple.UIKit/EventDispatch] Sending UIEvent type: 0; subtype: 0; to windows: 1
[2026-08-11 13:03:16.441] [NOTICE] [com.apple.UIKit/EventDispatch] Sending UIEvent type: 0; subtype: 0; to window: <UIWindow: 0x1053bfc10>; contextId: 0xE343F99A
[2026-08-11 13:03:16.447] [INFO] [com.apple.networkextension/] Loading all configurations
[2026-08-11 13:03:16.448] [NOTICE] [com.apple.networkextension/] Last disconnect error for meow changed from "none" to "The VPN app used by the VPN configuration is not installed"
[2026-08-11 13:03:16.463] [NOTICE] [com.apple.UIKit/_UIVisualStyleRegistry] Note: no default visual style class registered as fallback for stylable class UIActivityIndicatorView
[2026-08-11 13:03:16.463] [NOTICE] [com.apple.UIKit/_UIVisualStyleRegistry] Note: no default visual style class registered as fallback for stylable class UIActivityIndicatorView
[2026-08-11 13:03:16.468] [NOTICE] [com.apple.UIKit/EventDispatch] Evaluating dispatch of UIEvent: 0x122458d20; type: 0; subtype: 0; backing type: 11; shouldSend: 0; ignoreInteractionEvents: 0, systemGestureStateChange: 1
[2026-08-11 13:03:16.477] [NOTICE] [com.apple.containermanager/unspecified] container_create_or_lookup_app_group_path_by_app_group_identifier: success
[2026-08-11 13:03:16.766] [NOTICE] [com.apple.CFNetwork/Default] Task <DF32D836-B3E0-41E0-B3D7-744E9F504522>.<33> resuming, timeouts(60.0, 604800.0) qos(0x19) voucher((null)) activity(00000000-0000-0000-0000-000000000000)
[2026-08-11 13:03:16.768] [INFO] [com.apple.network/connection] nw_connection_create_with_id [C33] create connection to 127.0.0.1:62382
[2026-08-11 13:03:16.768] [NOTICE] [com.apple.CFNetwork/Default] Connection 33: starting, TC(0x0)
[2026-08-11 13:03:16.768] [NOTICE] [com.apple.network/connection] [C33 BDAC95D4-94CC-4F68-B16C-7F9F787A5A3C 127.0.0.1:62382 tcp, url hash: 9f979fd0, definite, attribution: developer, context: com.apple.CFNetwork.NSURLSession.{D2D28DEA-298B-40DD-8393-B780ACD710F2}{(null)}{Y}{2}{0x0} (private), proc: 4E751277-8DF9-3937-8837-5559A42409CF] start
[2026-08-11 13:03:16.768] [INFO] [com.apple.network/connection] nw_endpoint_handler_start [C33 127.0.0.1:62382 initial parent-flow ((null))]
[2026-08-11 13:03:16.768] [NOTICE] [com.apple.network/connection] [C33 127.0.0.1:62382 initial parent-flow ((null))] event: path:start @0.000s
[2026-08-11 13:03:16.768] [INFO] [com.apple.network/] nw_path_necp_check_for_updates Trying to copy result again for 48 flows (max)
[2026-08-11 13:03:16.768] [ERROR] [com.apple.network/] nw_path_necp_check_for_updates Failed to copy updated result (22)
[2026-08-11 13:03:16.768] [NOTICE] [com.apple.network/connection] [C33 127.0.0.1:62382 waiting parent-flow (satisfied (Path is satisfied), viable, interface: lo0)] event: path:satisfied @0.000s, uuid: 3FD36AE6-84FD-4071-9700-29DAF0DF38FD
[2026-08-11 13:03:16.768] [INFO] [com.apple.network/connection] nw_connection_endpoint_report_on_nw_queue_block_invoke [C33 127.0.0.1:62382 waiting parent-flow (satisfied (Path is satisfied), viable, interface: lo0)] skipping state update
[2026-08-11 13:03:16.768] [INFO] [com.apple.network/connection] nw_endpoint_flow_setup_protocols [C33 127.0.0.1:62382 in_progress socket-flow (satisfied (Path is satisfied), viable, interface: lo0)] setup flow id E8D54794-7C0B-4828-AADF-A901F7B6EBBC
[2026-08-11 13:03:16.768] [NOTICE] [com.apple.network/connection] [C33 127.0.0.1:62382 in_progress socket-flow (satisfied (Path is satisfied), viable, interface: lo0)] event: flow:start_connect @0.000s
[2026-08-11 13:03:16.768] [NOTICE] [com.apple.network/connection] nw_connection_report_state_with_handler_on_nw_queue [C33] reporting state preparing
[2026-08-11 13:03:16.769] [NOTICE] [com.apple.CFNetwork/Default] Task <DF32D836-B3E0-41E0-B3D7-744E9F504522>.<33> setting up Connection 33
[2026-08-11 13:03:16.769] [NOTICE] [com.apple.network/connection] nw_socket_handle_socket_event [C33:2] Socket received CONNRESET event
[2026-08-11 13:03:16.769] [NOTICE] [com.apple.network/connection] nw_socket_handle_socket_event [C33:2] Socket received DISCONNECTED event
[2026-08-11 13:03:16.769] [ERROR] [com.apple.network/connection] nw_socket_handle_socket_event <private> Socket SO_ERROR [61: Connection refused]
[2026-08-11 13:03:16.769] [INFO] [com.apple.network/connection] nw_flow_error [C33 127.0.0.1:62382 in_progress socket-flow (satisfied (Path is satisfied), viable, interface: lo0)] Output protocol (socket) sent error: Connection refused
[2026-08-11 13:03:16.769] [ERROR] [com.apple.network/connection] nw_protocol_socket_set_no_wake_from_sleep <private> setsockopt SO_NOWAKEFROMSLEEP failed [22: Invalid argument]
[2026-08-11 13:03:16.769] [ERROR] [com.apple.network/] nw_protocol_socket_set_no_wake_from_sleep setsockopt SO_NOWAKEFROMSLEEP failed [22: Invalid argument]
[2026-08-11 13:03:16.769] [NOTICE] [com.apple.network/connection] nw_flow_disconnected [C33 127.0.0.1:62382 in_progress socket-flow (satisfied (Path is satisfied), viable, interface: lo0)] Output protocol disconnected
[2026-08-11 13:03:16.769] [ERROR] [com.apple.network/connection] nw_endpoint_flow_failed_with_error [C33 127.0.0.1:62382 in_progress socket-flow (satisfied (Path is satisfied), viable, interface: lo0)] already failing, returning
[2026-08-11 13:03:16.769] [NOTICE] [com.apple.network/connection] [C33 127.0.0.1:62382 failed socket-flow (satisfied (Path is satisfied), viable, interface: lo0)] event: flow:failed_connect @0.001s, error Connection refused
[2026-08-11 13:03:16.769] [INFO] [com.apple.network/connection] nw_connection_report_symptom_on_nw_queue [C33] reported Connection failed after setup symptom
[2026-08-11 13:03:16.769] [NOTICE] [com.apple.network/connection] nw_connection_report_state_with_handler_on_nw_queue [C33] reporting state failed error Connection refused
[2026-08-11 13:03:16.769] [ERROR] [com.apple.CFNetwork/Default] Connection 33: received failure notification
[2026-08-11 13:03:16.769] [ERROR] [com.apple.CFNetwork/Default] Connection 33: failed to connect 1:61, reason -1
[2026-08-11 13:03:16.769] [ERROR] [com.apple.CFNetwork/Default] Connection 33: encountered error(1:61)
[2026-08-11 13:03:16.769] [NOTICE] [com.apple.CFNetwork/Default] Connection 33: cleaning up
[2026-08-11 13:03:16.769] [NOTICE] [com.apple.CFNetwork/Summary] Connection 33: summary for unused connection {protocol="(null)", domain_lookup_duration_ms=0, connect_duration_ms=0, secure_connection_duration_ms=0, private_relay=false, idle_duration_ms=0}
[2026-08-11 13:03:16.769] [NOTICE] [com.apple.network/connection] [C33 BDAC95D4-94CC-4F68-B16C-7F9F787A5A3C 127.0.0.1:62382 tcp, url hash: 9f979fd0, definite, attribution: developer] cancel
[2026-08-11 13:03:16.769] [INFO] [com.apple.network/connection] nw_connection_uses_multipath_block_invoke [C33]  has no connected handler
[2026-08-11 13:03:16.769] [ERROR] [com.apple.network/connection] nw_connection_copy_connected_local_endpoint_block_invoke [C33] Client called nw_connection_copy_connected_local_endpoint on unconnected nw_connection
[2026-08-11 13:03:16.769] [ERROR] [com.apple.network/connection] nw_connection_copy_connected_remote_endpoint_block_invoke [C33] Client called nw_connection_copy_connected_remote_endpoint on unconnected nw_connection
[2026-08-11 13:03:16.769] [NOTICE] [com.apple.network/connection] [C33 BDAC95D4-94CC-4F68-B16C-7F9F787A5A3C 127.0.0.1:62382 tcp, url hash: 9f979fd0, definite, attribution: developer] cancelled
	[C33 3FD36AE6-84FD-4071-9700-29DAF0DF38FD <NULL><-><NULL>]
	Connected Path: (null)
	Privacy Stance: Not Eligible
	Duration: 0.001s, TCP @0.000s took 0.000s
[2026-08-11 13:03:16.769] [INFO] [com.apple.network/connection] nw_endpoint_handler_cancel [C33 127.0.0.1:62382 failed socket-flow (satisfied (Path is satisfied), viable, interface: lo0)]
[2026-08-11 13:03:16.769] [INFO] [com.apple.network/connection] nw_association_schedule_deactivation <nw_association 127.0.0.1:62382> will become dormant after 10000ms of inactivity
[2026-08-11 13:03:16.769] [NOTICE] [com.apple.network/connection] nw_connection_report_state_with_handler_on_nw_queue [C33] reporting state cancelled error Connection refused
[2026-08-11 13:03:16.769] [NOTICE] [com.apple.CFNetwork/Default] Task <DF32D836-B3E0-41E0-B3D7-744E9F504522>.<33> can retry(N) with reason(2) for error [1:61]
[2026-08-11 13:03:16.770] [INFO] [com.apple.network/connection] [C33 127.0.0.1:62382 tcp, url hash: 9f979fd0, definite, attribution: developer] dealloc
[2026-08-11 13:03:16.770] [ERROR] [com.apple.CFNetwork/Default] Task <DF32D836-B3E0-41E0-B3D7-744E9F504522>.<33> HTTP load failed, 0/0 bytes (error code: -1004 [1:61])
[2026-08-11 13:03:16.770] [NOTICE] [com.apple.CFNetwork/Summary] Task <DF32D836-B3E0-41E0-B3D7-744E9F504522>.<33> summary for task failure {transaction_duration_ms=3, response_status=-1, connection=33, reused=1, reused_after_ms=0, request_start_ms=0, request_duration_ms=0, response_start_ms=0, response_duration_ms=0, request_bytes=0, request_throughput_kbps=0, response_bytes=0, response_throughput_kbps=0, cache_hit=false}
[2026-08-11 13:03:16.770] [ERROR] [com.apple.CFNetwork/Default] Task <DF32D836-B3E0-41E0-B3D7-744E9F504522>.<33> finished with error [-1004] Error Domain=NSURLErrorDomain Code=-1004 UserInfo={NSErrorFailingURLStringKey=<private>, NSErrorFailingURLKey=<private>, _NSURLErrorRelatedURLSessionTaskErrorKey=<private>, _NSURLErrorFailingURLSessionTaskErrorKey=<private>, NSLocalizedDescription=<private>}
[2026-08-11 13:03:16.770] [ERROR] [com.tangzixiang.meow.app/meow-api] WS /logs reconnecting in 1s: Error Domain=NSURLErrorDomain Code=-1004 "无法连接服务器。" UserInfo={NSErrorFailingURLStringKey=http://127.0.0.1:62382/logs?level=debug, NSLocalizedDescription=无法连接服务器。, NSErrorFailingURLKey=http://127.0.0.1:62382/logs?level=debug}
[2026-08-11 13:03:17.827] [NOTICE] [com.apple.CFNetwork/Default] Task <65C02F3A-975B-4CCC-AD71-6D2377E63687>.<34> resuming, timeouts(60.0, 604800.0) qos(0x19) voucher((null)) activity(00000000-0000-0000-0000-000000000000)
[2026-08-11 13:03:17.829] [INFO] [com.apple.network/connection] nw_connection_create_with_id [C34] create connection to 127.0.0.1:62382
[2026-08-11 13:03:17.829] [NOTICE] [com.apple.CFNetwork/Default] Connection 34: starting, TC(0x0)
[2026-08-11 13:03:17.829] [NOTICE] [com.apple.network/connection] [C34 0709A49A-B7DD-4FC6-BDCE-ACA4ACA9CC83 127.0.0.1:62382 tcp, url hash: 9f979fd0, definite, attribution: developer, context: com.apple.CFNetwork.NSURLSession.{D2D28DEA-298B-40DD-8393-B780ACD710F2}{(null)}{Y}{2}{0x0} (private), proc: 4E751277-8DF9-3937-8837-5559A42409CF] start
[2026-08-11 13:03:17.829] [INFO] [com.apple.network/connection] nw_endpoint_handler_start [C34 127.0.0.1:62382 initial parent-flow ((null))]
[2026-08-11 13:03:17.829] [NOTICE] [com.apple.network/connection] [C34 127.0.0.1:62382 initial parent-flow ((null))] event: path:start @0.000s
[2026-08-11 13:03:17.829] [INFO] [com.apple.network/] nw_path_necp_check_for_updates Trying to copy result again for 48 flows (max)
[2026-08-11 13:03:17.829] [ERROR] [com.apple.network/] nw_path_necp_check_for_updates Failed to copy updated result (22)
[2026-08-11 13:03:17.829] [NOTICE] [com.apple.network/connection] [C34 127.0.0.1:62382 waiting parent-flow (satisfied (Path is satisfied), viable, interface: lo0)] event: path:satisfied @0.000s, uuid: 3FD36AE6-84FD-4071-9700-29DAF0DF38FD
[2026-08-11 13:03:17.829] [INFO] [com.apple.network/connection] nw_connection_endpoint_report_on_nw_queue_block_invoke [C34 127.0.0.1:62382 waiting parent-flow (satisfied (Path is satisfied), viable, interface: lo0)] skipping state update
[2026-08-11 13:03:17.829] [INFO] [com.apple.network/connection] nw_endpoint_flow_setup_protocols [C34 127.0.0.1:62382 in_progress socket-flow (satisfied (Path is satisfied), viable, interface: lo0)] setup flow id 58D659DD-0831-4A6E-BA29-F860FFAD97C7
[2026-08-11 13:03:17.829] [NOTICE] [com.apple.network/connection] [C34 127.0.0.1:62382 in_progress socket-flow (satisfied (Path is satisfied), viable, interface: lo0)] event: flow:start_connect @0.000s
[2026-08-11 13:03:17.829] [NOTICE] [com.apple.network/connection] nw_connection_report_state_with_handler_on_nw_queue [C34] reporting state preparing
[2026-08-11 13:03:17.830] [NOTICE] [com.apple.CFNetwork/Default] Task <65C02F3A-975B-4CCC-AD71-6D2377E63687>.<34> setting up Connection 34
[2026-08-11 13:03:17.830] [NOTICE] [com.apple.network/connection] nw_socket_handle_socket_event [C34:2] Socket received CONNRESET event
[2026-08-11 13:03:17.830] [NOTICE] [com.apple.network/connection] nw_socket_handle_socket_event [C34:2] Socket received DISCONNECTED event
[2026-08-11 13:03:17.830] [ERROR] [com.apple.network/connection] nw_socket_handle_socket_event <private> Socket SO_ERROR [61: Connection refused]
[2026-08-11 13:03:17.830] [INFO] [com.apple.network/connection] nw_flow_error [C34 127.0.0.1:62382 in_progress socket-flow (satisfied (Path is satisfied), viable, interface: lo0)] Output protocol (socket) sent error: Connection refused
[2026-08-11 13:03:17.830] [ERROR] [com.apple.network/connection] nw_protocol_socket_set_no_wake_from_sleep <private> setsockopt SO_NOWAKEFROMSLEEP failed [22: Invalid argument]
[2026-08-11 13:03:17.830] [ERROR] [com.apple.network/] nw_protocol_socket_set_no_wake_from_sleep setsockopt SO_NOWAKEFROMSLEEP failed [22: Invalid argument]
[2026-08-11 13:03:17.830] [NOTICE] [com.apple.network/connection] nw_flow_disconnected [C34 127.0.0.1:62382 in_progress socket-flow (satisfied (Path is satisfied), viable, interface: lo0)] Output protocol disconnected
[2026-08-11 13:03:17.830] [ERROR] [com.apple.network/connection] nw_endpoint_flow_failed_with_error [C34 127.0.0.1:62382 in_progress socket-flow (satisfied (Path is satisfied), viable, interface: lo0)] already failing, returning
[2026-08-11 13:03:17.830] [NOTICE] [com.apple.network/connection] [C34 127.0.0.1:62382 failed socket-flow (satisfied (Path is satisfied), viable, interface: lo0)] event: flow:failed_connect @0.001s, error Connection refused
[2026-08-11 13:03:17.830] [INFO] [com.apple.network/connection] nw_connection_report_symptom_on_nw_queue [C34] reported Connection failed after setup symptom
[2026-08-11 13:03:17.830] [NOTICE] [com.apple.network/connection] nw_connection_report_state_with_handler_on_nw_queue [C34] reporting state failed error Connection refused
[2026-08-11 13:03:17.830] [ERROR] [com.apple.CFNetwork/Default] Connection 34: received failure notification
[2026-08-11 13:03:17.830] [ERROR] [com.apple.CFNetwork/Default] Connection 34: failed to connect 1:61, reason -1
[2026-08-11 13:03:17.830] [ERROR] [com.apple.CFNetwork/Default] Connection 34: encountered error(1:61)
[2026-08-11 13:03:17.830] [NOTICE] [com.apple.CFNetwork/Default] Connection 34: cleaning up
[2026-08-11 13:03:17.830] [NOTICE] [com.apple.CFNetwork/Summary] Connection 34: summary for unused connection {protocol="(null)", domain_lookup_duration_ms=0, connect_duration_ms=0, secure_connection_duration_ms=0, private_relay=false, idle_duration_ms=0}
[2026-08-11 13:03:17.830] [NOTICE] [com.apple.network/connection] [C34 0709A49A-B7DD-4FC6-BDCE-ACA4ACA9CC83 127.0.0.1:62382 tcp, url hash: 9f979fd0, definite, attribution: developer] cancel
[2026-08-11 13:03:17.831] [INFO] [com.apple.network/connection] nw_connection_uses_multipath_block_invoke [C34]  has no connected handler
[2026-08-11 13:03:17.831] [ERROR] [com.apple.network/connection] nw_connection_copy_connected_local_endpoint_block_invoke [C34] Client called nw_connection_copy_connected_local_endpoint on unconnected nw_connection
[2026-08-11 13:03:17.831] [ERROR] [com.apple.network/connection] nw_connection_copy_connected_remote_endpoint_block_invoke [C34] Client called nw_connection_copy_connected_remote_endpoint on unconnected nw_connection
[2026-08-11 13:03:17.831] [NOTICE] [com.apple.network/connection] [C34 0709A49A-B7DD-4FC6-BDCE-ACA4ACA9CC83 127.0.0.1:62382 tcp, url hash: 9f979fd0, definite, attribution: developer] cancelled
	[C34 3FD36AE6-84FD-4071-9700-29DAF0DF38FD <NULL><-><NULL>]
	Connected Path: (null)
	Privacy Stance: Not Eligible
	Duration: 0.001s, TCP @0.000s took 0.000s
[2026-08-11 13:03:17.831] [INFO] [com.apple.network/connection] nw_endpoint_handler_cancel [C34 127.0.0.1:62382 failed socket-flow (satisfied (Path is satisfied), viable, interface: lo0)]
[2026-08-11 13:03:17.831] [INFO] [com.apple.network/connection] nw_association_schedule_deactivation <nw_association 127.0.0.1:62382> will become dormant after 10000ms of inactivity
[2026-08-11 13:03:17.831] [NOTICE] [com.apple.network/connection] nw_connection_report_state_with_handler_on_nw_queue [C34] reporting state cancelled error Connection refused
[2026-08-11 13:03:17.831] [NOTICE] [com.apple.CFNetwork/Default] Task <65C02F3A-975B-4CCC-AD71-6D2377E63687>.<34> can retry(N) with reason(2) for error [1:61]
[2026-08-11 13:03:17.831] [INFO] [com.apple.network/connection] [C34 127.0.0.1:62382 tcp, url hash: 9f979fd0, definite, attribution: developer] dealloc
[2026-08-11 13:03:17.831] [ERROR] [com.apple.CFNetwork/Default] Task <65C02F3A-975B-4CCC-AD71-6D2377E63687>.<34> HTTP load failed, 0/0 bytes (error code: -1004 [1:61])
[2026-08-11 13:03:17.831] [NOTICE] [com.apple.CFNetwork/Summary] Task <65C02F3A-975B-4CCC-AD71-6D2377E63687>.<34> summary for task failure {transaction_duration_ms=3, response_status=-1, connection=34, reused=1, reused_after_ms=0, request_start_ms=0, request_duration_ms=0, response_start_ms=0, response_duration_ms=0, request_bytes=0, request_throughput_kbps=0, response_bytes=0, response_throughput_kbps=0, cache_hit=false}
[2026-08-11 13:03:17.831] [ERROR] [com.apple.CFNetwork/Default] Task <65C02F3A-975B-4CCC-AD71-6D2377E63687>.<34> finished with error [-1004] Error Domain=NSURLErrorDomain Code=-1004 UserInfo={NSErrorFailingURLStringKey=<private>, NSErrorFailingURLKey=<private>, _NSURLErrorRelatedURLSessionTaskErrorKey=<private>, _NSURLErrorFailingURLSessionTaskErrorKey=<private>, NSLocalizedDescription=<private>}
[2026-08-11 13:03:17.831] [ERROR] [com.tangzixiang.meow.app/meow-api] WS /logs reconnecting in 1s: Error Domain=NSURLErrorDomain Code=-1004 "无法连接服务器。" UserInfo={NSErrorFailingURLStringKey=http://127.0.0.1:62382/logs?level=debug, NSLocalizedDescription=无法连接服务器。, NSErrorFailingURLKey=http://127.0.0.1:62382/logs?level=debug}
[2026-08-11 13:03:18.109] [NOTICE] [com.apple.KeyboardArbiter/Client] TX focusApplication (peekAppEvent) stealKB:Y scene:ssadtyer.top-default
[2026-08-11 13:03:18.110] [NOTICE] [com.apple.UIKit/EventDispatch] Evaluating dispatch of UIEvent: 0x122458d20; type: 0; subtype: 0; backing type: 11; shouldSend: 1; ignoreInteractionEvents: 0, systemGestureStateChange: 0
[2026-08-11 13:03:18.110] [NOTICE] [com.apple.UIKit/EventDispatch] Sending UIEvent type: 0; subtype: 0; to windows: 1
[2026-08-11 13:03:18.110] [NOTICE] [com.apple.UIKit/EventDispatch] Sending UIEvent type: 0; subtype: 0; to window: <UIWindow: 0x1053bfc10>; contextId: 0xE343F99A
[2026-08-11 13:03:18.111] [NOTICE] [com.apple.UIKit/EventDispatch] Evaluating dispatch of UIEvent: 0x122458d20; type: 0; subtype: 0; backing type: 11; shouldSend: 0; ignoreInteractionEvents: 0, systemGestureStateChange: 0
[2026-08-11 13:03:18.191] [NOTICE] [com.apple.UIKit/EventDispatch] Evaluating dispatch of UIEvent: 0x122458d20; type: 0; subtype: 0; backing type: 11; shouldSend: 1; ignoreInteractionEvents: 0, systemGestureStateChange: 0
[2026-08-11 13:03:18.191] [NOTICE] [com.apple.UIKit/EventDispatch] Sending UIEvent type: 0; subtype: 0; to windows: 1
[2026-08-11 13:03:18.191] [NOTICE] [com.apple.UIKit/EventDispatch] Sending UIEvent type: 0; subtype: 0; to window: <UIWindow: 0x1053bfc10>; contextId: 0xE343F99A
[2026-08-11 13:03:18.237] [INFO] [com.apple.Accessibility/AXRuntimeNotifications] Attempting to send notification:  (1001) <private>
[2026-08-11 13:03:18.250] [INFO] [com.apple.Accessibility/AXRuntimeNotifications] Attempting to send notification:  (1000) <private>
[2026-08-11 13:03:18.252] [INFO] [com.apple.Accessibility/AXRuntimeNotifications] Attempting to send notification:  (1044) <private>
[2026-08-11 13:03:18.325] [INFO] [com.apple.Accessibility/AXRuntimeNotifications] Attempting to send notification:  (1001) <private>
[2026-08-11 13:03:18.325] [INFO] [com.apple.Accessibility/AXRuntimeNotifications] Did post notification. notification:  (1001) error:0 data:<private>
[2026-08-11 13:03:18.325] [NOTICE] [com.apple.xpc/connection] [0x111954780] activating connection: mach=true listener=false peer=false name=com.apple.lsd.icons
[2026-08-11 13:03:18.326] [INFO] [com.apple.Accessibility/AXRuntimeNotifications] Did post notification. notification:  (1000) error:0 data:<private>
[2026-08-11 13:03:18.326] [INFO] [com.apple.Accessibility/AXRuntimeNotifications] Did post notification. notification:  (1044) error:0 data:<private>
[2026-08-11 13:03:18.341] [NOTICE] [com.apple.UIKit/EventDispatch] Evaluating dispatch of UIEvent: 0x122458d20; type: 0; subtype: 0; backing type: 11; shouldSend: 0; ignoreInteractionEvents: 0, systemGestureStateChange: 1
[2026-08-11 13:03:18.870] [NOTICE] [com.apple.CFNetwork/Default] Task <23B7EA08-5EB0-4D57-A521-E3E43F5504B7>.<35> resuming, timeouts(60.0, 604800.0) qos(0x19) voucher((null)) activity(00000000-0000-0000-0000-000000000000)
[2026-08-11 13:03:18.871] [INFO] [com.apple.network/connection] nw_connection_create_with_id [C35] create connection to 127.0.0.1:62382
[2026-08-11 13:03:18.871] [NOTICE] [com.apple.CFNetwork/Default] Connection 35: starting, TC(0x0)
[2026-08-11 13:03:18.871] [NOTICE] [com.apple.network/connection] [C35 26328D39-C78C-49FA-BCE1-95E57A0B72B0 127.0.0.1:62382 tcp, url hash: 9f979fd0, definite, attribution: developer, context: com.apple.CFNetwork.NSURLSession.{D2D28DEA-298B-40DD-8393-B780ACD710F2}{(null)}{Y}{2}{0x0} (private), proc: 4E751277-8DF9-3937-8837-5559A42409CF] start
[2026-08-11 13:03:18.871] [INFO] [com.apple.network/connection] nw_endpoint_handler_start [C35 127.0.0.1:62382 initial parent-flow ((null))]
[2026-08-11 13:03:18.871] [NOTICE] [com.apple.network/connection] [C35 127.0.0.1:62382 initial parent-flow ((null))] event: path:start @0.000s
[2026-08-11 13:03:18.871] [INFO] [com.apple.network/] nw_path_necp_check_for_updates Trying to copy result again for 48 flows (max)
[2026-08-11 13:03:18.871] [ERROR] [com.apple.network/] nw_path_necp_check_for_updates Failed to copy updated result (22)
[2026-08-11 13:03:18.871] [NOTICE] [com.apple.network/connection] [C35 127.0.0.1:62382 waiting parent-flow (satisfied (Path is satisfied), viable, interface: lo0)] event: path:satisfied @0.000s, uuid: 3FD36AE6-84FD-4071-9700-29DAF0DF38FD
[2026-08-11 13:03:18.871] [INFO] [com.apple.network/connection] nw_connection_endpoint_report_on_nw_queue_block_invoke [C35 127.0.0.1:62382 waiting parent-flow (satisfied (Path is satisfied), viable, interface: lo0)] skipping state update
[2026-08-11 13:03:18.871] [INFO] [com.apple.network/connection] nw_endpoint_flow_setup_protocols [C35 127.0.0.1:62382 in_progress socket-flow (satisfied (Path is satisfied), viable, interface: lo0)] setup flow id 86935A8F-05E5-4E36-B35B-E82C606F59A8
[2026-08-11 13:03:18.872] [NOTICE] [com.apple.network/connection] [C35 127.0.0.1:62382 in_progress socket-flow (satisfied (Path is satisfied), viable, interface: lo0)] event: flow:start_connect @0.000s
[2026-08-11 13:03:18.872] [NOTICE] [com.apple.network/connection] nw_connection_report_state_with_handler_on_nw_queue [C35] reporting state preparing
[2026-08-11 13:03:18.872] [NOTICE] [com.apple.CFNetwork/Default] Task <23B7EA08-5EB0-4D57-A521-E3E43F5504B7>.<35> setting up Connection 35
[2026-08-11 13:03:18.872] [NOTICE] [com.apple.network/connection] nw_socket_handle_socket_event [C35:2] Socket received CONNRESET event
[2026-08-11 13:03:18.872] [NOTICE] [com.apple.network/connection] nw_socket_handle_socket_event [C35:2] Socket received DISCONNECTED event
[2026-08-11 13:03:18.872] [ERROR] [com.apple.network/connection] nw_socket_handle_socket_event <private> Socket SO_ERROR [61: Connection refused]
[2026-08-11 13:03:18.872] [INFO] [com.apple.network/connection] nw_flow_error [C35 127.0.0.1:62382 in_progress socket-flow (satisfied (Path is satisfied), viable, interface: lo0)] Output protocol (socket) sent error: Connection refused
[2026-08-11 13:03:18.872] [ERROR] [com.apple.network/connection] nw_protocol_socket_set_no_wake_from_sleep <private> setsockopt SO_NOWAKEFROMSLEEP failed [22: Invalid argument]
[2026-08-11 13:03:18.872] [ERROR] [com.apple.network/] nw_protocol_socket_set_no_wake_from_sleep setsockopt SO_NOWAKEFROMSLEEP failed [22: Invalid argument]
[2026-08-11 13:03:18.872] [NOTICE] [com.apple.network/connection] nw_flow_disconnected [C35 127.0.0.1:62382 in_progress socket-flow (satisfied (Path is satisfied), viable, interface: lo0)] Output protocol disconnected
[2026-08-11 13:03:18.872] [ERROR] [com.apple.network/connection] nw_endpoint_flow_failed_with_error [C35 127.0.0.1:62382 in_progress socket-flow (satisfied (Path is satisfied), viable, interface: lo0)] already failing, returning
[2026-08-11 13:03:18.872] [NOTICE] [com.apple.network/connection] [C35 127.0.0.1:62382 failed socket-flow (satisfied (Path is satisfied), viable, interface: lo0)] event: flow:failed_connect @0.001s, error Connection refused
[2026-08-11 13:03:18.872] [INFO] [com.apple.network/connection] nw_connection_report_symptom_on_nw_queue [C35] reported Connection failed after setup symptom
[2026-08-11 13:03:18.872] [NOTICE] [com.apple.network/connection] nw_connection_report_state_with_handler_on_nw_queue [C35] reporting state failed error Connection refused
[2026-08-11 13:03:18.872] [ERROR] [com.apple.CFNetwork/Default] Connection 35: received failure notification
[2026-08-11 13:03:18.872] [ERROR] [com.apple.CFNetwork/Default] Connection 35: failed to connect 1:61, reason -1
[2026-08-11 13:03:18.872] [ERROR] [com.apple.CFNetwork/Default] Connection 35: encountered error(1:61)
[2026-08-11 13:03:18.872] [NOTICE] [com.apple.CFNetwork/Default] Connection 35: cleaning up
[2026-08-11 13:03:18.872] [NOTICE] [com.apple.CFNetwork/Summary] Connection 35: summary for unused connection {protocol="(null)", domain_lookup_duration_ms=0, connect_duration_ms=0, secure_connection_duration_ms=0, private_relay=false, idle_duration_ms=0}
[2026-08-11 13:03:18.872] [NOTICE] [com.apple.network/connection] [C35 26328D39-C78C-49FA-BCE1-95E57A0B72B0 127.0.0.1:62382 tcp, url hash: 9f979fd0, definite, attribution: developer] cancel
[2026-08-11 13:03:18.872] [INFO] [com.apple.network/connection] nw_connection_uses_multipath_block_invoke [C35]  has no connected handler
[2026-08-11 13:03:18.872] [ERROR] [com.apple.network/connection] nw_connection_copy_connected_local_endpoint_block_invoke [C35] Client called nw_connection_copy_connected_local_endpoint on unconnected nw_connection
[2026-08-11 13:03:18.872] [ERROR] [com.apple.network/connection] nw_connection_copy_connected_remote_endpoint_block_invoke [C35] Client called nw_connection_copy_connected_remote_endpoint on unconnected nw_connection
[2026-08-11 13:03:18.872] [NOTICE] [com.apple.network/connection] [C35 26328D39-C78C-49FA-BCE1-95E57A0B72B0 127.0.0.1:62382 tcp, url hash: 9f979fd0, definite, attribution: developer] cancelled
	[C35 3FD36AE6-84FD-4071-9700-29DAF0DF38FD <NULL><-><NULL>]
	Connected Path: (null)
	Privacy Stance: Not Eligible
	Duration: 0.001s, TCP @0.000s took 0.000s
[2026-08-11 13:03:18.872] [INFO] [com.apple.network/connection] nw_endpoint_handler_cancel [C35 127.0.0.1:62382 failed socket-flow (satisfied (Path is satisfied), viable, interface: lo0)]
[2026-08-11 13:03:18.872] [INFO] [com.apple.network/connection] nw_association_schedule_deactivation <nw_association 127.0.0.1:62382> will become dormant after 10000ms of inactivity
[2026-08-11 13:03:18.872] [NOTICE] [com.apple.network/connection] nw_connection_report_state_with_handler_on_nw_queue [C35] reporting state cancelled error Connection refused
[2026-08-11 13:03:18.872] [NOTICE] [com.apple.CFNetwork/Default] Task <23B7EA08-5EB0-4D57-A521-E3E43F5504B7>.<35> can retry(N) with reason(2) for error [1:61]
[2026-08-11 13:03:18.873] [INFO] [com.apple.network/connection] [C35 127.0.0.1:62382 tcp, url hash: 9f979fd0, definite, attribution: developer] dealloc
[2026-08-11 13:03:18.873] [ERROR] [com.apple.CFNetwork/Default] Task <23B7EA08-5EB0-4D57-A521-E3E43F5504B7>.<35> HTTP load failed, 0/0 bytes (error code: -1004 [1:61])
[2026-08-11 13:03:18.873] [NOTICE] [com.apple.CFNetwork/Summary] Task <23B7EA08-5EB0-4D57-A521-E3E43F5504B7>.<35> summary for task failure {transaction_duration_ms=2, response_status=-1, connection=35, reused=1, reused_after_ms=0, request_start_ms=0, request_duration_ms=0, response_start_ms=0, response_duration_ms=0, request_bytes=0, request_throughput_kbps=0, response_bytes=0, response_throughput_kbps=0, cache_hit=false}
[2026-08-11 13:03:18.873] [ERROR] [com.apple.CFNetwork/Default] Task <23B7EA08-5EB0-4D57-A521-E3E43F5504B7>.<35> finished with error [-1004] Error Domain=NSURLErrorDomain Code=-1004 UserInfo={NSErrorFailingURLStringKey=<private>, NSErrorFailingURLKey=<private>, _NSURLErrorRelatedURLSessionTaskErrorKey=<private>, _NSURLErrorFailingURLSessionTaskErrorKey=<private>, NSLocalizedDescription=<private>}
[2026-08-11 13:03:18.873] [ERROR] [com.tangzixiang.meow.app/meow-api] WS /logs reconnecting in 1s: Error Domain=NSURLErrorDomain Code=-1004 "无法连接服务器。" UserInfo={NSErrorFailingURLStringKey=http://127.0.0.1:62382/logs?level=debug, NSLocalizedDescription=无法连接服务器。, NSErrorFailingURLKey=http://127.0.0.1:62382/logs?level=debug}
[2026-08-11 13:03:19.038] [INFO] [com.apple.Accessibility/AXRuntimeNotifications] Attempting to send notification:  (1001) <private>
[2026-08-11 13:03:19.038] [INFO] [com.apple.Accessibility/AXRuntimeNotifications] Attempting to send notification:  (1001) <private>
[2026-08-11 13:03:19.038] [INFO] [com.apple.Accessibility/AXRuntimeNotifications] Did post notification. notification:  (1001) error:0 data:<private>
[2026-08-11 13:03:19.564] [NOTICE] [com.apple.KeyboardArbiter/Client] TX focusApplication (peekAppEvent) stealKB:Y scene:ssadtyer.top-default
[2026-08-11 13:03:19.564] [NOTICE] [com.apple.UIKit/EventDispatch] Evaluating dispatch of UIEvent: 0x122458d20; type: 0; subtype: 0; backing type: 11; shouldSend: 1; ignoreInteractionEvents: 0, systemGestureStateChange: 0
[2026-08-11 13:03:19.565] [NOTICE] [com.apple.UIKit/EventDispatch] Sending UIEvent type: 0; subtype: 0; to windows: 1
[2026-08-11 13:03:19.565] [NOTICE] [com.apple.UIKit/EventDispatch] Sending UIEvent type: 0; subtype: 0; to window: <UIWindow: 0x1053bfc10>; contextId: 0xE343F99A
[2026-08-11 13:03:19.574] [NOTICE] [com.apple.UIKit/EventDispatch] Evaluating dispatch of UIEvent: 0x122458d20; type: 0; subtype: 0; backing type: 11; shouldSend: 0; ignoreInteractionEvents: 0, systemGestureStateChange: 0
[2026-08-11 13:03:19.607] [NOTICE] [com.apple.UIKit/EventDispatch] Evaluating dispatch of UIEvent: 0x122458d20; type: 0; subtype: 0; backing type: 11; shouldSend: 1; ignoreInteractionEvents: 0, systemGestureStateChange: 0
[2026-08-11 13:03:19.607] [NOTICE] [com.apple.UIKit/EventDispatch] Sending UIEvent type: 0; subtype: 0; to windows: 1
[2026-08-11 13:03:19.607] [NOTICE] [com.apple.UIKit/EventDispatch] Sending UIEvent type: 0; subtype: 0; to window: <UIWindow: 0x1053bfc10>; contextId: 0xE343F99A
[2026-08-11 13:03:19.624] [NOTICE] [com.apple.UIKit/EventDispatch] Evaluating dispatch of UIEvent: 0x122458d20; type: 0; subtype: 0; backing type: 11; shouldSend: 1; ignoreInteractionEvents: 0, systemGestureStateChange: 0
[2026-08-11 13:03:19.624] [NOTICE] [com.apple.UIKit/EventDispatch] Sending UIEvent type: 0; subtype: 0; to windows: 1
[2026-08-11 13:03:19.624] [NOTICE] [com.apple.UIKit/EventDispatch] Sending UIEvent type: 0; subtype: 0; to window: <UIWindow: 0x1053bfc10>; contextId: 0xE343F99A
[2026-08-11 13:03:19.626] [NOTICE] [com.apple.UIKit/EventDispatch] Evaluating dispatch of UIEvent: 0x122458d20; type: 0; subtype: 0; backing type: 11; shouldSend: 0; ignoreInteractionEvents: 0, systemGestureStateChange: 1
[2026-08-11 13:03:19.628] [NOTICE] [com.apple.UIKit/UIPointerArbiter] Ignoring beginScrollingWithRegion: <UIPointerRegion: 0x122658dc0; rect = (0 0; 390 726); identifier = UIScrollView.scrollingPointerRegion> because pointer state is disabled
[2026-08-11 13:03:19.629] [NOTICE] [com.apple.xpc/connection] [0x111954c80] activating connection: mach=false listener=false peer=false name=(anonymous)
[2026-08-11 13:03:19.632] [INFO] [com.apple.PointerUI/Common] Activating Connection: <(null):0x122658230>
[2026-08-11 13:03:19.632] [NOTICE] [com.apple.UIKit/EventDispatch] Evaluating dispatch of UIEvent: 0x122458d20; type: 0; subtype: 0; backing type: 11; shouldSend: 1; ignoreInteractionEvents: 0, systemGestureStateChange: 0
[2026-08-11 13:03:19.632] [NOTICE] [com.apple.UIKit/EventDispatch] Sending UIEvent type: 0; subtype: 0; to windows: 1
[2026-08-11 13:03:19.632] [NOTICE] [com.apple.UIKit/EventDispatch] Sending UIEvent type: 0; subtype: 0; to window: <UIWindow: 0x1053bfc10>; contextId: 0xE343F99A
[2026-08-11 13:03:19.634] [INFO] [com.apple.Accessibility/AXRuntimeNotifications] Attempting to send notification:  (1044) <private>
[2026-08-11 13:03:19.635] [INFO] [com.apple.Accessibility/AXRuntimeNotifications] Attempting to send notification:  (1001) <private>
[2026-08-11 13:03:19.635] [INFO] [com.apple.Accessibility/AXRuntimeNotifications] Did post notification. notification:  (1044) error:0 data:<private>
[2026-08-11 13:03:19.636] [INFO] [com.apple.Accessibility/AXRuntimeNotifications] Did post notification. notification:  (1001) error:0 data:<private>
[2026-08-11 13:03:19.641] [NOTICE] [com.apple.UIKit/EventDispatch] Evaluating dispatch of UIEvent: 0x122458d20; type: 0; subtype: 0; backing type: 11; shouldSend: 1; ignoreInteractionEvents: 0, systemGestureStateChange: 0
[2026-08-11 13:03:19.641] [NOTICE] [com.apple.UIKit/EventDispatch] Sending UIEvent type: 0; subtype: 0; to windows: 1
[2026-08-11 13:03:19.641] [NOTICE] [com.apple.UIKit/EventDispatch] Sending UIEvent type: 0; subtype: 0; to window: <UIWindow: 0x1053bfc10>; contextId: 0xE343F99A
[2026-08-11 13:03:19.642] [INFO] [com.apple.Accessibility/AXRuntimeNotifications] Attempting to send notification:  (1044) <private>
[2026-08-11 13:03:19.643] [INFO] [com.apple.Accessibility/AXRuntimeNotifications] Attempting to send notification:  (1001) <private>
[2026-08-11 13:03:19.643] [INFO] [com.apple.Accessibility/AXRuntimeNotifications] Did post notification. notification:  (1044) error:0 data:<private>
[2026-08-11 13:03:19.643] [INFO] [com.apple.Accessibility/AXRuntimeNotifications] Did post notification. notification:  (1001) error:0 data:<private>
[2026-08-11 13:03:19.654] [NOTICE] [com.apple.UIKit/EventDispatch] Evaluating dispatch of UIEvent: 0x122458d20; type: 0; subtype: 0; backing type: 11; shouldSend: 1; ignoreInteractionEvents: 0, systemGestureStateChange: 0
[2026-08-11 13:03:19.654] [NOTICE] [com.apple.UIKit/EventDispatch] Sending UIEvent type: 0; subtype: 0; to windows: 1
[2026-08-11 13:03:19.654] [NOTICE] [com.apple.UIKit/EventDispatch] Sending UIEvent type: 0; subtype: 0; to window: <UIWindow: 0x1053bfc10>; contextId: 0xE343F99A
[2026-08-11 13:03:19.655] [INFO] [com.apple.Accessibility/AXRuntimeNotifications] Attempting to send notification:  (1044) <private>
[2026-08-11 13:03:19.656] [INFO] [com.apple.Accessibility/AXRuntimeNotifications] Did post notification. notification:  (1044) error:0 data:<private>
[2026-08-11 13:03:19.664] [NOTICE] [com.apple.UIKit/EventDispatch] Evaluating dispatch of UIEvent: 0x122458d20; type: 0; subtype: 0; backing type: 11; shouldSend: 1; ignoreInteractionEvents: 0, systemGestureStateChange: 0
[2026-08-11 13:03:19.664] [NOTICE] [com.apple.UIKit/EventDispatch] Sending UIEvent type: 0; subtype: 0; to windows: 1
[2026-08-11 13:03:19.664] [NOTICE] [com.apple.UIKit/EventDispatch] Sending UIEvent type: 0; subtype: 0; to window: <UIWindow: 0x1053bfc10>; contextId: 0xE343F99A
[2026-08-11 13:03:19.664] [INFO] [com.apple.Accessibility/AXRuntimeNotifications] Attempting to send notification:  (1044) <private>
[2026-08-11 13:03:19.665] [INFO] [com.apple.Accessibility/AXRuntimeNotifications] Did post notification. notification:  (1044) error:0 data:<private>
[2026-08-11 13:03:19.672] [NOTICE] [com.apple.UIKit/EventDispatch] Evaluating dispatch of UIEvent: 0x122458d20; type: 0; subtype: 0; backing type: 11; shouldSend: 1; ignoreInteractionEvents: 0, systemGestureStateChange: 0
[2026-08-11 13:03:19.672] [NOTICE] [com.apple.UIKit/EventDispatch] Sending UIEvent type: 0; subtype: 0; to windows: 1
[2026-08-11 13:03:19.672] [NOTICE] [com.apple.UIKit/EventDispatch] Sending UIEvent type: 0; subtype: 0; to window: <UIWindow: 0x1053bfc10>; contextId: 0xE343F99A
[2026-08-11 13:03:19.672] [INFO] [com.apple.Accessibility/AXRuntimeNotifications] Attempting to send notification:  (1044) <private>
[2026-08-11 13:03:19.673] [INFO] [com.apple.Accessibility/AXRuntimeNotifications] Did post notification. notification:  (1044) error:0 data:<private>
[2026-08-11 13:03:19.680] [NOTICE] [com.apple.UIKit/EventDispatch] Evaluating dispatch of UIEvent: 0x122458d20; type: 0; subtype: 0; backing type: 11; shouldSend: 1; ignoreInteractionEvents: 0, systemGestureStateChange: 0
[2026-08-11 13:03:19.680] [NOTICE] [com.apple.UIKit/EventDispatch] Sending UIEvent type: 0; subtype: 0; to windows: 1
[2026-08-11 13:03:19.680] [NOTICE] [com.apple.UIKit/EventDispatch] Sending UIEvent type: 0; subtype: 0; to window: <UIWindow: 0x1053bfc10>; contextId: 0xE343F99A
[2026-08-11 13:03:19.680] [INFO] [com.apple.Accessibility/AXRuntimeNotifications] Attempting to send notification:  (1044) <private>
[2026-08-11 13:03:19.681] [INFO] [com.apple.Accessibility/AXRuntimeNotifications] Did post notification. notification:  (1044) error:0 data:<private>
[2026-08-11 13:03:19.688] [NOTICE] [com.apple.UIKit/EventDispatch] Evaluating dispatch of UIEvent: 0x122458d20; type: 0; subtype: 0; backing type: 11; shouldSend: 1; ignoreInteractionEvents: 0, systemGestureStateChange: 0
[2026-08-11 13:03:19.688] [NOTICE] [com.apple.UIKit/EventDispatch] Sending UIEvent type: 0; subtype: 0; to windows: 1
[2026-08-11 13:03:19.688] [NOTICE] [com.apple.UIKit/EventDispatch] Sending UIEvent type: 0; subtype: 0; to window: <UIWindow: 0x1053bfc10>; contextId: 0xE343F99A
[2026-08-11 13:03:19.688] [INFO] [com.apple.Accessibility/AXRuntimeNotifications] Attempting to send notification:  (1044) <private>
[2026-08-11 13:03:19.689] [INFO] [com.apple.Accessibility/AXRuntimeNotifications] Did post notification. notification:  (1044) error:0 data:<private>
[2026-08-11 13:03:19.696] [NOTICE] [com.apple.UIKit/EventDispatch] Evaluating dispatch of UIEvent: 0x122458d20; type: 0; subtype: 0; backing type: 11; shouldSend: 1; ignoreInteractionEvents: 0, systemGestureStateChange: 0
[2026-08-11 13:03:19.696] [NOTICE] [com.apple.UIKit/EventDispatch] Sending UIEvent type: 0; subtype: 0; to windows: 1
[2026-08-11 13:03:19.696] [NOTICE] [com.apple.UIKit/EventDispatch] Sending UIEvent type: 0; subtype: 0; to window: <UIWindow: 0x1053bfc10>; contextId: 0xE343F99A
[2026-08-11 13:03:19.696] [INFO] [com.apple.Accessibility/AXRuntimeNotifications] Attempting to send notification:  (1044) <private>
[2026-08-11 13:03:19.697] [INFO] [com.apple.Accessibility/AXRuntimeNotifications] Did post notification. notification:  (1044) error:0 data:<private>
[2026-08-11 13:03:19.704] [NOTICE] [com.apple.UIKit/EventDispatch] Evaluating dispatch of UIEvent: 0x122458d20; type: 0; subtype: 0; backing type: 11; shouldSend: 1; ignoreInteractionEvents: 0, systemGestureStateChange: 0
[2026-08-11 13:03:19.704] [NOTICE] [com.apple.UIKit/EventDispatch] Sending UIEvent type: 0; subtype: 0; to windows: 1
[2026-08-11 13:03:19.704] [NOTICE] [com.apple.UIKit/EventDispatch] Sending UIEvent type: 0; subtype: 0; to window: <UIWindow: 0x1053bfc10>; contextId: 0xE343F99A
[2026-08-11 13:03:19.705] [INFO] [com.apple.Accessibility/AXRuntimeNotifications] Attempting to send notification:  (1044) <private>
[2026-08-11 13:03:19.707] [INFO] [com.apple.Accessibility/AXRuntimeNotifications] Did post notification. notification:  (1044) error:0 data:<private>
[2026-08-11 13:03:19.712] [NOTICE] [com.apple.UIKit/EventDispatch] Evaluating dispatch of UIEvent: 0x122458d20; type: 0; subtype: 0; backing type: 11; shouldSend: 1; ignoreInteractionEvents: 0, systemGestureStateChange: 0
[2026-08-11 13:03:19.712] [NOTICE] [com.apple.UIKit/EventDispatch] Sending UIEvent type: 0; subtype: 0; to windows: 1
[2026-08-11 13:03:19.712] [NOTICE] [com.apple.UIKit/EventDispatch] Sending UIEvent type: 0; subtype: 0; to window: <UIWindow: 0x1053bfc10>; contextId: 0xE343F99A
[2026-08-11 13:03:19.713] [INFO] [com.apple.Accessibility/AXRuntimeNotifications] Attempting to send notification:  (1044) <private>
[2026-08-11 13:03:19.713] [INFO] [com.apple.Accessibility/AXRuntimeNotifications] Did post notification. notification:  (1044) error:0 data:<private>
[2026-08-11 13:03:19.721] [NOTICE] [com.apple.UIKit/EventDispatch] Evaluating dispatch of UIEvent: 0x122458d20; type: 0; subtype: 0; backing type: 11; shouldSend: 1; ignoreInteractionEvents: 0, systemGestureStateChange: 0
[2026-08-11 13:03:19.721] [NOTICE] [com.apple.UIKit/EventDispatch] Sending UIEvent type: 0; subtype: 0; to windows: 1
[2026-08-11 13:03:19.721] [NOTICE] [com.apple.UIKit/EventDispatch] Sending UIEvent type: 0; subtype: 0; to window: <UIWindow: 0x1053bfc10>; contextId: 0xE343F99A
[2026-08-11 13:03:19.721] [INFO] [com.apple.Accessibility/AXRuntimeNotifications] Attempting to send notification:  (1044) <private>
[2026-08-11 13:03:19.722] [INFO] [com.apple.Accessibility/AXRuntimeNotifications] Did post notification. notification:  (1044) error:0 data:<private>
[2026-08-11 13:03:19.729] [NOTICE] [com.apple.UIKit/EventDispatch] Evaluating dispatch of UIEvent: 0x122458d20; type: 0; subtype: 0; backing type: 11; shouldSend: 1; ignoreInteractionEvents: 0, systemGestureStateChange: 0
[2026-08-11 13:03:19.729] [NOTICE] [com.apple.UIKit/EventDispatch] Sending UIEvent type: 0; subtype: 0; to windows: 1
[2026-08-11 13:03:19.729] [NOTICE] [com.apple.UIKit/EventDispatch] Sending UIEvent type: 0; subtype: 0; to window: <UIWindow: 0x1053bfc10>; contextId: 0xE343F99A
[2026-08-11 13:03:19.729] [INFO] [com.apple.Accessibility/AXRuntimeNotifications] Attempting to send notification:  (1044) <private>
[2026-08-11 13:03:19.730] [INFO] [com.apple.Accessibility/AXRuntimeNotifications] Did post notification. notification:  (1044) error:0 data:<private>
[2026-08-11 13:03:19.737] [NOTICE] [com.apple.UIKit/EventDispatch] Evaluating dispatch of UIEvent: 0x122458d20; type: 0; subtype: 0; backing type: 11; shouldSend: 1; ignoreInteractionEvents: 0, systemGestureStateChange: 0
[2026-08-11 13:03:19.737] [NOTICE] [com.apple.UIKit/EventDispatch] Sending UIEvent type: 0; subtype: 0; to windows: 1
[2026-08-11 13:03:19.737] [NOTICE] [com.apple.UIKit/EventDispatch] Sending UIEvent type: 0; subtype: 0; to window: <UIWindow: 0x1053bfc10>; contextId: 0xE343F99A
[2026-08-11 13:03:19.738] [INFO] [com.apple.Accessibility/AXRuntimeNotifications] Attempting to send notification:  (1044) <private>
[2026-08-11 13:03:19.739] [INFO] [com.apple.Accessibility/AXRuntimeNotifications] Did post notification. notification:  (1044) error:0 data:<private>
[2026-08-11 13:03:19.745] [NOTICE] [com.apple.UIKit/EventDispatch] Evaluating dispatch of UIEvent: 0x122458d20; type: 0; subtype: 0; backing type: 11; shouldSend: 1; ignoreInteractionEvents: 0, systemGestureStateChange: 0
[2026-08-11 13:03:19.745] [NOTICE] [com.apple.UIKit/EventDispatch] Sending UIEvent type: 0; subtype: 0; to windows: 1
[2026-08-11 13:03:19.745] [NOTICE] [com.apple.UIKit/EventDispatch] Sending UIEvent type: 0; subtype: 0; to window: <UIWindow: 0x1053bfc10>; contextId: 0xE343F99A
[2026-08-11 13:03:19.746] [INFO] [com.apple.Accessibility/AXRuntimeNotifications] Attempting to send notification:  (1044) <private>
[2026-08-11 13:03:19.747] [INFO] [com.apple.Accessibility/AXRuntimeNotifications] Did post notification. notification:  (1044) error:0 data:<private>
[2026-08-11 13:03:19.757] [NOTICE] [com.apple.UIKit/EventDispatch] Evaluating dispatch of UIEvent: 0x122458d20; type: 0; subtype: 0; backing type: 11; shouldSend: 1; ignoreInteractionEvents: 0, systemGestureStateChange: 0
[2026-08-11 13:03:19.757] [NOTICE] [com.apple.UIKit/EventDispatch] Sending UIEvent type: 0; subtype: 0; to windows: 1
[2026-08-11 13:03:19.757] [NOTICE] [com.apple.UIKit/EventDispatch] Sending UIEvent type: 0; subtype: 0; to window: <UIWindow: 0x1053bfc10>; contextId: 0xE343F99A
[2026-08-11 13:03:19.758] [INFO] [com.apple.Accessibility/AXRuntimeNotifications] Attempting to send notification:  (1044) <private>
[2026-08-11 13:03:19.758] [INFO] [com.apple.Accessibility/AXRuntimeNotifications] Did post notification. notification:  (1044) error:0 data:<private>
[2026-08-11 13:03:19.771] [NOTICE] [com.apple.UIKit/EventDispatch] Evaluating dispatch of UIEvent: 0x122458d20; type: 0; subtype: 0; backing type: 11; shouldSend: 1; ignoreInteractionEvents: 0, systemGestureStateChange: 0
[2026-08-11 13:03:19.771] [NOTICE] [com.apple.UIKit/EventDispatch] Sending UIEvent type: 0; subtype: 0; to windows: 1
[2026-08-11 13:03:19.771] [NOTICE] [com.apple.UIKit/EventDispatch] Sending UIEvent type: 0; subtype: 0; to window: <UIWindow: 0x1053bfc10>; contextId: 0xE343F99A
[2026-08-11 13:03:19.771] [INFO] [com.apple.Accessibility/AXRuntimeNotifications] Attempting to send notification:  (1044) <private>
[2026-08-11 13:03:19.772] [INFO] [com.apple.Accessibility/AXRuntimeNotifications] Did post notification. notification:  (1044) error:0 data:<private>
[2026-08-11 13:03:19.787] [NOTICE] [com.apple.UIKit/EventDispatch] Evaluating dispatch of UIEvent: 0x122458d20; type: 0; subtype: 0; backing type: 11; shouldSend: 1; ignoreInteractionEvents: 0, systemGestureStateChange: 0
[2026-08-11 13:03:19.787] [NOTICE] [com.apple.UIKit/EventDispatch] Sending UIEvent type: 0; subtype: 0; to windows: 1
[2026-08-11 13:03:19.787] [NOTICE] [com.apple.UIKit/EventDispatch] Sending UIEvent type: 0; subtype: 0; to window: <UIWindow: 0x1053bfc10>; contextId: 0xE343F99A
[2026-08-11 13:03:19.788] [INFO] [com.apple.Accessibility/AXRuntimeNotifications] Attempting to send notification:  (1044) <private>
[2026-08-11 13:03:19.788] [INFO] [com.apple.Accessibility/AXRuntimeNotifications] Did post notification. notification:  (1044) error:0 data:<private>
[2026-08-11 13:03:19.804] [NOTICE] [com.apple.UIKit/EventDispatch] Evaluating dispatch of UIEvent: 0x122458d20; type: 0; subtype: 0; backing type: 11; shouldSend: 1; ignoreInteractionEvents: 0, systemGestureStateChange: 0
[2026-08-11 13:03:19.804] [NOTICE] [com.apple.UIKit/EventDispatch] Sending UIEvent type: 0; subtype: 0; to windows: 1
[2026-08-11 13:03:19.804] [NOTICE] [com.apple.UIKit/EventDispatch] Sending UIEvent type: 0; subtype: 0; to window: <UIWindow: 0x1053bfc10>; contextId: 0xE343F99A
[2026-08-11 13:03:19.804] [INFO] [com.apple.Accessibility/AXRuntimeNotifications] Attempting to send notification:  (1044) <private>
[2026-08-11 13:03:19.805] [INFO] [com.apple.Accessibility/AXRuntimeNotifications] Did post notification. notification:  (1044) error:0 data:<private>
[2026-08-11 13:03:19.821] [NOTICE] [com.apple.UIKit/EventDispatch] Evaluating dispatch of UIEvent: 0x122458d20; type: 0; subtype: 0; backing type: 11; shouldSend: 1; ignoreInteractionEvents: 0, systemGestureStateChange: 0
[2026-08-11 13:03:19.821] [NOTICE] [com.apple.UIKit/EventDispatch] Sending UIEvent type: 0; subtype: 0; to windows: 1
[2026-08-11 13:03:19.821] [NOTICE] [com.apple.UIKit/EventDispatch] Sending UIEvent type: 0; subtype: 0; to window: <UIWindow: 0x1053bfc10>; contextId: 0xE343F99A
[2026-08-11 13:03:19.821] [INFO] [com.apple.Accessibility/AXRuntimeNotifications] Attempting to send notification:  (1044) <private>
[2026-08-11 13:03:19.822] [INFO] [com.apple.Accessibility/AXRuntimeNotifications] Did post notification. notification:  (1044) error:0 data:<private>
[2026-08-11 13:03:19.837] [NOTICE] [com.apple.UIKit/EventDispatch] Evaluating dispatch of UIEvent: 0x122458d20; type: 0; subtype: 0; backing type: 11; shouldSend: 1; ignoreInteractionEvents: 0, systemGestureStateChange: 0
[2026-08-11 13:03:19.837] [NOTICE] [com.apple.UIKit/EventDispatch] Sending UIEvent type: 0; subtype: 0; to windows: 1
[2026-08-11 13:03:19.837] [NOTICE] [com.apple.UIKit/EventDispatch] Sending UIEvent type: 0; subtype: 0; to window: <UIWindow: 0x1053bfc10>; contextId: 0xE343F99A
[2026-08-11 13:03:19.838] [INFO] [com.apple.Accessibility/AXRuntimeNotifications] Attempting to send notification:  (1044) <private>
[2026-08-11 13:03:19.838] [INFO] [com.apple.Accessibility/AXRuntimeNotifications] Did post notification. notification:  (1044) error:0 data:<private>
[2026-08-11 13:03:19.855] [NOTICE] [com.apple.UIKit/EventDispatch] Evaluating dispatch of UIEvent: 0x122458d20; type: 0; subtype: 0; backing type: 11; shouldSend: 1; ignoreInteractionEvents: 0, systemGestureStateChange: 0
[2026-08-11 13:03:19.855] [NOTICE] [com.apple.UIKit/EventDispatch] Sending UIEvent type: 0; subtype: 0; to windows: 1
[2026-08-11 13:03:19.855] [NOTICE] [com.apple.UIKit/EventDispatch] Sending UIEvent type: 0; subtype: 0; to window: <UIWindow: 0x1053bfc10>; contextId: 0xE343F99A
[2026-08-11 13:03:19.855] [INFO] [com.apple.Accessibility/AXRuntimeNotifications] Attempting to send notification:  (1044) <private>
[2026-08-11 13:03:19.856] [INFO] [com.apple.Accessibility/AXRuntimeNotifications] Did post notification. notification:  (1044) error:0 data:<private>
[2026-08-11 13:03:19.874] [NOTICE] [com.apple.UIKit/EventDispatch] Evaluating dispatch of UIEvent: 0x122458d20; type: 0; subtype: 0; backing type: 11; shouldSend: 1; ignoreInteractionEvents: 0, systemGestureStateChange: 0
[2026-08-11 13:03:19.874] [NOTICE] [com.apple.UIKit/EventDispatch] Sending UIEvent type: 0; subtype: 0; to windows: 1
[2026-08-11 13:03:19.874] [NOTICE] [com.apple.UIKit/EventDispatch] Sending UIEvent type: 0; subtype: 0; to window: <UIWindow: 0x1053bfc10>; contextId: 0xE343F99A
[2026-08-11 13:03:19.875] [INFO] [com.apple.Accessibility/AXRuntimeNotifications] Attempting to send notification:  (1044) <private>
[2026-08-11 13:03:19.875] [INFO] [com.apple.Accessibility/AXRuntimeNotifications] Did post notification. notification:  (1044) error:0 data:<private>
[2026-08-11 13:03:19.888] [NOTICE] [com.apple.UIKit/EventDispatch] Evaluating dispatch of UIEvent: 0x122458d20; type: 0; subtype: 0; backing type: 11; shouldSend: 1; ignoreInteractionEvents: 0, systemGestureStateChange: 0
[2026-08-11 13:03:19.888] [NOTICE] [com.apple.UIKit/EventDispatch] Sending UIEvent type: 0; subtype: 0; to windows: 1
[2026-08-11 13:03:19.888] [NOTICE] [com.apple.UIKit/EventDispatch] Sending UIEvent type: 0; subtype: 0; to window: <UIWindow: 0x1053bfc10>; contextId: 0xE343F99A
[2026-08-11 13:03:19.888] [INFO] [com.apple.Accessibility/AXRuntimeNotifications] Attempting to send notification:  (1044) <private>
[2026-08-11 13:03:19.889] [INFO] [com.apple.Accessibility/AXRuntimeNotifications] Did post notification. notification:  (1044) error:0 data:<private>
[2026-08-11 13:03:19.937] [NOTICE] [com.apple.CFNetwork/Default] Task <0DAE954E-79F4-49D7-AA70-EDC82C63BCBC>.<36> resuming, timeouts(60.0, 604800.0) qos(0x19) voucher((null)) activity(00000000-0000-0000-0000-000000000000)
[2026-08-11 13:03:19.938] [INFO] [com.apple.network/connection] nw_connection_create_with_id [C36] create connection to 127.0.0.1:62382
[2026-08-11 13:03:19.938] [NOTICE] [com.apple.CFNetwork/Default] Connection 36: starting, TC(0x0)
[2026-08-11 13:03:19.938] [NOTICE] [com.apple.network/connection] [C36 2B6741DF-7873-44C8-90B7-7F8F1698878F 127.0.0.1:62382 tcp, url hash: 9f979fd0, definite, attribution: developer, context: com.apple.CFNetwork.NSURLSession.{D2D28DEA-298B-40DD-8393-B780ACD710F2}{(null)}{Y}{2}{0x0} (private), proc: 4E751277-8DF9-3937-8837-5559A42409CF] start
[2026-08-11 13:03:19.938] [INFO] [com.apple.network/connection] nw_endpoint_handler_start [C36 127.0.0.1:62382 initial parent-flow ((null))]
[2026-08-11 13:03:19.938] [NOTICE] [com.apple.network/connection] [C36 127.0.0.1:62382 initial parent-flow ((null))] event: path:start @0.000s
[2026-08-11 13:03:19.938] [INFO] [com.apple.network/] nw_path_necp_check_for_updates Trying to copy result again for 48 flows (max)
[2026-08-11 13:03:19.938] [ERROR] [com.apple.network/] nw_path_necp_check_for_updates Failed to copy updated result (22)
[2026-08-11 13:03:19.938] [NOTICE] [com.apple.network/connection] [C36 127.0.0.1:62382 waiting parent-flow (satisfied (Path is satisfied), viable, interface: lo0)] event: path:satisfied @0.000s, uuid: 3FD36AE6-84FD-4071-9700-29DAF0DF38FD
[2026-08-11 13:03:19.938] [INFO] [com.apple.network/connection] nw_connection_endpoint_report_on_nw_queue_block_invoke [C36 127.0.0.1:62382 waiting parent-flow (satisfied (Path is satisfied), viable, interface: lo0)] skipping state update
[2026-08-11 13:03:19.938] [INFO] [com.apple.network/connection] nw_endpoint_flow_setup_protocols [C36 127.0.0.1:62382 in_progress socket-flow (satisfied (Path is satisfied), viable, interface: lo0)] setup flow id 9DB1E22F-1A56-4D8B-A539-9EC320FBE509
[2026-08-11 13:03:19.939] [NOTICE] [com.apple.network/connection] [C36 127.0.0.1:62382 in_progress socket-flow (satisfied (Path is satisfied), viable, interface: lo0)] event: flow:start_connect @0.000s
[2026-08-11 13:03:19.939] [NOTICE] [com.apple.network/connection] nw_connection_report_state_with_handler_on_nw_queue [C36] reporting state preparing
[2026-08-11 13:03:19.939] [NOTICE] [com.apple.CFNetwork/Default] Task <0DAE954E-79F4-49D7-AA70-EDC82C63BCBC>.<36> setting up Connection 36
[2026-08-11 13:03:19.939] [NOTICE] [com.apple.network/connection] nw_socket_handle_socket_event [C36:2] Socket received CONNRESET event
[2026-08-11 13:03:19.939] [NOTICE] [com.apple.network/connection] nw_socket_handle_socket_event [C36:2] Socket received DISCONNECTED event
[2026-08-11 13:03:19.939] [ERROR] [com.apple.network/connection] nw_socket_handle_socket_event <private> Socket SO_ERROR [61: Connection refused]
[2026-08-11 13:03:19.939] [INFO] [com.apple.network/connection] nw_flow_error [C36 127.0.0.1:62382 in_progress socket-flow (satisfied (Path is satisfied), viable, interface: lo0)] Output protocol (socket) sent error: Connection refused
[2026-08-11 13:03:19.939] [ERROR] [com.apple.network/connection] nw_protocol_socket_set_no_wake_from_sleep <private> setsockopt SO_NOWAKEFROMSLEEP failed [22: Invalid argument]
[2026-08-11 13:03:19.939] [ERROR] [com.apple.network/] nw_protocol_socket_set_no_wake_from_sleep setsockopt SO_NOWAKEFROMSLEEP failed [22: Invalid argument]
[2026-08-11 13:03:19.939] [NOTICE] [com.apple.network/connection] nw_flow_disconnected [C36 127.0.0.1:62382 in_progress socket-flow (satisfied (Path is satisfied), viable, interface: lo0)] Output protocol disconnected
[2026-08-11 13:03:19.939] [ERROR] [com.apple.network/connection] nw_endpoint_flow_failed_with_error [C36 127.0.0.1:62382 in_progress socket-flow (satisfied (Path is satisfied), viable, interface: lo0)] already failing, returning
[2026-08-11 13:03:19.939] [NOTICE] [com.apple.network/connection] [C36 127.0.0.1:62382 failed socket-flow (satisfied (Path is satisfied), viable, interface: lo0)] event: flow:failed_connect @0.000s, error Connection refused
[2026-08-11 13:03:19.939] [INFO] [com.apple.network/connection] nw_connection_report_symptom_on_nw_queue [C36] reported Connection failed after setup symptom
[2026-08-11 13:03:19.939] [NOTICE] [com.apple.network/connection] nw_connection_report_state_with_handler_on_nw_queue [C36] reporting state failed error Connection refused
[2026-08-11 13:03:19.939] [ERROR] [com.apple.CFNetwork/Default] Connection 36: received failure notification
[2026-08-11 13:03:19.939] [ERROR] [com.apple.CFNetwork/Default] Connection 36: failed to connect 1:61, reason -1
[2026-08-11 13:03:19.939] [ERROR] [com.apple.CFNetwork/Default] Connection 36: encountered error(1:61)
[2026-08-11 13:03:19.939] [NOTICE] [com.apple.CFNetwork/Default] Connection 36: cleaning up
[2026-08-11 13:03:19.939] [NOTICE] [com.apple.CFNetwork/Summary] Connection 36: summary for unused connection {protocol="(null)", domain_lookup_duration_ms=0, connect_duration_ms=0, secure_connection_duration_ms=0, private_relay=false, idle_duration_ms=0}
[2026-08-11 13:03:19.939] [NOTICE] [com.apple.network/connection] [C36 2B6741DF-7873-44C8-90B7-7F8F1698878F 127.0.0.1:62382 tcp, url hash: 9f979fd0, definite, attribution: developer] cancel
[2026-08-11 13:03:19.939] [INFO] [com.apple.network/connection] nw_connection_uses_multipath_block_invoke [C36]  has no connected handler
[2026-08-11 13:03:19.939] [ERROR] [com.apple.network/connection] nw_connection_copy_connected_local_endpoint_block_invoke [C36] Client called nw_connection_copy_connected_local_endpoint on unconnected nw_connection
[2026-08-11 13:03:19.939] [ERROR] [com.apple.network/connection] nw_connection_copy_connected_remote_endpoint_block_invoke [C36] Client called nw_connection_copy_connected_remote_endpoint on unconnected nw_connection
[2026-08-11 13:03:19.939] [NOTICE] [com.apple.network/connection] [C36 2B6741DF-7873-44C8-90B7-7F8F1698878F 127.0.0.1:62382 tcp, url hash: 9f979fd0, definite, attribution: developer] cancelled
	[C36 3FD36AE6-84FD-4071-9700-29DAF0DF38FD <NULL><-><NULL>]
	Connected Path: (null)
	Privacy Stance: Not Eligible
	Duration: 0.001s, TCP @0.000s took 0.000s
[2026-08-11 13:03:19.939] [INFO] [com.apple.network/connection] nw_endpoint_handler_cancel [C36 127.0.0.1:62382 failed socket-flow (satisfied (Path is satisfied), viable, interface: lo0)]
[2026-08-11 13:03:19.939] [INFO] [com.apple.network/connection] nw_association_schedule_deactivation <nw_association 127.0.0.1:62382> will become dormant after 10000ms of inactivity
[2026-08-11 13:03:19.939] [NOTICE] [com.apple.network/connection] nw_connection_report_state_with_handler_on_nw_queue [C36] reporting state cancelled error Connection refused
[2026-08-11 13:03:19.939] [NOTICE] [com.apple.CFNetwork/Default] Task <0DAE954E-79F4-49D7-AA70-EDC82C63BCBC>.<36> can retry(N) with reason(2) for error [1:61]
[2026-08-11 13:03:19.940] [INFO] [com.apple.network/connection] [C36 127.0.0.1:62382 tcp, url hash: 9f979fd0, definite, attribution: developer] dealloc
[2026-08-11 13:03:19.940] [ERROR] [com.apple.CFNetwork/Default] Task <0DAE954E-79F4-49D7-AA70-EDC82C63BCBC>.<36> HTTP load failed, 0/0 bytes (error code: -1004 [1:61])
[2026-08-11 13:03:19.940] [NOTICE] [com.apple.CFNetwork/Summary] Task <0DAE954E-79F4-49D7-AA70-EDC82C63BCBC>.<36> summary for task failure {transaction_duration_ms=2, response_status=-1, connection=36, reused=1, reused_after_ms=0, request_start_ms=0, request_duration_ms=0, response_start_ms=0, response_duration_ms=0, request_bytes=0, request_throughput_kbps=0, response_bytes=0, response_throughput_kbps=0, cache_hit=false}
[2026-08-11 13:03:19.940] [ERROR] [com.apple.CFNetwork/Default] Task <0DAE954E-79F4-49D7-AA70-EDC82C63BCBC>.<36> finished with error [-1004] Error Domain=NSURLErrorDomain Code=-1004 UserInfo={NSErrorFailingURLStringKey=<private>, NSErrorFailingURLKey=<private>, _NSURLErrorRelatedURLSessionTaskErrorKey=<private>, _NSURLErrorFailingURLSessionTaskErrorKey=<private>, NSLocalizedDescription=<private>}
[2026-08-11 13:03:19.940] [ERROR] [com.tangzixiang.meow.app/meow-api] WS /logs reconnecting in 1s: Error Domain=NSURLErrorDomain Code=-1004 "无法连接服务器。" UserInfo={NSErrorFailingURLStringKey=http://127.0.0.1:62382/logs?level=debug, NSLocalizedDescription=无法连接服务器。, NSErrorFailingURLKey=http://127.0.0.1:62382/logs?level=debug}
[2026-08-11 13:03:20.020] [NOTICE] [com.apple.UIKit/EventDispatch] Evaluating dispatch of UIEvent: 0x122458d20; type: 0; subtype: 0; backing type: 11; shouldSend: 1; ignoreInteractionEvents: 0, systemGestureStateChange: 0
[2026-08-11 13:03:20.020] [NOTICE] [com.apple.UIKit/EventDispatch] Sending UIEvent type: 0; subtype: 0; to windows: 1
[2026-08-11 13:03:20.020] [NOTICE] [com.apple.UIKit/EventDispatch] Sending UIEvent type: 0; subtype: 0; to window: <UIWindow: 0x1053bfc10>; contextId: 0xE343F99A
[2026-08-11 13:03:20.028] [NOTICE] [com.apple.UIKit/EventDispatch] Evaluating dispatch of UIEvent: 0x122458d20; type: 0; subtype: 0; backing type: 11; shouldSend: 0; ignoreInteractionEvents: 0, systemGestureStateChange: 0
[2026-08-11 13:03:20.028] [INFO] [com.apple.Accessibility/AXRuntimeNotifications] Attempting to send notification:  (1044) <private>
[2026-08-11 13:03:20.029] [INFO] [com.apple.Accessibility/AXRuntimeNotifications] Did post notification. notification:  (1044) error:0 data:<private>
[2026-08-11 13:03:20.037] [INFO] [com.apple.Accessibility/AXRuntimeNotifications] Attempting to send notification:  (1044) <private>
[2026-08-11 13:03:20.037] [INFO] [com.apple.Accessibility/AXRuntimeNotifications] Did post notification. notification:  (1044) error:0 data:<private>
[2026-08-11 13:03:20.053] [INFO] [com.apple.Accessibility/AXRuntimeNotifications] Attempting to send notification:  (1044) <private>
[2026-08-11 13:03:20.054] [INFO] [com.apple.Accessibility/AXRuntimeNotifications] Did post notification. notification:  (1044) error:0 data:<private>
[2026-08-11 13:03:20.070] [INFO] [com.apple.Accessibility/AXRuntimeNotifications] Attempting to send notification:  (1044) <private>
[2026-08-11 13:03:20.071] [INFO] [com.apple.Accessibility/AXRuntimeNotifications] Did post notification. notification:  (1044) error:0 data:<private>
[2026-08-11 13:03:20.087] [INFO] [com.apple.Accessibility/AXRuntimeNotifications] Attempting to send notification:  (1044) <private>
[2026-08-11 13:03:20.088] [INFO] [com.apple.Accessibility/AXRuntimeNotifications] Did post notification. notification:  (1044) error:0 data:<private>
[2026-08-11 13:03:20.103] [INFO] [com.apple.Accessibility/AXRuntimeNotifications] Attempting to send notification:  (1044) <private>
[2026-08-11 13:03:20.104] [INFO] [com.apple.Accessibility/AXRuntimeNotifications] Did post notification. notification:  (1044) error:0 data:<private>
[2026-08-11 13:03:20.120] [INFO] [com.apple.Accessibility/AXRuntimeNotifications] Attempting to send notification:  (1044) <private>
[2026-08-11 13:03:20.121] [INFO] [com.apple.Accessibility/AXRuntimeNotifications] Did post notification. notification:  (1044) error:0 data:<private>
[2026-08-11 13:03:20.137] [INFO] [com.apple.Accessibility/AXRuntimeNotifications] Attempting to send notification:  (1044) <private>
[2026-08-11 13:03:20.137] [INFO] [com.apple.Accessibility/AXRuntimeNotifications] Did post notification. notification:  (1044) error:0 data:<private>
[2026-08-11 13:03:20.153] [INFO] [com.apple.Accessibility/AXRuntimeNotifications] Attempting to send notification:  (1044) <private>
[2026-08-11 13:03:20.154] [INFO] [com.apple.Accessibility/AXRuntimeNotifications] Did post notification. notification:  (1044) error:0 data:<private>
[2026-08-11 13:03:20.170] [INFO] [com.apple.Accessibility/AXRuntimeNotifications] Attempting to send notification:  (1044) <private>
[2026-08-11 13:03:20.171] [INFO] [com.apple.Accessibility/AXRuntimeNotifications] Did post notification. notification:  (1044) error:0 data:<private>
[2026-08-11 13:03:20.191] [INFO] [com.apple.Accessibility/AXRuntimeNotifications] Attempting to send notification:  (1044) <private>
[2026-08-11 13:03:20.192] [INFO] [com.apple.Accessibility/AXRuntimeNotifications] Did post notification. notification:  (1044) error:0 data:<private>
[2026-08-11 13:03:20.208] [INFO] [com.apple.Accessibility/AXRuntimeNotifications] Attempting to send notification:  (1044) <private>
[2026-08-11 13:03:20.209] [INFO] [com.apple.Accessibility/AXRuntimeNotifications] Did post notification. notification:  (1044) error:0 data:<private>
[2026-08-11 13:03:20.224] [INFO] [com.apple.Accessibility/AXRuntimeNotifications] Attempting to send notification:  (1044) <private>
[2026-08-11 13:03:20.226] [INFO] [com.apple.Accessibility/AXRuntimeNotifications] Did post notification. notification:  (1044) error:0 data:<private>
[2026-08-11 13:03:20.241] [INFO] [com.apple.Accessibility/AXRuntimeNotifications] Attempting to send notification:  (1044) <private>
[2026-08-11 13:03:20.242] [INFO] [com.apple.Accessibility/AXRuntimeNotifications] Did post notification. notification:  (1044) error:0 data:<private>
[2026-08-11 13:03:20.262] [INFO] [com.apple.Accessibility/AXRuntimeNotifications] Attempting to send notification:  (1044) <private>
[2026-08-11 13:03:20.263] [INFO] [com.apple.Accessibility/AXRuntimeNotifications] Did post notification. notification:  (1044) error:0 data:<private>
[2026-08-11 13:03:20.283] [INFO] [com.apple.Accessibility/AXRuntimeNotifications] Attempting to send notification:  (1044) <private>
[2026-08-11 13:03:20.284] [INFO] [com.apple.Accessibility/AXRuntimeNotifications] Did post notification. notification:  (1044) error:0 data:<private>
[2026-08-11 13:03:20.299] [INFO] [com.apple.Accessibility/AXRuntimeNotifications] Attempting to send notification:  (1044) <private>
[2026-08-11 13:03:20.301] [INFO] [com.apple.Accessibility/AXRuntimeNotifications] Did post notification. notification:  (1044) error:0 data:<private>
[2026-08-11 13:03:20.320] [INFO] [com.apple.Accessibility/AXRuntimeNotifications] Attempting to send notification:  (1044) <private>
[2026-08-11 13:03:20.321] [INFO] [com.apple.Accessibility/AXRuntimeNotifications] Did post notification. notification:  (1044) error:0 data:<private>
[2026-08-11 13:03:20.358] [INFO] [com.apple.Accessibility/AXRuntimeNotifications] Attempting to send notification:  (1044) <private>
[2026-08-11 13:03:20.359] [INFO] [com.apple.Accessibility/AXRuntimeNotifications] Did post notification. notification:  (1044) error:0 data:<private>
[2026-08-11 13:03:20.374] [INFO] [com.apple.Accessibility/AXRuntimeNotifications] Attempting to send notification:  (1044) <private>
[2026-08-11 13:03:20.376] [INFO] [com.apple.Accessibility/AXRuntimeNotifications] Did post notification. notification:  (1044) error:0 data:<private>
[2026-08-11 13:03:20.395] [INFO] [com.apple.Accessibility/AXRuntimeNotifications] Attempting to send notification:  (1044) <private>
[2026-08-11 13:03:20.397] [INFO] [com.apple.Accessibility/AXRuntimeNotifications] Did post notification. notification:  (1044) error:0 data:<private>
[2026-08-11 13:03:20.433] [INFO] [com.apple.Accessibility/AXRuntimeNotifications] Attempting to send notification:  (1044) <private>
[2026-08-11 13:03:20.434] [INFO] [com.apple.Accessibility/AXRuntimeNotifications] Did post notification. notification:  (1044) error:0 data:<private>
[2026-08-11 13:03:20.491] [INFO] [com.apple.Accessibility/AXRuntimeNotifications] Attempting to send notification:  (1044) <private>
[2026-08-11 13:03:20.491] [INFO] [com.apple.Accessibility/AXRuntimeNotifications] Attempting to send notification:  (1044) <private>
[2026-08-11 13:03:20.492] [NOTICE] [com.apple.UIKit/UIPointerArbiter] Ignoring endScrollingWithRegion: <UIPointerRegion: 0x122658dc0; rect = (0 0; 390 726); identifier = UIScrollView.scrollingPointerRegion> because scrollingRegion does not match: (null)
[2026-08-11 13:03:20.492] [INFO] [com.apple.Accessibility/AXRuntimeNotifications] Attempting to send notification:  (1069) <private>
[2026-08-11 13:03:20.494] [INFO] [com.apple.Accessibility/AXRuntimeNotifications] Did post notification. notification:  (1044) error:0 data:<private>
[2026-08-11 13:03:20.494] [INFO] [com.apple.Accessibility/AXRuntimeNotifications] Did post notification. notification:  (1069) error:0 data:<private>
[2026-08-11 13:03:20.603] [NOTICE] [com.apple.KeyboardArbiter/Client] TX focusApplication (peekAppEvent) stealKB:Y scene:ssadtyer.top-default
[2026-08-11 13:03:20.603] [NOTICE] [com.apple.UIKit/EventDispatch] Evaluating dispatch of UIEvent: 0x122458d20; type: 0; subtype: 0; backing type: 11; shouldSend: 1; ignoreInteractionEvents: 0, systemGestureStateChange: 0
[2026-08-11 13:03:20.603] [NOTICE] [com.apple.UIKit/EventDispatch] Sending UIEvent type: 0; subtype: 0; to windows: 1
[2026-08-11 13:03:20.603] [NOTICE] [com.apple.UIKit/EventDispatch] Sending UIEvent type: 0; subtype: 0; to window: <UIWindow: 0x1053bfc10>; contextId: 0xE343F99A
[2026-08-11 13:03:20.616] [NOTICE] [com.apple.UIKit/EventDispatch] Evaluating dispatch of UIEvent: 0x122458d20; type: 0; subtype: 0; backing type: 11; shouldSend: 0; ignoreInteractionEvents: 0, systemGestureStateChange: 0
[2026-08-11 13:03:20.666] [NOTICE] [com.apple.UIKit/EventDispatch] Evaluating dispatch of UIEvent: 0x122458d20; type: 0; subtype: 0; backing type: 11; shouldSend: 0; ignoreInteractionEvents: 0, systemGestureStateChange: 1
[2026-08-11 13:03:20.682] [NOTICE] [com.apple.UIKit/EventDispatch] Evaluating dispatch of UIEvent: 0x122458d20; type: 0; subtype: 0; backing type: 11; shouldSend: 1; ignoreInteractionEvents: 0, systemGestureStateChange: 0
[2026-08-11 13:03:20.682] [NOTICE] [com.apple.UIKit/EventDispatch] Sending UIEvent type: 0; subtype: 0; to windows: 1
[2026-08-11 13:03:20.682] [NOTICE] [com.apple.UIKit/EventDispatch] Sending UIEvent type: 0; subtype: 0; to window: <UIWindow: 0x1053bfc10>; contextId: 0xE343F99A
[2026-08-11 13:03:20.699] [NOTICE] [com.apple.xpc/connection] [0x108e3a800] activating connection: mach=false listener=false peer=false name=com.apple.OSLogService
[2026-08-11 13:03:20.709] [NOTICE] [com.apple.UIKit/_UIVisualStyleRegistry] Note: no default visual style class registered as fallback for stylable class UIActivityIndicatorView
[2026-08-11 13:03:20.709] [NOTICE] [com.apple.UIKit/_UIVisualStyleRegistry] Note: no default visual style class registered as fallback for stylable class UIActivityIndicatorView
[2026-08-11 13:03:20.967] [NOTICE] [com.apple.CFNetwork/Default] Task <6542A7C6-86F0-4056-96BC-42FB3D4F5BA5>.<37> resuming, timeouts(60.0, 604800.0) qos(0x19) voucher((null)) activity(00000000-0000-0000-0000-000000000000)
[2026-08-11 13:03:20.969] [INFO] [com.apple.network/connection] nw_connection_create_with_id [C37] create connection to 127.0.0.1:62382
[2026-08-11 13:03:20.969] [NOTICE] [com.apple.CFNetwork/Default] Connection 37: starting, TC(0x0)
[2026-08-11 13:03:20.969] [NOTICE] [com.apple.network/connection] [C37 4E8B1817-61F9-4136-93E2-DA3EBAE019C3 127.0.0.1:62382 tcp, url hash: 9f979fd0, definite, attribution: developer, context: com.apple.CFNetwork.NSURLSession.{D2D28DEA-298B-40DD-8393-B780ACD710F2}{(null)}{Y}{2}{0x0} (private), proc: 4E751277-8DF9-3937-8837-5559A42409CF] start
[2026-08-11 13:03:20.969] [INFO] [com.apple.network/connection] nw_endpoint_handler_start [C37 127.0.0.1:62382 initial parent-flow ((null))]
[2026-08-11 13:03:20.969] [NOTICE] [com.apple.network/connection] [C37 127.0.0.1:62382 initial parent-flow ((null))] event: path:start @0.000s
[2026-08-11 13:03:20.969] [INFO] [com.apple.network/] nw_path_necp_check_for_updates Trying to copy result again for 48 flows (max)
[2026-08-11 13:03:20.969] [ERROR] [com.apple.network/] nw_path_necp_check_for_updates Failed to copy updated result (22)
[2026-08-11 13:03:20.969] [NOTICE] [com.apple.network/connection] [C37 127.0.0.1:62382 waiting parent-flow (satisfied (Path is satisfied), viable, interface: lo0)] event: path:satisfied @0.000s, uuid: 3FD36AE6-84FD-4071-9700-29DAF0DF38FD
[2026-08-11 13:03:20.969] [INFO] [com.apple.network/connection] nw_connection_endpoint_report_on_nw_queue_block_invoke [C37 127.0.0.1:62382 waiting parent-flow (satisfied (Path is satisfied), viable, interface: lo0)] skipping state update
[2026-08-11 13:03:20.969] [INFO] [com.apple.network/connection] nw_endpoint_flow_setup_protocols [C37 127.0.0.1:62382 in_progress socket-flow (satisfied (Path is satisfied), viable, interface: lo0)] setup flow id 100FC3F4-05B5-4D21-BB2D-E2C5FCEC0B0C
[2026-08-11 13:03:20.970] [NOTICE] [com.apple.network/connection] [C37 127.0.0.1:62382 in_progress socket-flow (satisfied (Path is satisfied), viable, interface: lo0)] event: flow:start_connect @0.000s
[2026-08-11 13:03:20.970] [NOTICE] [com.apple.network/connection] nw_connection_report_state_with_handler_on_nw_queue [C37] reporting state preparing
[2026-08-11 13:03:20.970] [NOTICE] [com.apple.CFNetwork/Default] Task <6542A7C6-86F0-4056-96BC-42FB3D4F5BA5>.<37> setting up Connection 37
[2026-08-11 13:03:20.970] [NOTICE] [com.apple.network/connection] nw_socket_handle_socket_event [C37:2] Socket received CONNRESET event
[2026-08-11 13:03:20.970] [NOTICE] [com.apple.network/connection] nw_socket_handle_socket_event [C37:2] Socket received DISCONNECTED event
[2026-08-11 13:03:20.970] [ERROR] [com.apple.network/connection] nw_socket_handle_socket_event <private> Socket SO_ERROR [61: Connection refused]
[2026-08-11 13:03:20.970] [INFO] [com.apple.network/connection] nw_flow_error [C37 127.0.0.1:62382 in_progress socket-flow (satisfied (Path is satisfied), viable, interface: lo0)] Output protocol (socket) sent error: Connection refused
[2026-08-11 13:03:20.970] [ERROR] [com.apple.network/connection] nw_protocol_socket_set_no_wake_from_sleep <private> setsockopt SO_NOWAKEFROMSLEEP failed [22: Invalid argument]
[2026-08-11 13:03:20.970] [ERROR] [com.apple.network/] nw_protocol_socket_set_no_wake_from_sleep setsockopt SO_NOWAKEFROMSLEEP failed [22: Invalid argument]
[2026-08-11 13:03:20.970] [NOTICE] [com.apple.network/connection] nw_flow_disconnected [C37 127.0.0.1:62382 in_progress socket-flow (satisfied (Path is satisfied), viable, interface: lo0)] Output protocol disconnected
[2026-08-11 13:03:20.970] [ERROR] [com.apple.network/connection] nw_endpoint_flow_failed_with_error [C37 127.0.0.1:62382 in_progress socket-flow (satisfied (Path is satisfied), viable, interface: lo0)] already failing, returning
[2026-08-11 13:03:20.971] [NOTICE] [com.apple.network/connection] [C37 127.0.0.1:62382 failed socket-flow (satisfied (Path is satisfied), viable, interface: lo0)] event: flow:failed_connect @0.001s, error Connection refused
[2026-08-11 13:03:20.971] [INFO] [com.apple.network/connection] nw_connection_report_symptom_on_nw_queue [C37] reported Connection failed after setup symptom
[2026-08-11 13:03:20.971] [NOTICE] [com.apple.network/connection] nw_connection_report_state_with_handler_on_nw_queue [C37] reporting state failed error Connection refused
[2026-08-11 13:03:20.971] [ERROR] [com.apple.CFNetwork/Default] Connection 37: received failure notification
[2026-08-11 13:03:20.971] [ERROR] [com.apple.CFNetwork/Default] Connection 37: failed to connect 1:61, reason -1
[2026-08-11 13:03:20.971] [ERROR] [com.apple.CFNetwork/Default] Connection 37: encountered error(1:61)
[2026-08-11 13:03:20.971] [NOTICE] [com.apple.CFNetwork/Default] Connection 37: cleaning up
[2026-08-11 13:03:20.971] [NOTICE] [com.apple.CFNetwork/Summary] Connection 37: summary for unused connection {protocol="(null)", domain_lookup_duration_ms=0, connect_duration_ms=0, secure_connection_duration_ms=0, private_relay=false, idle_duration_ms=0}
[2026-08-11 13:03:20.971] [NOTICE] [com.apple.network/connection] [C37 4E8B1817-61F9-4136-93E2-DA3EBAE019C3 127.0.0.1:62382 tcp, url hash: 9f979fd0, definite, attribution: developer] cancel
[2026-08-11 13:03:20.971] [INFO] [com.apple.network/connection] nw_connection_uses_multipath_block_invoke [C37]  has no connected handler
[2026-08-11 13:03:20.971] [ERROR] [com.apple.network/connection] nw_connection_copy_connected_local_endpoint_block_invoke [C37] Client called nw_connection_copy_connected_local_endpoint on unconnected nw_connection
[2026-08-11 13:03:20.971] [ERROR] [com.apple.network/connection] nw_connection_copy_connected_remote_endpoint_block_invoke [C37] Client called nw_connection_copy_connected_remote_endpoint on unconnected nw_connection
[2026-08-11 13:03:20.971] [NOTICE] [com.apple.network/connection] [C37 4E8B1817-61F9-4136-93E2-DA3EBAE019C3 127.0.0.1:62382 tcp, url hash: 9f979fd0, definite, attribution: developer] cancelled
	[C37 3FD36AE6-84FD-4071-9700-29DAF0DF38FD <NULL><-><NULL>]
	Connected Path: (null)
	Privacy Stance: Not Eligible
	Duration: 0.001s, TCP @0.000s took 0.000s
[2026-08-11 13:03:20.971] [INFO] [com.apple.network/connection] nw_endpoint_handler_cancel [C37 127.0.0.1:62382 failed socket-flow (satisfied (Path is satisfied), viable, interface: lo0)]
[2026-08-11 13:03:20.971] [INFO] [com.apple.network/connection] nw_association_schedule_deactivation <nw_association 127.0.0.1:62382> will become dormant after 10000ms of inactivity
[2026-08-11 13:03:20.971] [NOTICE] [com.apple.network/connection] nw_connection_report_state_with_handler_on_nw_queue [C37] reporting state cancelled error Connection refused
[2026-08-11 13:03:20.971] [NOTICE] [com.apple.CFNetwork/Default] Task <6542A7C6-86F0-4056-96BC-42FB3D4F5BA5>.<37> can retry(N) with reason(2) for error [1:61]
[2026-08-11 13:03:20.971] [INFO] [com.apple.network/connection] [C37 127.0.0.1:62382 tcp, url hash: 9f979fd0, definite, attribution: developer] dealloc
[2026-08-11 13:03:20.971] [ERROR] [com.apple.CFNetwork/Default] Task <6542A7C6-86F0-4056-96BC-42FB3D4F5BA5>.<37> HTTP load failed, 0/0 bytes (error code: -1004 [1:61])
[2026-08-11 13:03:20.971] [NOTICE] [com.apple.CFNetwork/Summary] Task <6542A7C6-86F0-4056-96BC-42FB3D4F5BA5>.<37> summary for task failure {transaction_duration_ms=4, response_status=-1, connection=37, reused=1, reused_after_ms=0, request_start_ms=0, request_duration_ms=0, response_start_ms=0, response_duration_ms=0, request_bytes=0, request_throughput_kbps=0, response_bytes=0, response_throughput_kbps=0, cache_hit=false}
[2026-08-11 13:03:20.971] [ERROR] [com.apple.CFNetwork/Default] Task <6542A7C6-86F0-4056-96BC-42FB3D4F5BA5>.<37> finished with error [-1004] Error Domain=NSURLErrorDomain Code=-1004 UserInfo={NSErrorFailingURLStringKey=<private>, NSErrorFailingURLKey=<private>, _NSURLErrorRelatedURLSessionTaskErrorKey=<private>, _NSURLErrorFailingURLSessionTaskErrorKey=<private>, NSLocalizedDescription=<private>}
[2026-08-11 13:03:20.972] [ERROR] [com.tangzixiang.meow.app/meow-api] WS /logs reconnecting in 1s: Error Domain=NSURLErrorDomain Code=-1004 "无法连接服务器。" UserInfo={NSErrorFailingURLStringKey=http://127.0.0.1:62382/logs?level=debug, NSLocalizedDescription=无法连接服务器。, NSErrorFailingURLKey=http://127.0.0.1:62382/logs?level=debug}

===== Packet Tunnel + engine — meow-tunnel.log =====
1-v4-az2-01.rtcxyz.com
2026-08-11T04:47:17.527106Z DEBUG meow_tunnel::tunnel: pre_handle_metadata: fake-ip 28.0.0.149 → signal-t1-v4-az2-01.rtcxyz.com
2026-08-11T04:47:17.527252Z DEBUG meow_tunnel::tunnel: pre_handle_metadata: fake-ip 28.0.0.149 → signal-t1-v4-az2-01.rtcxyz.com
2026-08-11T04:47:17.527562Z DEBUG meow_listener::socks5_udp: SOCKS5 UDP ASSOCIATE from 127.0.0.1:60779: relay bound on 127.0.0.1:55662
2026-08-11T04:47:17.527695Z DEBUG meow_listener::socks5_udp: SOCKS5 UDP ASSOCIATE from 127.0.0.1:60780: relay bound on 127.0.0.1:61576
2026-08-11T04:47:17.527986Z DEBUG meow_listener::socks5_udp: SOCKS5 UDP ASSOCIATE from 127.0.0.1:60781: relay bound on 127.0.0.1:52738
2026-08-11T04:47:18.974428Z DEBUG meow_tunnel::tunnel: pre_handle_metadata: fake-ip 28.0.0.149 → signal-t1-v4-az2-01.rtcxyz.com
2026-08-11T04:47:18.974559Z DEBUG meow_tunnel::tunnel: pre_handle_metadata: fake-ip 28.0.0.149 → signal-t1-v4-az2-01.rtcxyz.com
2026-08-11T04:47:18.974678Z DEBUG meow_tunnel::tunnel: pre_handle_metadata: fake-ip 28.0.0.149 → signal-t1-v4-az2-01.rtcxyz.com
2026-08-11T04:47:19.788789Z DEBUG meow_listener::socks5: SOCKS5 relay closed: up=517 down=0
2026-08-11T04:47:20.983157Z DEBUG meow_tunnel::tunnel: pre_handle_metadata: fake-ip 28.0.0.149 → signal-t1-v4-az2-01.rtcxyz.com
2026-08-11T04:47:20.983683Z DEBUG meow_tunnel::tunnel: pre_handle_metadata: fake-ip 28.0.2.181 → signal-t1-v6-az2-01.rtcxyz.com
2026-08-11T04:47:20.984975Z DEBUG meow_tunnel::tunnel: pre_handle_metadata: fake-ip 28.0.0.149 → signal-t1-v4-az2-01.rtcxyz.com
2026-08-11T04:47:20.985527Z DEBUG meow_tunnel::tunnel: pre_handle_metadata: fake-ip 28.0.0.149 → signal-t1-v4-az2-01.rtcxyz.com
2026-08-11T04:47:21.170769Z  INFO meow_ios_ffi::tun2socks: UDP reply reader idle (both directions) > 60s for (172.19.0.1:65062, 28.0.0.149:9681); evicting session
2026-08-11T04:47:21.171213Z DEBUG meow_listener::socks5_udp: SOCKS5 UDP ASSOCIATE from 127.0.0.1:60341 closed; tearing down 1 sessions
2026-08-11T04:47:21.586791Z  INFO meow_ios_ffi::tun2socks: UDP reply reader idle (both directions) > 60s for (172.19.0.1:61757, 28.0.0.199:443); evicting session
2026-08-11T04:47:21.587128Z DEBUG meow_listener::socks5_udp: SOCKS5 UDP ASSOCIATE from 127.0.0.1:59506 closed; tearing down 2 sessions
2026-08-11T04:47:21.829559Z  INFO meow_ios_ffi::tun2socks: UDP reply reader idle (both directions) > 60s for (172.19.0.1:54693, 28.0.0.199:443); evicting session
2026-08-11T04:47:21.829898Z DEBUG meow_listener::socks5_udp: SOCKS5 UDP ASSOCIATE from 127.0.0.1:60347 closed; tearing down 1 sessions
2026-08-11T04:47:21.854870Z  INFO meow_ios_ffi::tun2socks: UDP reply reader idle (both directions) > 60s for (172.19.0.1:54693, 28.0.0.199:443); evicting session
2026-08-11T04:47:21.855185Z DEBUG meow_listener::socks5_udp: SOCKS5 UDP ASSOCIATE from 127.0.0.1:60349 closed; tearing down 1 sessions
2026-08-11T04:47:21.993659Z DEBUG meow_dns::server: DNS query: signal-t1-v6-az2-01.rtcxyz.com type=1
2026-08-11T04:47:21.995643Z DEBUG meow_dns::server: DNS query: is.snssdk.com type=1
2026-08-11T04:47:21.997106Z DEBUG meow_listener::sniffer: sniffer: 127.0.0.1:60783 --> 28.0.3.204:443 (tcp) → mssdk3-normal-hj.zijieapi.com
2026-08-11T04:47:21.997127Z DEBUG meow_listener::socks5: SOCKS5 CONNECT to 28.0.3.204:443
2026-08-11T04:47:21.997147Z DEBUG meow_tunnel::tunnel: pre_handle_metadata: fake-ip 28.0.3.204 → mssdk3-normal-hj.zijieapi.com
2026-08-11T04:47:21.997177Z  INFO meow_listener::socks5: 127.0.0.1:60783 --> mssdk3-normal-hj.zijieapi.com:443 match RULE-SET(reject-domain) using Block
2026-08-11T04:47:21.997244Z DEBUG meow_listener::socks5: SOCKS5 CONNECT to 28.0.2.162:80
2026-08-11T04:47:21.997255Z DEBUG meow_tunnel::tunnel: pre_handle_metadata: fake-ip 28.0.2.162 → is.snssdk.com
2026-08-11T04:47:21.997270Z  INFO meow_listener::socks5: 127.0.0.1:60785 --> is.snssdk.com:80 match RULE-SET(reject-domain) using Block
2026-08-11T04:47:22.095066Z DEBUG meow_tunnel::tunnel: pre_handle_metadata: fake-ip 28.0.0.199 → webcast5-normal-lf.amemv.com
2026-08-11T04:47:22.095135Z DEBUG meow_dns::resolver: DNS lookup: webcast5-normal-lf.amemv.com
2026-08-11T04:47:22.181210Z DEBUG meow_tunnel::tunnel: pre_handle_metadata: fake-ip 28.0.0.199 → webcast5-normal-lf.amemv.com
2026-08-11T04:47:22.499649Z DEBUG meow_tunnel::tunnel: pre_handle_metadata: fake-ip 28.0.0.149 → signal-t1-v4-az2-01.rtcxyz.com
2026-08-11T04:47:22.502263Z  WARN meow_ios_ffi::tun2socks: UDP first-reply deadline exceeded for (172.19.0.1:8774, 36.161.24.122:31396) after 10000 ms; evicting session
2026-08-11T04:47:22.502552Z  WARN meow_ios_ffi::tun2socks: UDP first-reply deadline exceeded for (172.19.0.1:8774, 117.140.21.129:11146) after 10000 ms; evicting session
2026-08-11T04:47:22.503111Z  WARN meow_ios_ffi::tun2socks: UDP first-reply deadline exceeded for (172.19.0.1:8774, 120.207.155.132:1970) after 10000 ms; evicting session
2026-08-11T04:47:22.505043Z DEBUG meow_listener::socks5_udp: SOCKS5 UDP ASSOCIATE from 127.0.0.1:60763 closed; tearing down 1 sessions
2026-08-11T04:47:22.505365Z DEBUG meow_listener::socks5: SOCKS5 relay closed: up=1781 down=270454
2026-08-11T04:47:22.505885Z DEBUG meow_listener::socks5_udp: SOCKS5 UDP ASSOCIATE from 127.0.0.1:60764 closed; tearing down 1 sessions
2026-08-11T04:47:22.506061Z DEBUG meow_listener::socks5_udp: SOCKS5 UDP ASSOCIATE from 127.0.0.1:60765 closed; tearing down 1 sessions
2026-08-11T04:47:22.526826Z DEBUG meow_listener::socks5: SOCKS5 relay closed: up=9382 down=4453197
2026-08-11T04:47:22.596783Z DEBUG meow_tunnel::tunnel: pre_handle_metadata: fake-ip 28.0.0.149 → signal-t1-v4-az2-01.rtcxyz.com
2026-08-11T04:47:22.597528Z DEBUG meow_tunnel::tunnel: pre_handle_metadata: fake-ip 28.0.0.149 → signal-t1-v4-az2-01.rtcxyz.com
2026-08-11T04:47:22.597737Z DEBUG meow_listener::socks5_udp: SOCKS5 UDP ASSOCIATE from 127.0.0.1:60790: relay bound on 127.0.0.1:55675
2026-08-11T04:47:22.598097Z DEBUG meow_tunnel::tunnel: pre_handle_metadata: fake-ip 28.0.0.149 → signal-t1-v4-az2-01.rtcxyz.com
2026-08-11T04:47:22.598461Z DEBUG meow_listener::socks5_udp: SOCKS5 UDP ASSOCIATE from 127.0.0.1:60791: relay bound on 127.0.0.1:60639
2026-08-11T04:47:22.598750Z DEBUG meow_listener::socks5_udp: SOCKS5 UDP ASSOCIATE from 127.0.0.1:60792: relay bound on 127.0.0.1:51260
2026-08-11T04:47:22.684388Z DEBUG meow_listener::socks5_udp: SOCKS5 UDP ASSOCIATE from 127.0.0.1:60793: relay bound on 127.0.0.1:56290
2026-08-11T04:47:23.004321Z DEBUG meow_tunnel::tunnel: pre_handle_metadata: fake-ip 28.0.0.149 → signal-t1-v4-az2-01.rtcxyz.com
2026-08-11T04:47:23.038642Z DEBUG meow_listener::socks5_udp: SOCKS5 UDP ASSOCIATE from 127.0.0.1:60794: relay bound on 127.0.0.1:64214
2026-08-11T04:47:23.038902Z DEBUG meow_tunnel::tunnel: pre_handle_metadata: fake-ip 28.0.0.149 → signal-t1-v4-az2-01.rtcxyz.com
2026-08-11T04:47:24.007469Z DEBUG meow_tunnel::tunnel: pre_handle_metadata: fake-ip 28.0.0.149 → signal-t1-v4-az2-01.rtcxyz.com
2026-08-11T04:47:24.008023Z DEBUG meow_tunnel::tunnel: pre_handle_metadata: fake-ip 28.0.0.149 → signal-t1-v4-az2-01.rtcxyz.com
2026-08-11T04:47:24.009800Z DEBUG meow_tunnel::tunnel: pre_handle_metadata: fake-ip 28.0.0.149 → signal-t1-v4-az2-01.rtcxyz.com
2026-08-11T04:47:25.440050Z  INFO meow_ios_ffi::tun2socks: UDP reply reader idle (both directions) > 60s for (172.19.0.1:64012, 28.0.4.99:443); evicting session
2026-08-11T04:47:25.440727Z DEBUG meow_listener::socks5_udp: SOCKS5 UDP ASSOCIATE from 127.0.0.1:59982 closed; tearing down 2 sessions
2026-08-11T04:47:25.758407Z DEBUG meow_listener::socks5: SOCKS5 relay closed: up=517 down=0
2026-08-11T04:47:26.021814Z DEBUG meow_tunnel::tunnel: pre_handle_metadata: fake-ip 28.0.0.149 → signal-t1-v4-az2-01.rtcxyz.com
2026-08-11T04:47:26.022839Z DEBUG meow_tunnel::tunnel: pre_handle_metadata: fake-ip 28.0.2.181 → signal-t1-v6-az2-01.rtcxyz.com
2026-08-11T04:47:26.023261Z DEBUG meow_tunnel::tunnel: pre_handle_metadata: fake-ip 28.0.0.149 → signal-t1-v4-az2-01.rtcxyz.com
2026-08-11T04:47:26.024425Z DEBUG meow_tunnel::tunnel: pre_handle_metadata: fake-ip 28.0.0.149 → signal-t1-v4-az2-01.rtcxyz.com
2026-08-11T04:47:26.025297Z DEBUG meow_tunnel::tunnel: pre_handle_metadata: fake-ip 28.0.0.149 → signal-t1-v4-az2-01.rtcxyz.com
2026-08-11T04:47:26.528362Z DEBUG meow_tunnel::tunnel: pre_handle_metadata: fake-ip 28.0.0.149 → signal-t1-v4-az2-01.rtcxyz.com
2026-08-11T04:47:26.598748Z DEBUG meow_listener::socks5: SOCKS5 relay closed: up=268 down=0
2026-08-11T04:47:26.602694Z DEBUG meow_tunnel::tunnel: pre_handle_metadata: fake-ip 28.0.4.110 → webcast5-normal-hl.amemv.com
2026-08-11T04:47:26.602747Z DEBUG meow_dns::resolver: DNS lookup: webcast5-normal-hl.amemv.com
2026-08-11T04:47:26.966031Z DEBUG meow_listener::socks5: SOCKS5 relay closed: up=517 down=0
2026-08-11T04:47:27.083392Z  INFO meow_ios_ffi::tun2socks: UDP reply reader idle (both directions) > 60s for (172.19.0.1:59325, 28.0.4.98:443); evicting session
2026-08-11T04:47:27.083839Z DEBUG meow_listener::socks5_udp: SOCKS5 UDP ASSOCIATE from 127.0.0.1:59977 closed; tearing down 2 sessions
2026-08-11T04:47:27.377042Z DEBUG meow_listener::socks5: SOCKS5 relay closed: up=1837 down=17042
2026-08-11T04:47:27.382264Z DEBUG meow_listener::sniffer: sniffer: 127.0.0.1:60800 --> 28.0.3.204:443 (tcp) → mssdk3-normal-hj.zijieapi.com
2026-08-11T04:47:27.382306Z DEBUG meow_listener::socks5: SOCKS5 CONNECT to 28.0.3.204:443
2026-08-11T04:47:27.382338Z DEBUG meow_tunnel::tunnel: pre_handle_metadata: fake-ip 28.0.3.204 → mssdk3-normal-hj.zijieapi.com
2026-08-11T04:47:27.382404Z  INFO meow_listener::socks5: 127.0.0.1:60800 --> mssdk3-normal-hj.zijieapi.com:443 match RULE-SET(reject-domain) using Block
2026-08-11T04:47:27.529308Z  WARN meow_ios_ffi::tun2socks: UDP first-reply deadline exceeded for (172.19.0.1:8774, 183.197.170.189:35205) after 10000 ms; evicting session
2026-08-11T04:47:27.529379Z  WARN meow_ios_ffi::tun2socks: UDP first-reply deadline exceeded for (172.19.0.1:8774, 117.181.99.182:3775) after 10000 ms; evicting session
2026-08-11T04:47:27.529680Z DEBUG meow_listener::socks5_udp: SOCKS5 UDP ASSOCIATE from 127.0.0.1:60780 closed; tearing down 1 sessions
2026-08-11T04:47:27.530114Z DEBUG meow_listener::socks5_udp: SOCKS5 UDP ASSOCIATE from 127.0.0.1:60779 closed; tearing down 1 sessions
2026-08-11T04:47:27.537577Z DEBUG meow_tunnel::tunnel: pre_handle_metadata: fake-ip 28.0.0.149 → signal-t1-v4-az2-01.rtcxyz.com
2026-08-11T04:47:27.633747Z DEBUG meow_tunnel::tunnel: pre_handle_metadata: fake-ip 28.0.0.149 → signal-t1-v4-az2-01.rtcxyz.com
2026-08-11T04:47:27.634211Z DEBUG meow_tunnel::tunnel: pre_handle_metadata: fake-ip 28.0.0.149 → signal-t1-v4-az2-01.rtcxyz.com
2026-08-11T04:47:27.634548Z DEBUG meow_listener::socks5_udp: SOCKS5 UDP ASSOCIATE from 127.0.0.1:60801: relay bound on 127.0.0.1:54849
2026-08-11T04:47:27.635723Z DEBUG meow_listener::socks5_udp: SOCKS5 UDP ASSOCIATE from 127.0.0.1:60802: relay bound on 127.0.0.1:60383
2026-08-11T04:47:27.803417Z DEBUG meow_listener::socks5_udp: SOCKS5 UDP ASSOCIATE from 127.0.0.1:60803: relay bound on 127.0.0.1:60959
2026-08-11T04:47:29.045512Z DEBUG meow_tunnel::tunnel: pre_handle_metadata: fake-ip 28.0.0.149 → signal-t1-v4-az2-01.rtcxyz.com
2026-08-11T04:47:29.045897Z DEBUG meow_tunnel::tunnel: pre_handle_metadata: fake-ip 28.0.0.149 → signal-t1-v4-az2-01.rtcxyz.com
2026-08-11T04:47:29.046257Z DEBUG meow_tunnel::tunnel: pre_handle_metadata: fake-ip 28.0.0.149 → signal-t1-v4-az2-01.rtcxyz.com
2026-08-11T04:47:31.056983Z DEBUG meow_tunnel::tunnel: pre_handle_metadata: fake-ip 28.0.0.149 → signal-t1-v4-az2-01.rtcxyz.com
2026-08-11T04:47:31.056991Z DEBUG meow_tunnel::tunnel: pre_handle_metadata: fake-ip 28.0.2.181 → signal-t1-v6-az2-01.rtcxyz.com
2026-08-11T04:47:31.057063Z DEBUG meow_tunnel::tunnel: pre_handle_metadata: fake-ip 28.0.0.149 → signal-t1-v4-az2-01.rtcxyz.com
2026-08-11T04:47:31.057116Z DEBUG meow_tunnel::tunnel: pre_handle_metadata: fake-ip 28.0.0.149 → signal-t1-v4-az2-01.rtcxyz.com
2026-08-11T04:47:32.571038Z DEBUG meow_tunnel::tunnel: pre_handle_metadata: fake-ip 28.0.0.149 → signal-t1-v4-az2-01.rtcxyz.com
2026-08-11T04:47:32.600833Z  WARN meow_ios_ffi::tun2socks: UDP first-reply deadline exceeded for (172.19.0.1:8774, 111.25.221.183:4637) after 10000 ms; evicting session
2026-08-11T04:47:32.600832Z  WARN meow_ios_ffi::tun2socks: UDP first-reply deadline exceeded for (172.19.0.1:8774, 111.25.217.10:6315) after 10000 ms; evicting session
2026-08-11T04:47:32.601146Z  WARN meow_ios_ffi::tun2socks: UDP first-reply deadline exceeded for (172.19.0.1:8774, 117.150.29.65:13065) after 10000 ms; evicting session
2026-08-11T04:47:32.601356Z DEBUG meow_listener::socks5_udp: SOCKS5 UDP ASSOCIATE from 127.0.0.1:60792 closed; tearing down 1 sessions
2026-08-11T04:47:32.601386Z DEBUG meow_listener::socks5_udp: SOCKS5 UDP ASSOCIATE from 127.0.0.1:60790 closed; tearing down 1 sessions
2026-08-11T04:47:32.601670Z DEBUG meow_listener::socks5_udp: SOCKS5 UDP ASSOCIATE from 127.0.0.1:60791 closed; tearing down 1 sessions
2026-08-11T04:47:32.650466Z DEBUG meow_tunnel::tunnel: pre_handle_metadata: fake-ip 28.0.0.149 → signal-t1-v4-az2-01.rtcxyz.com
2026-08-11T04:47:32.650682Z DEBUG meow_tunnel::tunnel: pre_handle_metadata: fake-ip 28.0.0.149 → signal-t1-v4-az2-01.rtcxyz.com
2026-08-11T04:47:32.650782Z DEBUG meow_listener::socks5_udp: SOCKS5 UDP ASSOCIATE from 127.0.0.1:60807: relay bound on 127.0.0.1:65352
2026-08-11T04:47:32.650827Z DEBUG meow_listener::socks5_udp: SOCKS5 UDP ASSOCIATE from 127.0.0.1:60806: relay bound on 127.0.0.1:49386
2026-08-11T04:47:32.650905Z DEBUG meow_listener::socks5_udp: SOCKS5 UDP ASSOCIATE from 127.0.0.1:60808: relay bound on 127.0.0.1:53573
2026-08-11T04:47:32.687563Z  WARN meow_ios_ffi::tun2socks: UDP first-reply deadline exceeded for (172.19.0.1:8774, 117.150.29.65:32891) after 10000 ms; evicting session
2026-08-11T04:47:32.687884Z DEBUG meow_listener::socks5_udp: SOCKS5 UDP ASSOCIATE from 127.0.0.1:60793 closed; tearing down 1 sessions
2026-08-11T04:47:33.074656Z DEBUG meow_tunnel::tunnel: pre_handle_metadata: fake-ip 28.0.0.149 → signal-t1-v4-az2-01.rtcxyz.com
2026-08-11T04:47:34.082126Z DEBUG meow_tunnel::tunnel: pre_handle_metadata: fake-ip 28.0.0.149 → signal-t1-v4-az2-01.rtcxyz.com
2026-08-11T04:47:34.082838Z DEBUG meow_tunnel::tunnel: pre_handle_metadata: fake-ip 28.0.0.149 → signal-t1-v4-az2-01.rtcxyz.com
2026-08-11T04:47:35.090381Z DEBUG meow_tunnel::tunnel: pre_handle_metadata: fake-ip 28.0.0.149 → signal-t1-v4-az2-01.rtcxyz.com
2026-08-11T04:47:36.094931Z DEBUG meow_tunnel::tunnel: pre_handle_metadata: fake-ip 28.0.0.149 → signal-t1-v4-az2-01.rtcxyz.com
2026-08-11T04:47:36.095127Z DEBUG meow_tunnel::tunnel: pre_handle_metadata: fake-ip 28.0.2.181 → signal-t1-v6-az2-01.rtcxyz.com
2026-08-11T04:47:36.096019Z DEBUG meow_tunnel::tunnel: pre_handle_metadata: fake-ip 28.0.0.149 → signal-t1-v4-az2-01.rtcxyz.com
2026-08-11T04:47:36.096797Z DEBUG meow_tunnel::tunnel: pre_handle_metadata: fake-ip 28.0.0.149 → signal-t1-v4-az2-01.rtcxyz.com
2026-08-11T04:47:36.603121Z DEBUG meow_tunnel::tunnel: pre_handle_metadata: fake-ip 28.0.0.149 → signal-t1-v4-az2-01.rtcxyz.com
2026-08-11T04:47:37.529744Z  INFO meow_ios_ffi::tun2socks: UDP reply reader idle (both directions) > 60s for (172.19.0.1:59710, 28.0.4.110:443); evicting session
2026-08-11T04:47:37.530119Z DEBUG meow_listener::socks5_udp: SOCKS5 UDP ASSOCIATE from 127.0.0.1:60136 closed; tearing down 2 sessions
2026-08-11T04:47:37.606933Z DEBUG meow_tunnel::tunnel: pre_handle_metadata: fake-ip 28.0.0.149 → signal-t1-v4-az2-01.rtcxyz.com
2026-08-11T04:47:37.636379Z  WARN meow_ios_ffi::tun2socks: UDP first-reply deadline exceeded for (172.19.0.1:8774, 27.156.150.156:5130) after 10000 ms; evicting session
2026-08-11T04:47:37.636454Z  WARN meow_ios_ffi::tun2socks: UDP first-reply deadline exceeded for (172.19.0.1:8774, 117.155.249.167:14180) after 10000 ms; evicting session
2026-08-11T04:47:37.636725Z DEBUG meow_listener::socks5_udp: SOCKS5 UDP ASSOCIATE from 127.0.0.1:60801 closed; tearing down 1 sessions
2026-08-11T04:47:37.636765Z DEBUG meow_listener::socks5_udp: SOCKS5 UDP ASSOCIATE from 127.0.0.1:60802 closed; tearing down 1 sessions
2026-08-11T04:47:37.668837Z DEBUG meow_tunnel::tunnel: pre_handle_metadata: fake-ip 28.0.0.149 → signal-t1-v4-az2-01.rtcxyz.com
2026-08-11T04:47:37.669658Z DEBUG meow_tunnel::tunnel: pre_handle_metadata: fake-ip 28.0.0.149 → signal-t1-v4-az2-01.rtcxyz.com
2026-08-11T04:47:37.670172Z DEBUG meow_listener::socks5_udp: SOCKS5 UDP ASSOCIATE from 127.0.0.1:60809: relay bound on 127.0.0.1:53211
2026-08-11T04:47:37.671031Z DEBUG meow_listener::socks5_udp: SOCKS5 UDP ASSOCIATE from 127.0.0.1:60810: relay bound on 127.0.0.1:56185
2026-08-11T04:47:37.805712Z  INFO meow_ios_ffi::tun2socks: UDP reply reader idle (both directions) > 60s for (172.19.0.1:57621, 28.0.4.110:443); evicting session
2026-08-11T04:47:37.807683Z  WARN meow_ios_ffi::tun2socks: UDP first-reply deadline exceeded for (172.19.0.1:8774, 117.155.249.167:13965) after 10000 ms; evicting session
2026-08-11T04:47:37.807773Z DEBUG meow_listener::socks5_udp: SOCKS5 UDP ASSOCIATE from 127.0.0.1:60516 closed; tearing down 1 sessions
2026-08-11T04:47:37.808230Z DEBUG meow_listener::socks5_udp: SOCKS5 UDP ASSOCIATE from 127.0.0.1:60803 closed; tearing down 1 sessions
2026-08-11T04:47:38.115120Z DEBUG meow_dns::server: DNS query: signal-t1-v6-az2-01.rtcxyz.com type=1
2026-08-11T04:47:38.687891Z DEBUG meow_dns::server: DNS query: api5-social-m-hl.amemv.com type=1
2026-08-11T04:47:38.696985Z DEBUG meow_listener::socks5_udp: SOCKS5 UDP ASSOCIATE from 127.0.0.1:60819: relay bound on 127.0.0.1:50958
2026-08-11T04:47:38.697154Z DEBUG meow_tunnel::tunnel: pre_handle_metadata: fake-ip 28.0.0.179 → ecom5-normal-hl.ecombdapi.com
2026-08-11T04:47:38.697174Z DEBUG meow_dns::resolver: DNS lookup: ecom5-normal-hl.ecombdapi.com
2026-08-11T04:47:38.701762Z DEBUG meow_dns::server: DNS query: search5-search-hl.amemv.com type=1
2026-08-11T04:47:38.702514Z DEBUG meow_listener::socks5_udp: SOCKS5 UDP ASSOCIATE from 127.0.0.1:60828: relay bound on 127.0.0.1:57111
2026-08-11T04:47:38.702649Z DEBUG meow_tunnel::tunnel: pre_handle_metadata: fake-ip 28.0.0.189 → search5-search-hl.amemv.com
2026-08-11T04:47:38.702668Z DEBUG meow_dns::resolver: DNS lookup: search5-search-hl.amemv.com
2026-08-11T04:47:38.705665Z DEBUG meow_listener::socks5_udp: SOCKS5 UDP ASSOCIATE from 127.0.0.1:60835: relay bound on 127.0.0.1:64525
2026-08-11T04:47:38.705810Z DEBUG meow_tunnel::tunnel: pre_handle_metadata: fake-ip 28.0.0.194 → webcast5-core-hl.amemv.com
2026-08-11T04:47:38.705825Z DEBUG meow_dns::resolver: DNS lookup: webcast5-core-hl.amemv.com
2026-08-11T04:47:38.706240Z DEBUG meow_listener::sniffer: sniffer: 127.0.0.1:60812 --> 28.0.0.168:443 (tcp) → api-normal-m.amemv.com
2026-08-11T04:47:38.706252Z DEBUG meow_listener::socks5: SOCKS5 CONNECT to 28.0.0.168:443
2026-08-11T04:47:38.706260Z DEBUG meow_tunnel::tunnel: pre_handle_metadata: fake-ip 28.0.0.168 → api-normal-m.amemv.com
2026-08-11T04:47:38.706377Z  INFO meow_listener::socks5: 127.0.0.1:60812 --> api-normal-m.amemv.com:443 match MATCH() using DIRECT
2026-08-11T04:47:38.706411Z DEBUG meow_dns::resolver: DNS lookup: api-normal-m.amemv.com
2026-08-11T04:47:38.707271Z DEBUG meow_listener::sniffer: sniffer: 127.0.0.1:60816 --> 28.0.0.172:443 (tcp) → api5-hl.qishui.com
2026-08-11T04:47:38.707282Z DEBUG meow_listener::socks5: SOCKS5 CONNECT to 28.0.0.172:443
2026-08-11T04:47:38.707295Z DEBUG meow_tunnel::tunnel: pre_handle_metadata: fake-ip 28.0.0.172 → api5-hl.qishui.com
2026-08-11T04:47:38.707313Z  INFO meow_listener::socks5: 127.0.0.1:60816 --> api5-hl.qishui.com:443 match MATCH() using DIRECT
2026-08-11T04:47:38.707373Z DEBUG meow_dns::resolver: DNS lookup: api5-hl.qishui.com
2026-08-11T04:47:38.708282Z DEBUG meow_listener::sniffer: sniffer: 127.0.0.1:60814 --> 28.0.0.170:443 (tcp) → api5-social-m-hl.amemv.com
2026-08-11T04:47:38.708314Z DEBUG meow_listener::socks5: SOCKS5 CONNECT to 28.0.0.170:443
2026-08-11T04:47:38.708339Z DEBUG meow_tunnel::tunnel: pre_handle_metadata: fake-ip 28.0.0.170 → api5-social-m-hl.amemv.com
2026-08-11T04:47:38.708383Z  INFO meow_listener::socks5: 127.0.0.1:60814 --> api5-social-m-hl.amemv.com:443 match MATCH() using DIRECT
2026-08-11T04:47:38.708444Z DEBUG meow_dns::resolver: DNS lookup: api5-social-m-hl.amemv.com
2026-08-11T04:47:38.711421Z DEBUG meow_listener::sniffer: sniffer: 127.0.0.1:60818 --> 28.0.0.175:443 (tcp) → ecom-normal-m.ecombdapi.com
2026-08-11T04:47:38.711458Z DEBUG meow_listener::socks5: SOCKS5 CONNECT to 28.0.0.175:443
2026-08-11T04:47:38.711482Z DEBUG meow_tunnel::tunnel: pre_handle_metadata: fake-ip 28.0.0.175 → ecom-normal-m.ecombdapi.com
2026-08-11T04:47:38.711523Z  INFO meow_listener::socks5: 127.0.0.1:60818 --> ecom-normal-m.ecombdapi.com:443 match MATCH() using DIRECT
2026-08-11T04:47:38.711574Z DEBUG meow_dns::resolver: DNS lookup: ecom-normal-m.ecombdapi.com
2026-08-11T04:47:38.711637Z DEBUG meow_listener::sniffer: sniffer: 127.0.0.1:60825 --> 28.0.0.181:443 (tcp) → life5-normal-m-hl.amemv.com
2026-08-11T04:47:38.711665Z DEBUG meow_listener::socks5: SOCKS5 CONNECT to 28.0.0.181:443
2026-08-11T04:47:38.711683Z DEBUG meow_tunnel::tunnel: pre_handle_metadata: fake-ip 28.0.0.181 → life5-normal-m-hl.amemv.com
2026-08-11T04:47:38.711714Z  INFO meow_listener::socks5: 127.0.0.1:60825 --> life5-normal-m-hl.amemv.com:443 match MATCH() using DIRECT
2026-08-11T04:47:38.711755Z DEBUG meow_dns::resolver: DNS lookup: life5-normal-m-hl.amemv.com
2026-08-11T04:47:38.714032Z DEBUG meow_listener::sniffer: sniffer: 127.0.0.1:60827 --> 28.0.2.150:443 (tcp) → ma3-normal-hl.zijieapi.com
2026-08-11T04:47:38.714062Z DEBUG meow_listener::socks5: SOCKS5 CONNECT to 28.0.2.150:443
2026-08-11T04:47:38.714080Z DEBUG meow_tunnel::tunnel: pre_handle_metadata: fake-ip 28.0.2.150 → ma3-normal-hl.zijieapi.com
2026-08-11T04:47:38.714110Z  INFO meow_listener::socks5: 127.0.0.1:60827 --> ma3-normal-hl.zijieapi.com:443 match RULE-SET(reject-domain) using Block
2026-08-11T04:47:38.714370Z DEBUG meow_listener::sniffer: sniffer: 127.0.0.1:60837 --> 28.0.0.195:443 (tcp) → webcast-normal-m.amemv.com
2026-08-11T04:47:38.714403Z DEBUG meow_listener::socks5: SOCKS5 CONNECT to 28.0.0.195:443
2026-08-11T04:47:38.714422Z DEBUG meow_tunnel::tunnel: pre_handle_metadata: fake-ip 28.0.0.195 → webcast-normal-m.amemv.com
2026-08-11T04:47:38.714486Z  INFO meow_listener::socks5: 127.0.0.1:60837 --> webcast-normal-m.amemv.com:443 match MATCH() using DIRECT
2026-08-11T04:47:38.714532Z DEBUG meow_dns::resolver: DNS lookup: webcast-normal-m.amemv.com
2026-08-11T04:47:38.714531Z DEBUG meow_listener::sniffer: sniffer: 127.0.0.1:60834 --> 28.0.0.191:443 (tcp) → webcast-core-m.amemv.com
2026-08-11T04:47:38.714552Z DEBUG meow_listener::socks5: SOCKS5 CONNECT to 28.0.0.191:443
2026-08-11T04:47:38.714569Z DEBUG meow_tunnel::tunnel: pre_handle_metadata: fake-ip 28.0.0.191 → webcast-core-m.amemv.com
2026-08-11T04:47:38.714598Z  INFO meow_listener::socks5: 127.0.0.1:60834 --> webcast-core-m.amemv.com:443 match MATCH() using DIRECT
2026-08-11T04:47:38.714645Z DEBUG meow_dns::resolver: DNS lookup: webcast-core-m.amemv.com
2026-08-11T04:47:38.716956Z DEBUG meow_listener::sniffer: sniffer: 127.0.0.1:60847 --> 28.0.0.170:443 (tcp) → api5-social-m-hl.amemv.com
2026-08-11T04:47:38.716982Z DEBUG meow_listener::socks5: SOCKS5 CONNECT to 28.0.0.170:443
2026-08-11T04:47:38.716994Z DEBUG meow_tunnel::tunnel: pre_handle_metadata: fake-ip 28.0.0.170 → api5-social-m-hl.amemv.com
2026-08-11T04:47:38.717016Z  INFO meow_listener::socks5: 127.0.0.1:60847 --> api5-social-m-hl.amemv.com:443 match MATCH() using DIRECT
2026-08-11T04:47:38.745604Z DEBUG meow_tunnel::tunnel: pre_handle_metadata: fake-ip 28.0.0.189 → search5-search-hl.amemv.com
2026-08-11T04:47:38.773180Z DEBUG meow_tunnel::tunnel: pre_handle_metadata: fake-ip 28.0.0.179 → ecom5-normal-hl.ecombdapi.com
2026-08-11T04:47:38.776798Z DEBUG meow_tunnel::tunnel: pre_handle_metadata: fake-ip 28.0.0.189 → search5-search-hl.amemv.com
2026-08-11T04:47:38.808238Z DEBUG meow_tunnel::tunnel: pre_handle_metadata: fake-ip 28.0.0.194 → webcast5-core-hl.amemv.com
2026-08-11T04:47:38.874409Z DEBUG meow_listener::socks5: SOCKS5 relay closed: up=723 down=254
2026-08-11T04:47:39.115310Z DEBUG meow_tunnel::tunnel: pre_handle_metadata: fake-ip 28.0.0.149 → signal-t1-v4-az2-01.rtcxyz.com
2026-08-11T04:47:39.115684Z DEBUG meow_tunnel::tunnel: pre_handle_metadata: fake-ip 28.0.0.149 → signal-t1-v4-az2-01.rtcxyz.com
2026-08-11T04:47:39.116035Z DEBUG meow_tunnel::tunnel: pre_handle_metadata: fake-ip 28.0.0.149 → signal-t1-v4-az2-01.rtcxyz.com
2026-08-11T04:47:39.920424Z DEBUG meow_listener::socks5: SOCKS5 relay closed: up=976 down=9531
2026-08-11T04:47:40.298903Z  INFO meow_ios_ffi::tun2socks: UDP reply reader idle (both directions) > 60s for (172.19.0.1:55647, 28.0.0.95:443); evicting session
2026-08-11T04:47:40.299362Z DEBUG meow_listener::socks5_udp: SOCKS5 UDP ASSOCIATE from 127.0.0.1:60533 closed; tearing down 1 sessions
2026-08-11T04:47:40.814648Z DEBUG meow_listener::socks5: SOCKS5 relay closed: up=517 down=0
2026-08-11T04:47:41.129679Z DEBUG meow_tunnel::tunnel: pre_handle_metadata: fake-ip 28.0.0.149 → signal-t1-v4-az2-01.rtcxyz.com
2026-08-11T04:47:41.129937Z DEBUG meow_tunnel::tunnel: pre_handle_metadata: fake-ip 28.0.2.181 → signal-t1-v6-az2-01.rtcxyz.com
2026-08-11T04:47:41.130426Z DEBUG meow_tunnel::tunnel: pre_handle_metadata: fake-ip 28.0.0.149 → signal-t1-v4-az2-01.rtcxyz.com
2026-08-11T04:47:41.131047Z DEBUG meow_tunnel::tunnel: pre_handle_metadata: fake-ip 28.0.0.149 → signal-t1-v4-az2-01.rtcxyz.com
2026-08-11T04:47:42.092235Z  INFO meow_ios_ffi::tun2socks: UDP reply reader idle (both directions) > 60s for (172.19.0.1:65062, 28.0.0.149:9681); evicting session
2026-08-11T04:47:42.092494Z DEBUG meow_listener::socks5_udp: SOCKS5 UDP ASSOCIATE from 127.0.0.1:60554 closed; tearing down 1 sessions
2026-08-11T04:47:42.096204Z DEBUG meow_tunnel::tunnel: pre_handle_metadata: fake-ip 28.0.0.199 → webcast5-normal-lf.amemv.com
2026-08-11T04:47:42.096234Z DEBUG meow_dns::resolver: DNS lookup: webcast5-normal-lf.amemv.com
2026-08-11T04:47:42.505620Z DEBUG meow_listener::socks5: SOCKS5 relay closed: up=2298 down=455599
2026-08-11T04:47:42.506163Z DEBUG meow_listener::socks5: SOCKS5 relay closed: up=1429 down=916146
2026-08-11T04:47:42.506407Z DEBUG meow_listener::socks5: SOCKS5 relay closed: up=1435 down=471008
2026-08-11T04:47:42.521674Z DEBUG meow_tunnel::tunnel: pre_handle_metadata: fake-ip 28.0.0.199 → webcast5-normal-lf.amemv.com
2026-08-11T04:47:42.521952Z DEBUG meow_tunnel::tunnel: pre_handle_metadata: fake-ip 28.0.0.199 → webcast5-normal-lf.amemv.com
2026-08-11T04:47:42.522070Z DEBUG meow_tunnel::tunnel: pre_handle_metadata: fake-ip 28.0.0.199 → webcast5-normal-lf.amemv.com
2026-08-11T04:47:42.522139Z DEBUG meow_tunnel::tunnel: pre_handle_metadata: fake-ip 28.0.0.199 → webcast5-normal-lf.amemv.com
2026-08-11T04:47:42.612457Z DEBUG meow_listener::socks5: SOCKS5 relay closed: up=123811 down=747303
2026-08-11T04:47:42.642789Z DEBUG meow_tunnel::tunnel: pre_handle_metadata: fake-ip 28.0.0.149 → signal-t1-v4-az2-01.rtcxyz.com
2026-08-11T04:47:42.652883Z  WARN meow_ios_ffi::tun2socks: UDP first-reply deadline exceeded for (172.19.0.1:8774, 112.39.177.156:28129) after 10000 ms; evicting session
2026-08-11T04:47:42.652958Z  WARN meow_ios_ffi::tun2socks: UDP first-reply deadline exceeded for (172.19.0.1:8774, 112.253.108.159:13755) after 10000 ms; evicting session
2026-08-11T04:47:42.653135Z DEBUG meow_listener::socks5_udp: SOCKS5 UDP ASSOCIATE from 127.0.0.1:60808 closed; tearing down 1 sessions
2026-08-11T04:47:42.653493Z DEBUG meow_listener::socks5_udp: SOCKS5 UDP ASSOCIATE from 127.0.0.1:60807 closed; tearing down 1 sessions
2026-08-11T04:47:42.661035Z DEBUG meow_tunnel::tunnel: pre_handle_metadata: fake-ip 28.0.0.199 → webcast5-normal-lf.amemv.com
2026-08-11T04:47:42.711245Z DEBUG meow_tunnel::tunnel: pre_handle_metadata: fake-ip 28.0.0.149 → signal-t1-v4-az2-01.rtcxyz.com
2026-08-11T04:47:42.711926Z DEBUG meow_listener::socks5_udp: SOCKS5 UDP ASSOCIATE from 127.0.0.1:60884: relay bound on 127.0.0.1:63853
2026-08-11T04:47:42.712232Z DEBUG meow_tunnel::tunnel: pre_handle_metadata: fake-ip 28.0.0.149 → signal-t1-v4-az2-01.rtcxyz.com
2026-08-11T04:47:42.712427Z DEBUG meow_listener::socks5_udp: SOCKS5 UDP ASSOCIATE from 127.0.0.1:60885: relay bound on 127.0.0.1:53318
2026-08-11T04:47:42.816520Z DEBUG meow_listener::socks5: SOCKS5 relay closed: up=517 down=0
2026-08-11T04:47:42.851674Z DEBUG meow_listener::sniffer: sniffer: 127.0.0.1:60888 --> 120.233.57.232:443 (tcp) → api-play.amemv.com
2026-08-11T04:47:42.851700Z DEBUG meow_listener::socks5: SOCKS5 CONNECT to 120.233.57.232:443
2026-08-11T04:47:42.851738Z  INFO meow_listener::socks5: 127.0.0.1:60888 --> search5-search-hl.amemv.com:443 match MATCH() using DIRECT
2026-08-11T04:47:42.899436Z DEBUG meow_listener::sniffer: sniffer: 127.0.0.1:60891 --> 120.233.57.235:443 (tcp) → api-play.amemv.com
2026-08-11T04:47:42.899463Z DEBUG meow_listener::socks5: SOCKS5 CONNECT to 120.233.57.235:443
2026-08-11T04:47:42.899500Z  INFO meow_listener::socks5: 127.0.0.1:60891 --> search5-search-hl.amemv.com:443 match MATCH() using DIRECT
2026-08-11T04:47:42.973488Z DEBUG meow_listener::sniffer: sniffer: 127.0.0.1:60894 --> 120.233.57.235:443 (tcp) → api-play.amemv.com
2026-08-11T04:47:42.973515Z DEBUG meow_listener::socks5: SOCKS5 CONNECT to 120.233.57.235:443
2026-08-11T04:47:42.973555Z  INFO meow_listener::socks5: 127.0.0.1:60894 --> search5-search-hl.amemv.com:443 match MATCH() using DIRECT
2026-08-11T04:47:42.974263Z DEBUG meow_listener::socks5: SOCKS5 relay error: Connection reset by peer (os error 54)
2026-08-11T04:47:43.060471Z DEBUG meow_tunnel::tunnel: pre_handle_metadata: fake-ip 28.0.0.199 → webcast5-normal-lf.amemv.com
2026-08-11T04:47:43.060628Z DEBUG meow_tunnel::tunnel: pre_handle_metadata: fake-ip 28.0.0.199 → webcast5-normal-lf.amemv.com
2026-08-11T04:47:43.060692Z DEBUG meow_tunnel::tunnel: pre_handle_metadata: fake-ip 28.0.0.199 → webcast5-normal-lf.amemv.com
2026-08-11T04:47:43.060743Z DEBUG meow_tunnel::tunnel: pre_handle_metadata: fake-ip 28.0.0.199 → webcast5-normal-lf.amemv.com
2026-08-11T04:47:43.074000Z DEBUG meow_listener::sniffer: sniffer: 127.0.0.1:60897 --> 120.233.57.232:443 (tcp) → api-play.amemv.com
2026-08-11T04:47:43.074029Z DEBUG meow_listener::socks5: SOCKS5 CONNECT to 120.233.57.232:443
2026-08-11T04:47:43.074071Z  INFO meow_listener::socks5: 127.0.0.1:60897 --> search5-search-hl.amemv.com:443 match MATCH() using DIRECT
2026-08-11T04:47:43.118199Z DEBUG meow_listener::sniffer: sniffer: 127.0.0.1:60900 --> 39.136.113.249:443 (tcp) → v95-bjb-mc-cold.douyinvod.com
2026-08-11T04:47:43.118228Z DEBUG meow_listener::socks5: SOCKS5 CONNECT to 39.136.113.249:443
2026-08-11T04:47:43.118279Z  INFO meow_listener::socks5: 127.0.0.1:60900 --> 39.136.113.249:443 match MATCH() using DIRECT
2026-08-11T04:47:43.127418Z DEBUG meow_dns::server: DNS query: v96-x.douyinvod.com type=1
2026-08-11T04:47:43.127461Z DEBUG meow_dns::fakeip: fakeip: allocated v96-x.douyinvod.com → 28.0.4.118
2026-08-11T04:47:43.129119Z DEBUG meow_listener::sniffer: sniffer: 127.0.0.1:60903 --> 28.0.4.118:443 (tcp) → v96-x.douyinvod.com
2026-08-11T04:47:43.129137Z DEBUG meow_listener::socks5: SOCKS5 CONNECT to 28.0.4.118:443
2026-08-11T04:47:43.129148Z DEBUG meow_tunnel::tunnel: pre_handle_metadata: fake-ip 28.0.4.118 → v96-x.douyinvod.com
2026-08-11T04:47:43.129188Z  INFO meow_listener::socks5: 127.0.0.1:60903 --> v96-x.douyinvod.com:443 match MATCH() using DIRECT
2026-08-11T04:47:43.129221Z DEBUG meow_dns::resolver: DNS lookup: v96-x.douyinvod.com
2026-08-11T04:47:43.145738Z DEBUG meow_tunnel::tunnel: pre_handle_metadata: fake-ip 28.0.0.149 → signal-t1-v4-az2-01.rtcxyz.com
2026-08-11T04:47:43.145765Z DEBUG meow_dns::server: DNS query: api5-core-yz.amemv.com type=1
2026-08-11T04:47:43.147681Z DEBUG meow_listener::socks5_udp: SOCKS5 UDP ASSOCIATE from 127.0.0.1:60908: relay bound on 127.0.0.1:54687
2026-08-11T04:47:43.147838Z DEBUG meow_tunnel::tunnel: pre_handle_metadata: fake-ip 28.0.2.153 → api5-core-yz.amemv.com
2026-08-11T04:47:43.147861Z DEBUG meow_dns::resolver: DNS lookup: api5-core-yz.amemv.com
2026-08-11T04:47:43.164960Z DEBUG meow_listener::socks5: SOCKS5 relay closed: up=632 down=4826
2026-08-11T04:47:43.185035Z DEBUG meow_tunnel::tunnel: pre_handle_metadata: fake-ip 28.0.0.199 → webcast5-normal-lf.amemv.com
2026-08-11T04:47:43.211322Z DEBUG meow_tunnel::tunnel: pre_handle_metadata: fake-ip 28.0.2.153 → api5-core-yz.amemv.com
2026-08-11T04:47:43.211771Z DEBUG meow_tunnel::tunnel: pre_handle_metadata: fake-ip 28.0.2.153 → api5-core-yz.amemv.com
2026-08-11T04:47:43.211873Z DEBUG meow_tunnel::tunnel: pre_handle_metadata: fake-ip 28.0.2.153 → api5-core-yz.amemv.com
2026-08-11T04:47:43.211962Z DEBUG meow_tunnel::tunnel: pre_handle_metadata: fake-ip 28.0.2.153 → api5-core-yz.amemv.com
2026-08-11T04:47:43.212137Z DEBUG meow_tunnel::tunnel: pre_handle_metadata: fake-ip 28.0.2.153 → api5-core-yz.amemv.com
2026-08-11T04:47:43.212191Z DEBUG meow_tunnel::tunnel: pre_handle_metadata: fake-ip 28.0.2.153 → api5-core-yz.amemv.com
2026-08-11T04:47:43.212408Z DEBUG meow_tunnel::tunnel: pre_handle_metadata: fake-ip 28.0.2.153 → api5-core-yz.amemv.com
2026-08-11T04:47:43.212469Z DEBUG meow_tunnel::tunnel: pre_handle_metadata: fake-ip 28.0.2.153 → api5-core-yz.amemv.com
2026-08-11T04:47:43.291060Z DEBUG meow_listener::socks5_udp: SOCKS5 UDP ASSOCIATE from 127.0.0.1:60916: relay bound on 127.0.0.1:56055
2026-08-11T04:47:43.291063Z DEBUG meow_listener::socks5_udp: SOCKS5 UDP ASSOCIATE from 127.0.0.1:60915: relay bound on 127.0.0.1:58276
2026-08-11T04:47:43.291244Z DEBUG meow_tunnel::tunnel: pre_handle_metadata: fake-ip 28.0.3.241 → vc-brain-hl.ndcpp.com
2026-08-11T04:47:43.291333Z DEBUG meow_tunnel::tunnel: pre_handle_metadata: fake-ip 28.0.3.241 → vc-brain-hl.ndcpp.com
2026-08-11T04:47:43.686424Z DEBUG meow_listener::socks5: SOCKS5 relay closed: up=10106 down=9890
2026-08-11T04:47:43.760518Z DEBUG meow_listener::socks5_udp: SOCKS5 UDP ASSOCIATE from 127.0.0.1:60917: relay bound on 127.0.0.1:55054
2026-08-11T04:47:43.760522Z DEBUG meow_tunnel::tunnel: pre_handle_metadata: fake-ip 28.0.0.149 → signal-t1-v4-az2-01.rtcxyz.com
2026-08-11T04:47:43.761395Z DEBUG meow_tunnel::tunnel: pre_handle_metadata: fake-ip 28.0.0.149 → signal-t1-v4-az2-01.rtcxyz.com
2026-08-11T04:47:43.762298Z DEBUG meow_tunnel::tunnel: pre_handle_metadata: fake-ip 28.0.0.149 → signal-t1-v4-az2-01.rtcxyz.com
2026-08-11T04:47:43.762451Z DEBUG meow_tunnel::tunnel: pre_handle_metadata: fake-ip 28.0.0.149 → signal-t1-v4-az2-01.rtcxyz.com
2026-08-11T04:47:43.762697Z DEBUG meow_tunnel::tunnel: pre_handle_metadata: fake-ip 28.0.0.149 → signal-t1-v4-az2-01.rtcxyz.com
2026-08-11T04:47:43.794644Z DEBUG meow_tunnel::tunnel: pre_handle_metadata: fake-ip 28.0.3.241 → vc-brain-hl.ndcpp.com
2026-08-11T04:47:43.794698Z DEBUG meow_tunnel::tunnel: pre_handle_metadata: fake-ip 28.0.3.241 → vc-brain-hl.ndcpp.com
2026-08-11T04:47:43.831312Z DEBUG meow_listener::sniffer: sniffer: 127.0.0.1:60919 --> 28.0.2.158:443 (tcp) → p11.douyinpic.com
2026-08-11T04:47:43.831336Z DEBUG meow_listener::socks5: SOCKS5 CONNECT to 28.0.2.158:443
2026-08-11T04:47:43.831361Z DEBUG meow_tunnel::tunnel: pre_handle_metadata: fake-ip 28.0.2.158 → p11.douyinpic.com
2026-08-11T04:47:43.831390Z  INFO meow_listener::socks5: 127.0.0.1:60919 --> p11.douyinpic.com:443 match MATCH() using DIRECT
2026-08-11T04:47:43.831424Z DEBUG meow_dns::resolver: DNS lookup: p11.douyinpic.com
2026-08-11T04:47:44.299719Z DEBUG meow_tunnel::tunnel: pre_handle_metadata: fake-ip 28.0.3.241 → vc-brain-hl.ndcpp.com
2026-08-11T04:47:44.299761Z DEBUG meow_tunnel::tunnel: pre_handle_metadata: fake-ip 28.0.3.241 → vc-brain-hl.ndcpp.com
2026-08-11T04:47:44.316765Z DEBUG meow_listener::socks5: SOCKS5 relay closed: up=517 down=0
2026-08-11T04:47:44.729533Z DEBUG meow_listener::sniffer: sniffer: 127.0.0.1:60926 --> 28.0.3.204:443 (tcp) → mssdk3-normal-hj.zijieapi.com
2026-08-11T04:47:44.729578Z DEBUG meow_listener::socks5: SOCKS5 CONNECT to 28.0.3.204:443
2026-08-11T04:47:44.729603Z DEBUG meow_tunnel::tunnel: pre_handle_metadata: fake-ip 28.0.3.204 → mssdk3-normal-hj.zijieapi.com
2026-08-11T04:47:44.729645Z  INFO meow_listener::socks5: 127.0.0.1:60926 --> mssdk3-normal-hj.zijieapi.com:443 match RULE-SET(reject-domain) using Block
2026-08-11T04:47:44.802421Z DEBUG meow_tunnel::tunnel: pre_handle_metadata: fake-ip 28.0.3.241 → vc-brain-hl.ndcpp.com
2026-08-11T04:47:45.305617Z DEBUG meow_tunnel::tunnel: pre_handle_metadata: fake-ip 28.0.3.241 → vc-brain-hl.ndcpp.com
2026-08-11T04:47:45.748548Z DEBUG meow_tunnel::tunnel: pre_handle_metadata: fake-ip 28.0.2.153 → api5-core-yz.amemv.com
2026-08-11T04:47:45.751362Z DEBUG meow_tunnel::tunnel: pre_handle_metadata: fake-ip 28.0.2.153 → api5-core-yz.amemv.com
2026-08-11T04:47:45.753741Z DEBUG meow_tunnel::tunnel: pre_handle_metadata: fake-ip 28.0.2.153 → api5-core-yz.amemv.com
2026-08-11T04:47:45.757405Z DEBUG meow_tunnel::tunnel: pre_handle_metadata: fake-ip 28.0.2.153 → api5-core-yz.amemv.com
2026-08-11T04:47:45.784149Z  INFO meow_ios_ffi::tun2socks: UDP reply reader idle (both directions) > 60s for (172.19.0.1:8774, 28.0.0.149:9681); evicting session
2026-08-11T04:47:45.784549Z DEBUG meow_tunnel::tunnel: pre_handle_metadata: fake-ip 28.0.2.153 → api5-core-yz.amemv.com
2026-08-11T04:47:45.784894Z DEBUG meow_listener::socks5_udp: SOCKS5 UDP ASSOCIATE from 127.0.0.1:60574 closed; tearing down 1 sessions
2026-08-11T04:47:45.811014Z DEBUG meow_tunnel::tunnel: pre_handle_metadata: fake-ip 28.0.3.241 → vc-brain-hl.ndcpp.com
2026-08-11T04:47:45.822891Z DEBUG meow_tunnel::tunnel: pre_handle_metadata: fake-ip 28.0.2.153 → api5-core-yz.amemv.com
2026-08-11T04:47:45.860120Z DEBUG meow_tunnel::tunnel: pre_handle_metadata: fake-ip 28.0.2.153 → api5-core-yz.amemv.com
2026-08-11T04:47:45.914709Z DEBUG meow_tunnel::tunnel: pre_handle_metadata: fake-ip 28.0.2.153 → api5-core-yz.amemv.com
2026-08-11T04:47:45.918219Z DEBUG meow_tunnel::tunnel: pre_handle_metadata: fake-ip 28.0.2.153 → api5-core-yz.amemv.com
2026-08-11T04:47:45.928100Z DEBUG meow_tunnel::tunnel: pre_handle_metadata: fake-ip 28.0.2.153 → api5-core-yz.amemv.com
2026-08-11T04:47:45.963833Z DEBUG meow_tunnel::tunnel: pre_handle_metadata: fake-ip 28.0.2.153 → api5-core-yz.amemv.com
2026-08-11T04:47:46.033524Z DEBUG meow_dns::server: DNS query: p9-sign.douyinpic.com type=1
2026-08-11T04:47:46.038015Z DEBUG meow_listener::sniffer: sniffer: 127.0.0.1:60929 --> 39.136.124.202:443 (tcp) → p96-sign.douyinpic.com
2026-08-11T04:47:46.038034Z DEBUG meow_listener::socks5: SOCKS5 CONNECT to 39.136.124.202:443
2026-08-11T04:47:46.038073Z  INFO meow_listener::socks5: 127.0.0.1:60929 --> v5-gz-colda.douyinvod.com:443 match MATCH() using DIRECT
2026-08-11T04:47:46.038329Z DEBUG meow_listener::sniffer: sniffer: 127.0.0.1:60930 --> 28.0.2.195:443 (tcp) → p9-sign.douyinpic.com
2026-08-11T04:47:46.038342Z DEBUG meow_listener::socks5: SOCKS5 CONNECT to 28.0.2.195:443
2026-08-11T04:47:46.038352Z DEBUG meow_tunnel::tunnel: pre_handle_metadata: fake-ip 28.0.2.195 → p9-sign.douyinpic.com
2026-08-11T04:47:46.038367Z  INFO meow_listener::socks5: 127.0.0.1:60930 --> p9-sign.douyinpic.com:443 match MATCH() using DIRECT
2026-08-11T04:47:46.038399Z DEBUG meow_dns::resolver: DNS lookup: p9-sign.douyinpic.com
2026-08-11T04:47:46.040441Z DEBUG meow_listener::sniffer: sniffer: 127.0.0.1:60937 --> 112.13.74.43:443 (tcp) → v5-se-sjy-daily-cold.douyinvod.com
2026-08-11T04:47:46.040458Z DEBUG meow_listener::socks5: SOCKS5 CONNECT to 112.13.74.43:443
2026-08-11T04:47:46.040481Z  INFO meow_listener::socks5: 127.0.0.1:60937 --> 112.13.74.43:443 match MATCH() using DIRECT
2026-08-11T04:47:46.041561Z DEBUG meow_dns::server: DNS query: p5-ex-gddgtc-sign.douyinpic.com type=1
2026-08-11T04:47:46.043482Z DEBUG meow_tunnel::tunnel: pre_handle_metadata: fake-ip 28.0.0.199 → webcast5-normal-lf.amemv.com
2026-08-11T04:47:46.043589Z DEBUG meow_tunnel::tunnel: pre_handle_metadata: fake-ip 28.0.0.199 → webcast5-normal-lf.amemv.com
2026-08-11T04:47:46.043685Z DEBUG meow_tunnel::tunnel: pre_handle_metadata: fake-ip 28.0.0.199 → webcast5-normal-lf.amemv.com
2026-08-11T04:47:46.043765Z DEBUG meow_tunnel::tunnel: pre_handle_metadata: fake-ip 28.0.0.199 → webcast5-normal-lf.amemv.com
2026-08-11T04:47:46.045054Z DEBUG meow_listener::sniffer: sniffer: 127.0.0.1:60940 --> 183.240.8.136:443 (tcp) → v5-ex-music.douyinstatic.com
2026-08-11T04:47:46.045071Z DEBUG meow_listener::socks5: SOCKS5 CONNECT to 183.240.8.136:443
2026-08-11T04:47:46.045104Z  INFO meow_listener::socks5: 127.0.0.1:60940 --> 183.240.8.136:443 match MATCH() using DIRECT
2026-08-11T04:47:46.045355Z DEBUG meow_listener::sniffer: sniffer: 127.0.0.1:60942 --> 28.0.2.151:443 (tcp) → p5-ex-gddgtc-sign.douyinpic.com
2026-08-11T04:47:46.045369Z DEBUG meow_listener::socks5: SOCKS5 CONNECT to 28.0.2.151:443
2026-08-11T04:47:46.045378Z DEBUG meow_tunnel::tunnel: pre_handle_metadata: fake-ip 28.0.2.151 → p5-ex-gddgtc-sign.douyinpic.com
2026-08-11T04:47:46.045392Z  INFO meow_listener::socks5: 127.0.0.1:60942 --> p5-ex-gddgtc-sign.douyinpic.com:443 match MATCH() using DIRECT
2026-08-11T04:47:46.045450Z DEBUG meow_dns::resolver: DNS lookup: p5-ex-gddgtc-sign.douyinpic.com
2026-08-11T04:47:46.132217Z DEBUG meow_tunnel::tunnel: pre_handle_metadata: fake-ip 28.0.0.199 → webcast5-normal-lf.amemv.com
2026-08-11T04:47:46.132342Z DEBUG meow_tunnel::tunnel: pre_handle_metadata: fake-ip 28.0.0.199 → webcast5-normal-lf.amemv.com
2026-08-11T04:47:46.158353Z DEBUG meow_tunnel::tunnel: pre_handle_metadata: fake-ip 28.0.0.199 → webcast5-normal-lf.amemv.com
2026-08-11T04:47:46.239023Z DEBUG meow_listener::sniffer: sniffer: 127.0.0.1:60952 --> 39.136.125.200:443 (tcp) → p96-sign.douyinpic.com
2026-08-11T04:47:46.239090Z DEBUG meow_listener::socks5: SOCKS5 CONNECT to 39.136.125.200:443
2026-08-11T04:47:46.239177Z  INFO meow_listener::socks5: 127.0.0.1:60952 --> v5-gz-colda.douyinvod.com:443 match MATCH() using DIRECT
2026-08-11T04:47:46.311589Z DEBUG meow_tunnel::tunnel: pre_handle_metadata: fake-ip 28.0.3.241 → vc-brain-hl.ndcpp.com
2026-08-11T04:47:46.461961Z DEBUG meow_listener::sniffer: sniffer: 127.0.0.1:60955 --> 116.211.109.227:443 (tcp) → v95-hzyy-thr-daily-colda.douyinvod.com
2026-08-11T04:47:46.462012Z DEBUG meow_listener::socks5: SOCKS5 CONNECT to 116.211.109.227:443
2026-08-11T04:47:46.462089Z  INFO meow_listener::socks5: 127.0.0.1:60955 --> 116.211.109.227:443 match MATCH() using DIRECT
2026-08-11T04:47:46.516226Z DEBUG meow_dns::server: DNS query: 2102013236.qrstuvwxyzab.com type=1
2026-08-11T04:47:46.516318Z DEBUG meow_dns::fakeip: fakeip: allocated 2102013236.qrstuvwxyzab.com → 28.0.4.119
2026-08-11T04:47:46.519421Z DEBUG meow_listener::sniffer: sniffer: 127.0.0.1:60958 --> 28.0.4.119:443 (tcp) → 2102013236.qrstuvwxyzab.com
2026-08-11T04:47:46.519456Z DEBUG meow_listener::socks5: SOCKS5 CONNECT to 28.0.4.119:443
2026-08-11T04:47:46.519475Z DEBUG meow_tunnel::tunnel: pre_handle_metadata: fake-ip 28.0.4.119 → 2102013236.qrstuvwxyzab.com
2026-08-11T04:47:46.519532Z  INFO meow_listener::socks5: 127.0.0.1:60958 --> 2102013236.qrstuvwxyzab.com:443 match MATCH() using DIRECT
2026-08-11T04:47:46.519580Z DEBUG meow_dns::resolver: DNS lookup: 2102013236.qrstuvwxyzab.com
2026-08-11T04:47:46.629483Z  INFO meow_ios_ffi::tun2socks: UDP reply reader idle (both directions) > 60s for (172.19.0.1:62979, 28.0.0.194:443); evicting session
2026-08-11T04:47:46.629967Z DEBUG meow_listener::socks5_udp: SOCKS5 UDP ASSOCIATE from 127.0.0.1:60071 closed; tearing down 1 sessions
2026-08-11T04:47:46.816103Z DEBUG meow_tunnel::tunnel: pre_handle_metadata: fake-ip 28.0.3.241 → vc-brain-hl.ndcpp.com
2026-08-11T04:47:47.672196Z  WARN meow_ios_ffi::tun2socks: UDP first-reply deadline exceeded for (172.19.0.1:8774, 120.243.10.137:23528) after 10000 ms; evicting session
2026-08-11T04:47:47.672247Z  WARN meow_ios_ffi::tun2socks: UDP first-reply deadline exceeded for (172.19.0.1:8774, 39.187.80.44:2603) after 10000 ms; evicting session
2026-08-11T04:47:47.672658Z DEBUG meow_listener::socks5_udp: SOCKS5 UDP ASSOCIATE from 127.0.0.1:60809 closed; tearing down 1 sessions
2026-08-11T04:47:47.672684Z DEBUG meow_listener::socks5_udp: SOCKS5 UDP ASSOCIATE from 127.0.0.1:60810 closed; tearing down 1 sessions
2026-08-11T04:47:47.779200Z DEBUG meow_listener::socks5: SOCKS5 CONNECT to 49.119.137.23:9102
2026-08-11T04:47:47.779251Z  INFO meow_listener::socks5: 127.0.0.1:60966 --> 49.119.137.23:9102 match MATCH() using DIRECT
2026-08-11T04:47:47.960844Z DEBUG meow_listener::socks5: SOCKS5 relay closed: up=517 down=0
2026-08-11T04:47:48.813368Z  INFO meow_ios_ffi::tun2socks: UDP reply reader idle (both directions) > 60s for (172.19.0.1:53878, 28.0.0.189:443); evicting session
2026-08-11T04:47:48.813882Z DEBUG meow_listener::socks5_udp: SOCKS5 UDP ASSOCIATE from 127.0.0.1:60156 closed; tearing down 1 sessions
2026-08-11T04:47:48.859758Z  INFO meow_ios_ffi::tun2socks: UDP reply reader idle (both directions) > 60s for (172.19.0.1:49219, 28.0.0.179:443); evicting session
2026-08-11T04:47:48.860378Z DEBUG meow_listener::socks5_udp: SOCKS5 UDP ASSOCIATE from 127.0.0.1:60147 closed; tearing down 1 sessions
2026-08-11T04:47:48.967028Z DEBUG meow_tunnel::tunnel: pre_handle_metadata: fake-ip 28.0.3.241 → vc-brain-hl.ndcpp.com
2026-08-11T04:47:48.967130Z DEBUG meow_tunnel::tunnel: pre_handle_metadata: fake-ip 28.0.3.241 → vc-brain-hl.ndcpp.com
2026-08-11T04:47:49.468462Z DEBUG meow_tunnel::tunnel: pre_handle_metadata: fake-ip 28.0.3.241 → vc-brain-hl.ndcpp.com
2026-08-11T04:47:49.468559Z DEBUG meow_tunnel::tunnel: pre_handle_metadata: fake-ip 28.0.3.241 → vc-brain-hl.ndcpp.com
2026-08-11T04:47:49.974723Z DEBUG meow_tunnel::tunnel: pre_handle_metadata: fake-ip 28.0.3.241 → vc-brain-hl.ndcpp.com
2026-08-11T04:47:49.974973Z DEBUG meow_tunnel::tunnel: pre_handle_metadata: fake-ip 28.0.3.241 → vc-brain-hl.ndcpp.com
2026-08-11T04:47:50.479599Z DEBUG meow_tunnel::tunnel: pre_handle_metadata: fake-ip 28.0.3.241 → vc-brain-hl.ndcpp.com
2026-08-11T04:47:51.013502Z DEBUG meow_listener::socks5: SOCKS5 CONNECT to 49.119.137.23:9102
2026-08-11T04:47:51.013569Z  INFO meow_listener::socks5: 127.0.0.1:60969 --> 49.119.137.23:9102 match MATCH() using DIRECT
2026-08-11T04:47:51.040337Z DEBUG meow_listener::socks5: SOCKS5 relay closed: up=1016 down=329126
2026-08-11T04:47:51.773249Z DEBUG meow_listener::socks5: SOCKS5 relay closed: up=268 down=0
2026-08-11T04:47:52.331373Z DEBUG meow_tunnel::tunnel: pre_handle_metadata: fake-ip 28.0.3.241 → vc-brain-hl.ndcpp.com
2026-08-11T04:47:52.331492Z DEBUG meow_tunnel::tunnel: pre_handle_metadata: fake-ip 28.0.3.241 → vc-brain-hl.ndcpp.com
2026-08-11T04:47:52.432843Z DEBUG meow_listener::socks5_udp: SOCKS5 UDP ASSOCIATE from 127.0.0.1:60971: relay bound on 127.0.0.1:61121
2026-08-11T04:47:52.433448Z DEBUG meow_tunnel::tunnel: pre_handle_metadata: fake-ip 28.0.2.160 → api5-core-zjg.amemv.com
2026-08-11T04:47:52.433519Z DEBUG meow_dns::resolver: DNS lookup: api5-core-zjg.amemv.com
2026-08-11T04:47:52.514625Z DEBUG meow_tunnel::tunnel: pre_handle_metadata: fake-ip 28.0.2.160 → api5-core-zjg.amemv.com
2026-08-11T04:47:52.515639Z DEBUG meow_tunnel::tunnel: pre_handle_metadata: fake-ip 28.0.2.160 → api5-core-zjg.amemv.com
2026-08-11T04:47:52.516303Z DEBUG meow_tunnel::tunnel: pre_handle_metadata: fake-ip 28.0.2.160 → api5-core-zjg.amemv.com
2026-08-11T04:47:52.516383Z DEBUG meow_tunnel::tunnel: pre_handle_metadata: fake-ip 28.0.2.160 → api5-core-zjg.amemv.com
2026-08-11T04:47:52.516473Z DEBUG meow_tunnel::tunnel: pre_handle_metadata: fake-ip 28.0.2.160 → api5-core-zjg.amemv.com
2026-08-11T04:47:52.516554Z DEBUG meow_tunnel::tunnel: pre_handle_metadata: fake-ip 28.0.2.160 → api5-core-zjg.amemv.com
2026-08-11T04:47:52.516606Z DEBUG meow_tunnel::tunnel: pre_handle_metadata: fake-ip 28.0.2.160 → api5-core-zjg.amemv.com
2026-08-11T04:47:52.713580Z  WARN meow_ios_ffi::tun2socks: UDP first-reply deadline exceeded for (172.19.0.1:8774, 39.163.71.72:44857) after 10000 ms; evicting session
2026-08-11T04:47:52.713723Z  WARN meow_ios_ffi::tun2socks: UDP first-reply deadline exceeded for (172.19.0.1:8774, 223.102.130.128:15909) after 10000 ms; evicting session
2026-08-11T04:47:52.713918Z DEBUG meow_listener::socks5_udp: SOCKS5 UDP ASSOCIATE from 127.0.0.1:60884 closed; tearing down 1 sessions
2026-08-11T04:47:52.714080Z DEBUG meow_listener::socks5_udp: SOCKS5 UDP ASSOCIATE from 127.0.0.1:60885 closed; tearing down 1 sessions
2026-08-11T04:47:52.731720Z DEBUG meow_tunnel::tunnel: pre_handle_metadata: fake-ip 28.0.2.160 → api5-core-zjg.amemv.com
2026-08-11T04:47:52.761313Z DEBUG meow_tunnel::tunnel: pre_handle_metadata: fake-ip 28.0.2.160 → api5-core-zjg.amemv.com
2026-08-11T04:47:52.768833Z  INFO meow_ios_ffi::tun2socks: UDP reply reader idle (both directions) > 60s for (172.19.0.1:8774, 28.0.0.149:9681); evicting session
2026-08-11T04:47:52.769057Z DEBUG meow_listener::socks5_udp: SOCKS5 UDP ASSOCIATE from 127.0.0.1:59775 closed; tearing down 0 sessions
2026-08-11T04:47:52.833330Z DEBUG meow_tunnel::tunnel: pre_handle_metadata: fake-ip 28.0.3.241 → vc-brain-hl.ndcpp.com
2026-08-11T04:47:52.833447Z DEBUG meow_tunnel::tunnel: pre_handle_metadata: fake-ip 28.0.3.241 → vc-brain-hl.ndcpp.com
2026-08-11T04:47:53.238396Z DEBUG meow_dns::server: DNS query: api5-social-m-zjg.amemv.com type=1
2026-08-11T04:47:53.238841Z DEBUG meow_listener::sniffer: sniffer: 127.0.0.1:60977 --> 28.0.1.71:443 (tcp) → api5-social-m-zjg.amemv.com
2026-08-11T04:47:53.238855Z DEBUG meow_listener::socks5: SOCKS5 CONNECT to 28.0.1.71:443
2026-08-11T04:47:53.238865Z DEBUG meow_tunnel::tunnel: pre_handle_metadata: fake-ip 28.0.1.71 → api5-social-m-zjg.amemv.com
2026-08-11T04:47:53.238895Z  INFO meow_listener::socks5: 127.0.0.1:60977 --> api5-social-m-zjg.amemv.com:443 match MATCH() using DIRECT
2026-08-11T04:47:53.238940Z DEBUG meow_dns::resolver: DNS lookup: api5-social-m-zjg.amemv.com
2026-08-11T04:47:53.239478Z DEBUG meow_listener::sniffer: sniffer: 127.0.0.1:60980 --> 28.0.1.71:443 (tcp) → api5-social-m-zjg.amemv.com
2026-08-11T04:47:53.239489Z DEBUG meow_listener::socks5: SOCKS5 CONNECT to 28.0.1.71:443
2026-08-11T04:47:53.239497Z DEBUG meow_tunnel::tunnel: pre_handle_metadata: fake-ip 28.0.1.71 → api5-social-m-zjg.amemv.com
2026-08-11T04:47:53.239513Z  INFO meow_listener::socks5: 127.0.0.1:60980 --> api5-social-m-zjg.amemv.com:443 match MATCH() using DIRECT
2026-08-11T04:47:53.292401Z  WARN meow_ios_ffi::tun2socks: UDP first-reply deadline exceeded for (172.19.0.1:8568, 28.0.3.241:9681) after 10000 ms; evicting session
2026-08-11T04:47:53.292443Z  WARN meow_ios_ffi::tun2socks: UDP first-reply deadline exceeded for (172.19.0.1:8568, 28.0.3.241:9681) after 10000 ms; evicting session
2026-08-11T04:47:53.292696Z DEBUG meow_listener::socks5_udp: SOCKS5 UDP ASSOCIATE from 127.0.0.1:60916 closed; tearing down 1 sessions
2026-08-11T04:47:53.292720Z DEBUG meow_listener::socks5_udp: SOCKS5 UDP ASSOCIATE from 127.0.0.1:60915 closed; tearing down 1 sessions
2026-08-11T04:47:53.338218Z DEBUG meow_listener::socks5_udp: SOCKS5 UDP ASSOCIATE from 127.0.0.1:60986: relay bound on 127.0.0.1:64270
2026-08-11T04:47:53.338450Z DEBUG meow_tunnel::tunnel: pre_handle_metadata: fake-ip 28.0.3.241 → vc-brain-hl.ndcpp.com
2026-08-11T04:47:53.338509Z DEBUG meow_listener::socks5_udp: SOCKS5 UDP ASSOCIATE from 127.0.0.1:60987: relay bound on 127.0.0.1:50215
2026-08-11T04:47:53.338675Z DEBUG meow_tunnel::tunnel: pre_handle_metadata: fake-ip 28.0.3.241 → vc-brain-hl.ndcpp.com
2026-08-11T04:47:53.367088Z DEBUG meow_listener::socks5: SOCKS5 relay closed: up=724 down=316
2026-08-11T04:47:53.763255Z  WARN meow_ios_ffi::tun2socks: UDP first-reply deadline exceeded for (172.19.0.1:65062, 28.0.0.149:9681) after 10000 ms; evicting session
2026-08-11T04:47:53.763577Z DEBUG meow_listener::socks5_udp: SOCKS5 UDP ASSOCIATE from 127.0.0.1:60917 closed; tearing down 1 sessions
2026-08-11T04:47:53.841495Z DEBUG meow_tunnel::tunnel: pre_handle_metadata: fake-ip 28.0.3.241 → vc-brain-hl.ndcpp.com
2026-08-11T04:47:54.346312Z DEBUG meow_tunnel::tunnel: pre_handle_metadata: fake-ip 28.0.3.241 → vc-brain-hl.ndcpp.com
2026-08-11T04:47:54.829446Z  INFO meow_ios_ffi::tun2socks: UDP reply reader idle (both directions) > 60s for (172.19.0.1:54693, 28.0.0.199:443); evicting session
2026-08-11T04:47:54.829907Z DEBUG meow_listener::socks5_udp: SOCKS5 UDP ASSOCIATE from 127.0.0.1:60348 closed; tearing down 1 sessions
2026-08-11T04:47:54.849709Z DEBUG meow_tunnel::tunnel: pre_handle_metadata: fake-ip 28.0.3.241 → vc-brain-hl.ndcpp.com
2026-08-11T04:47:55.355409Z DEBUG meow_tunnel::tunnel: pre_handle_metadata: fake-ip 28.0.3.241 → vc-brain-hl.ndcpp.com
2026-08-11T04:47:55.858841Z DEBUG meow_tunnel::tunnel: pre_handle_metadata: fake-ip 28.0.3.241 → vc-brain-hl.ndcpp.com
2026-08-11T04:47:56.807716Z DEBUG meow_tunnel::tunnel: pre_handle_metadata: fake-ip 28.0.3.241 → vc-brain-hl.ndcpp.com
2026-08-11T04:47:57.174797Z DEBUG meow_listener::socks5: SOCKS5 relay closed: up=517 down=0
2026-08-11T04:47:57.312465Z DEBUG meow_tunnel::tunnel: pre_handle_metadata: fake-ip 28.0.3.241 → vc-brain-hl.ndcpp.com
2026-08-11T04:47:57.813013Z DEBUG meow_tunnel::tunnel: pre_handle_metadata: fake-ip 28.0.3.241 → vc-brain-hl.ndcpp.com
2026-08-11T04:47:58.024361Z DEBUG meow_listener::sniffer: sniffer: 127.0.0.1:60993 --> 28.0.3.204:443 (tcp) → mssdk3-normal-hj.zijieapi.com
2026-08-11T04:47:58.024437Z DEBUG meow_listener::socks5: SOCKS5 CONNECT to 28.0.3.204:443
2026-08-11T04:47:58.024483Z DEBUG meow_tunnel::tunnel: pre_handle_metadata: fake-ip 28.0.3.204 → mssdk3-normal-hj.zijieapi.com
2026-08-11T04:47:58.024563Z  INFO meow_listener::socks5: 127.0.0.1:60993 --> mssdk3-normal-hj.zijieapi.com:443 match RULE-SET(reject-domain) using Block
2026-08-11T04:47:58.314392Z DEBUG meow_tunnel::tunnel: pre_handle_metadata: fake-ip 28.0.3.241 → vc-brain-hl.ndcpp.com
2026-08-11T04:47:58.774353Z DEBUG meow_tunnel::tunnel: pre_handle_metadata: fake-ip 28.0.0.179 → ecom5-normal-hl.ecombdapi.com
2026-08-11T04:47:58.774456Z DEBUG meow_dns::resolver: DNS lookup: ecom5-normal-hl.ecombdapi.com
2026-08-11T04:47:58.776973Z DEBUG meow_tunnel::tunnel: pre_handle_metadata: fake-ip 28.0.0.189 → search5-search-hl.amemv.com
2026-08-11T04:47:58.777003Z DEBUG meow_dns::resolver: DNS lookup: search5-search-hl.amemv.com
2026-08-11T04:47:58.808502Z DEBUG meow_tunnel::tunnel: pre_handle_metadata: fake-ip 28.0.0.194 → webcast5-core-hl.amemv.com
2026-08-11T04:47:58.819533Z DEBUG meow_tunnel::tunnel: pre_handle_metadata: fake-ip 28.0.3.241 → vc-brain-hl.ndcpp.com
2026-08-11T04:47:59.948239Z  INFO meow_ios_ffi::tun2socks: UDP reply reader idle (both directions) > 60s for (172.19.0.1:57621, 28.0.4.110:443); evicting session
2026-08-11T04:47:59.948827Z DEBUG meow_listener::socks5_udp: SOCKS5 UDP ASSOCIATE from 127.0.0.1:60512 closed; tearing down 1 sessions
2026-08-11T04:48:02.102646Z  INFO meow_ios_ffi::tun2socks: UDP reply reader idle (both directions) > 60s for (172.19.0.1:65062, 28.0.0.149:9681); evicting session
2026-08-11T04:48:02.103324Z DEBUG meow_listener::socks5_udp: SOCKS5 UDP ASSOCIATE from 127.0.0.1:60707 closed; tearing down 1 sessions
2026-08-11T04:48:03.340637Z  WARN meow_ios_ffi::tun2socks: UDP first-reply deadline exceeded for (172.19.0.1:8568, 28.0.3.241:9681) after 10000 ms; evicting session
2026-08-11T04:48:03.340710Z  WARN meow_ios_ffi::tun2socks: UDP first-reply deadline exceeded for (172.19.0.1:8568, 28.0.3.241:9681) after 10000 ms; evicting session
2026-08-11T04:48:03.341090Z DEBUG meow_listener::socks5_udp: SOCKS5 UDP ASSOCIATE from 127.0.0.1:60986 closed; tearing down 1 sessions
2026-08-11T04:48:03.341250Z DEBUG meow_listener::socks5_udp: SOCKS5 UDP ASSOCIATE from 127.0.0.1:60987 closed; tearing down 1 sessions
2026-08-11T04:48:05.411130Z DEBUG meow_listener::socks5: SOCKS5 relay error: Operation timed out (os error 60)
2026-08-11T04:48:05.745372Z DEBUG meow_tunnel::tunnel: pre_handle_metadata: fake-ip 28.0.2.153 → api5-core-yz.amemv.com
2026-08-11T04:48:05.745474Z DEBUG meow_dns::resolver: DNS lookup: api5-core-yz.amemv.com
2026-08-11T04:48:05.846517Z DEBUG meow_listener::socks5_udp: SOCKS5 UDP ASSOCIATE from 127.0.0.1:61006: relay bound on 127.0.0.1:53508
2026-08-11T04:48:05.847047Z DEBUG meow_tunnel::tunnel: pre_handle_metadata: fake-ip 28.0.3.241 → vc-brain-hl.ndcpp.com
2026-08-11T04:48:05.847104Z DEBUG meow_dns::resolver: DNS lookup: vc-brain-hl.ndcpp.com
2026-08-11T04:48:05.934058Z DEBUG meow_listener::socks5: SOCKS5 relay closed: up=1043 down=7256
2026-08-11T04:48:06.045630Z DEBUG meow_tunnel::tunnel: pre_handle_metadata: fake-ip 28.0.0.199 → webcast5-normal-lf.amemv.com
2026-08-11T04:48:06.227804Z DEBUG meow_tunnel::tunnel: pre_handle_metadata: fake-ip 28.0.2.160 → api5-core-zjg.amemv.com
2026-08-11T04:48:06.227855Z DEBUG meow_dns::resolver: DNS lookup: api5-core-zjg.amemv.com
2026-08-11T04:48:06.276320Z DEBUG meow_tunnel::tunnel: pre_handle_metadata: fake-ip 28.0.2.160 → api5-core-zjg.amemv.com
2026-08-11T04:48:06.276433Z DEBUG meow_tunnel::tunnel: pre_handle_metadata: fake-ip 28.0.2.160 → api5-core-zjg.amemv.com
2026-08-11T04:48:06.276489Z DEBUG meow_tunnel::tunnel: pre_handle_metadata: fake-ip 28.0.2.160 → api5-core-zjg.amemv.com
2026-08-11T04:48:06.349217Z DEBUG meow_tunnel::tunnel: pre_handle_metadata: fake-ip 28.0.3.241 → vc-brain-hl.ndcpp.com
2026-08-11T04:48:06.499626Z  INFO meow_ios_ffi::tun2socks: UDP reply reader idle (both directions) > 60s for (172.19.0.1:49387, 28.0.1.101:443); evicting session
2026-08-11T04:48:06.500132Z DEBUG meow_listener::socks5_udp: SOCKS5 UDP ASSOCIATE from 127.0.0.1:59992 closed; tearing down 1 sessions
2026-08-11T04:48:06.515354Z DEBUG meow_listener::socks5_udp: SOCKS5 UDP ASSOCIATE from 127.0.0.1:61015: relay bound on 127.0.0.1:50402
2026-08-11T04:48:06.515890Z DEBUG meow_tunnel::tunnel: pre_handle_metadata: fake-ip 28.0.2.160 → api5-core-zjg.amemv.com
2026-08-11T04:48:06.562180Z DEBUG meow_tunnel::tunnel: pre_handle_metadata: fake-ip 28.0.2.160 → api5-core-zjg.amemv.com
2026-08-11T04:48:06.562700Z DEBUG meow_tunnel::tunnel: pre_handle_metadata: fake-ip 28.0.2.160 → api5-core-zjg.amemv.com
2026-08-11T04:48:06.563135Z DEBUG meow_tunnel::tunnel: pre_handle_metadata: fake-ip 28.0.2.160 → api5-core-zjg.amemv.com
2026-08-11T04:48:06.563363Z DEBUG meow_tunnel::tunnel: pre_handle_metadata: fake-ip 28.0.2.160 → api5-core-zjg.amemv.com
2026-08-11T04:48:06.563534Z DEBUG meow_tunnel::tunnel: pre_handle_metadata: fake-ip 28.0.2.160 → api5-core-zjg.amemv.com
2026-08-11T04:48:06.563691Z DEBUG meow_tunnel::tunnel: pre_handle_metadata: fake-ip 28.0.2.160 → api5-core-zjg.amemv.com
2026-08-11T04:48:06.854359Z DEBUG meow_tunnel::tunnel: pre_handle_metadata: fake-ip 28.0.3.241 → vc-brain-hl.ndcpp.com
2026-08-11T04:48:06.871746Z DEBUG meow_tunnel::tunnel: pre_handle_metadata: fake-ip 28.0.2.160 → api5-core-zjg.amemv.com
2026-08-11T04:48:06.872161Z DEBUG meow_tunnel::tunnel: pre_handle_metadata: fake-ip 28.0.2.160 → api5-core-zjg.amemv.com
2026-08-11T04:48:06.897521Z DEBUG meow_listener::sniffer: sniffer: 127.0.0.1:61017 --> 28.0.2.176:443 (tcp) → p3-sign.douyinpic.com
2026-08-11T04:48:06.897574Z DEBUG meow_listener::socks5: SOCKS5 CONNECT to 28.0.2.176:443
2026-08-11T04:48:06.897595Z DEBUG meow_tunnel::tunnel: pre_handle_metadata: fake-ip 28.0.2.176 → p3-sign.douyinpic.com
2026-08-11T04:48:06.897647Z  INFO meow_listener::socks5: 127.0.0.1:61017 --> p3-sign.douyinpic.com:443 match MATCH() using DIRECT
2026-08-11T04:48:06.897714Z DEBUG meow_dns::resolver: DNS lookup: p3-sign.douyinpic.com
2026-08-11T04:48:06.897836Z DEBUG meow_tunnel::tunnel: pre_handle_metadata: fake-ip 28.0.2.160 → api5-core-zjg.amemv.com
2026-08-11T04:48:07.264937Z DEBUG meow_listener::socks5: SOCKS5 relay closed: up=761 down=4858
2026-08-11T04:48:07.359879Z DEBUG meow_tunnel::tunnel: pre_handle_metadata: fake-ip 28.0.3.241 → vc-brain-hl.ndcpp.com
2026-08-11T04:48:07.451467Z DEBUG meow_listener::socks5: SOCKS5 relay closed: up=1596 down=6143
2026-08-11T04:48:07.690224Z DEBUG meow_tunnel::tunnel: pre_handle_metadata: fake-ip 28.0.2.160 → api5-core-zjg.amemv.com
2026-08-11T04:48:07.690391Z DEBUG meow_tunnel::tunnel: pre_handle_metadata: fake-ip 28.0.2.160 → api5-core-zjg.amemv.com
2026-08-11T04:48:07.690454Z DEBUG meow_tunnel::tunnel: pre_handle_metadata: fake-ip 28.0.2.160 → api5-core-zjg.amemv.com
2026-08-11T04:48:07.701190Z DEBUG meow_listener::socks5_udp: SOCKS5 UDP ASSOCIATE from 127.0.0.1:61024: relay bound on 127.0.0.1:60482
2026-08-11T04:48:07.701207Z DEBUG meow_listener::socks5_udp: SOCKS5 UDP ASSOCIATE from 127.0.0.1:61023: relay bound on 127.0.0.1:54610
2026-08-11T04:48:07.701314Z DEBUG meow_listener::socks5_udp: SOCKS5 UDP ASSOCIATE from 127.0.0.1:61025: relay bound on 127.0.0.1:56713
2026-08-11T04:48:07.701369Z DEBUG meow_listener::socks5_udp: SOCKS5 UDP ASSOCIATE from 127.0.0.1:61026: relay bound on 127.0.0.1:61394
2026-08-11T04:48:07.701441Z DEBUG meow_listener::socks5_udp: SOCKS5 UDP ASSOCIATE from 127.0.0.1:61027: relay bound on 127.0.0.1:52908
2026-08-11T04:48:07.701450Z DEBUG meow_listener::socks5_udp: SOCKS5 UDP ASSOCIATE from 127.0.0.1:61028: relay bound on 127.0.0.1:64997
2026-08-11T04:48:07.701507Z DEBUG meow_tunnel::tunnel: pre_handle_metadata: fake-ip 28.0.2.153 → api5-core-yz.amemv.com
2026-08-11T04:48:07.701511Z DEBUG meow_tunnel::tunnel: pre_handle_metadata: fake-ip 28.0.2.153 → api5-core-yz.amemv.com
2026-08-11T04:48:07.701753Z DEBUG meow_tunnel::tunnel: pre_handle_metadata: fake-ip 28.0.2.153 → api5-core-yz.amemv.com
2026-08-11T04:48:07.701829Z DEBUG meow_tunnel::tunnel: pre_handle_metadata: fake-ip 28.0.2.153 → api5-core-yz.amemv.com
2026-08-11T04:48:07.701872Z DEBUG meow_tunnel::tunnel: pre_handle_metadata: fake-ip 28.0.2.153 → api5-core-yz.amemv.com
2026-08-11T04:48:07.701952Z DEBUG meow_tunnel::tunnel: pre_handle_metadata: fake-ip 28.0.2.153 → api5-core-yz.amemv.com
2026-08-11T04:48:07.781930Z DEBUG meow_tunnel::tunnel: pre_handle_metadata: fake-ip 28.0.2.153 → api5-core-yz.amemv.com
2026-08-11T04:48:07.785501Z DEBUG meow_tunnel::tunnel: pre_handle_metadata: fake-ip 28.0.2.160 → api5-core-zjg.amemv.com
2026-08-11T04:48:07.801450Z DEBUG meow_tunnel::tunnel: pre_handle_metadata: fake-ip 28.0.2.153 → api5-core-yz.amemv.com
2026-08-11T04:48:07.801679Z DEBUG meow_tunnel::tunnel: pre_handle_metadata: fake-ip 28.0.2.153 → api5-core-yz.amemv.com
2026-08-11T04:48:07.828451Z DEBUG meow_tunnel::tunnel: pre_handle_metadata: fake-ip 28.0.2.153 → api5-core-yz.amemv.com
2026-08-11T04:48:07.828766Z DEBUG meow_tunnel::tunnel: pre_handle_metadata: fake-ip 28.0.2.153 → api5-core-yz.amemv.com
2026-08-11T04:48:07.861449Z DEBUG meow_tunnel::tunnel: pre_handle_metadata: fake-ip 28.0.3.241 → vc-brain-hl.ndcpp.com
2026-08-11T04:48:07.981483Z DEBUG meow_tunnel::tunnel: pre_handle_metadata: fake-ip 28.0.2.153 → api5-core-yz.amemv.com
2026-08-11T04:48:08.052614Z DEBUG meow_tunnel::tunnel: pre_handle_metadata: fake-ip 28.0.2.160 → api5-core-zjg.amemv.com
2026-08-11T04:48:08.061309Z DEBUG meow_tunnel::tunnel: pre_handle_metadata: fake-ip 28.0.2.160 → api5-core-zjg.amemv.com
2026-08-11T04:48:08.066353Z DEBUG meow_tunnel::tunnel: pre_handle_metadata: fake-ip 28.0.2.160 → api5-core-zjg.amemv.com
2026-08-11T04:48:08.071882Z DEBUG meow_tunnel::tunnel: pre_handle_metadata: fake-ip 28.0.2.160 → api5-core-zjg.amemv.com
2026-08-11T04:48:08.077402Z DEBUG meow_tunnel::tunnel: pre_handle_metadata: fake-ip 28.0.2.160 → api5-core-zjg.amemv.com
2026-08-11T04:48:08.085750Z DEBUG meow_tunnel::tunnel: pre_handle_metadata: fake-ip 28.0.2.160 → api5-core-zjg.amemv.com
2026-08-11T04:48:08.091997Z DEBUG meow_tunnel::tunnel: pre_handle_metadata: fake-ip 28.0.2.160 → api5-core-zjg.amemv.com
2026-08-11T04:48:08.133800Z DEBUG meow_listener::sniffer: sniffer: 127.0.0.1:61030 --> 28.0.2.157:443 (tcp) → p96-sign.douyinpic.com
2026-08-11T04:48:08.133834Z DEBUG meow_listener::socks5: SOCKS5 CONNECT to 28.0.2.157:443
2026-08-11T04:48:08.133848Z DEBUG meow_tunnel::tunnel: pre_handle_metadata: fake-ip 28.0.2.157 → p96-sign.douyinpic.com
2026-08-11T04:48:08.133879Z  INFO meow_listener::socks5: 127.0.0.1:61030 --> p96-sign.douyinpic.com:443 match MATCH() using DIRECT
2026-08-11T04:48:08.133914Z DEBUG meow_dns::resolver: DNS lookup: p96-sign.douyinpic.com
2026-08-11T04:48:08.134913Z DEBUG meow_listener::sniffer: sniffer: 127.0.0.1:61032 --> 28.0.0.74:443 (tcp) → p11-sign.douyinpic.com
2026-08-11T04:48:08.134931Z DEBUG meow_listener::socks5: SOCKS5 CONNECT to 28.0.0.74:443
2026-08-11T04:48:08.134941Z DEBUG meow_tunnel::tunnel: pre_handle_metadata: fake-ip 28.0.0.74 → p11-sign.douyinpic.com
2026-08-11T04:48:08.134959Z  INFO meow_listener::socks5: 127.0.0.1:61032 --> p11-sign.douyinpic.com:443 match MATCH() using DIRECT
2026-08-11T04:48:08.134984Z DEBUG meow_dns::resolver: DNS lookup: p11-sign.douyinpic.com
2026-08-11T04:48:08.324025Z DEBUG meow_tunnel::tunnel: pre_handle_metadata: fake-ip 28.0.2.153 → api5-core-yz.amemv.com
2026-08-11T04:48:08.387374Z DEBUG meow_tunnel::tunnel: pre_handle_metadata: fake-ip 28.0.2.153 → api5-core-yz.amemv.com
2026-08-11T04:48:08.971862Z DEBUG meow_tunnel::tunnel: pre_handle_metadata: fake-ip 28.0.2.153 → api5-core-yz.amemv.com
2026-08-11T04:48:09.198701Z DEBUG meow_tunnel::tunnel: pre_handle_metadata: fake-ip 28.0.2.153 → api5-core-yz.amemv.com
2026-08-11T04:48:09.879623Z DEBUG meow_listener::socks5: SOCKS5 relay closed: up=517 down=0
2026-08-11T04:48:10.266157Z DEBUG meow_tunnel::tunnel: pre_handle_metadata: fake-ip 28.0.2.153 → api5-core-yz.amemv.com
2026-08-11T04:48:10.820978Z DEBUG meow_tunnel::tunnel: pre_handle_metadata: fake-ip 28.0.2.153 → api5-core-yz.amemv.com
2026-08-11T04:48:10.829074Z DEBUG meow_listener::socks5: SOCKS5 relay closed: up=907 down=4731
2026-08-11T04:48:11.328079Z DEBUG meow_tunnel::tunnel: pre_handle_metadata: fake-ip 28.0.3.241 → vc-brain-hl.ndcpp.com
2026-08-11T04:48:11.834347Z DEBUG meow_tunnel::tunnel: pre_handle_metadata: fake-ip 28.0.3.241 → vc-brain-hl.ndcpp.com
2026-08-11T04:48:12.335742Z DEBUG meow_tunnel::tunnel: pre_handle_metadata: fake-ip 28.0.3.241 → vc-brain-hl.ndcpp.com
2026-08-11T04:48:12.842020Z DEBUG meow_tunnel::tunnel: pre_handle_metadata: fake-ip 28.0.3.241 → vc-brain-hl.ndcpp.com
2026-08-11T04:48:12.936114Z DEBUG meow_tunnel::tunnel: pre_handle_metadata: fake-ip 28.0.2.153 → api5-core-yz.amemv.com
2026-08-11T04:48:13.348067Z DEBUG meow_tunnel::tunnel: pre_handle_metadata: fake-ip 28.0.3.241 → vc-brain-hl.ndcpp.com
2026-08-11T04:48:13.675240Z DEBUG meow_dns::server: DNS query: is.snssdk.com type=1
2026-08-11T04:48:13.678148Z DEBUG meow_listener::sniffer: sniffer: 127.0.0.1:61045 --> 28.0.2.162:443 (tcp) → is.snssdk.com
2026-08-11T04:48:13.678174Z DEBUG meow_listener::socks5: SOCKS5 CONNECT to 28.0.2.162:443
2026-08-11T04:48:13.678191Z DEBUG meow_tunnel::tunnel: pre_handle_metadata: fake-ip 28.0.2.162 → is.snssdk.com
2026-08-11T04:48:13.678242Z  INFO meow_listener::socks5: 127.0.0.1:61045 --> is.snssdk.com:443 match RULE-SET(reject-domain) using Block
2026-08-11T04:48:14.064242Z DEBUG meow_tunnel::tunnel: pre_handle_metadata: fake-ip 28.0.2.153 → api5-core-yz.amemv.com
2026-08-11T04:48:14.525260Z DEBUG meow_listener::socks5: SOCKS5 relay closed: up=517 down=0
2026-08-11T04:48:14.933311Z DEBUG meow_listener::sniffer: sniffer: 127.0.0.1:61047 --> 28.0.3.204:443 (tcp) → mssdk3-normal-hj.zijieapi.com
2026-08-11T04:48:14.933389Z DEBUG meow_listener::socks5: SOCKS5 CONNECT to 28.0.3.204:443
2026-08-11T04:48:14.933414Z DEBUG meow_tunnel::tunnel: pre_handle_metadata: fake-ip 28.0.3.204 → mssdk3-normal-hj.zijieapi.com
2026-08-11T04:48:14.933460Z  INFO meow_listener::socks5: 127.0.0.1:61047 --> mssdk3-normal-hj.zijieapi.com:443 match RULE-SET(reject-domain) using Block
2026-08-11T04:48:15.671081Z DEBUG meow_tunnel::tunnel: pre_handle_metadata: fake-ip 28.0.3.241 → vc-brain-hl.ndcpp.com
2026-08-11T04:48:15.847626Z  WARN meow_ios_ffi::tun2socks: UDP first-reply deadline exceeded for (172.19.0.1:8568, 28.0.3.241:9681) after 10000 ms; evicting session
2026-08-11T04:48:15.847890Z DEBUG meow_listener::socks5_udp: SOCKS5 UDP ASSOCIATE from 127.0.0.1:61006 closed; tearing down 1 sessions
2026-08-11T04:48:16.076708Z DEBUG meow_tunnel::tunnel: pre_handle_metadata: fake-ip 28.0.2.153 → api5-core-yz.amemv.com
2026-08-11T04:48:16.283068Z DEBUG meow_listener::socks5_udp: SOCKS5 UDP ASSOCIATE from 127.0.0.1:61110: relay bound on 127.0.0.1:58795
2026-08-11T04:48:16.283103Z DEBUG meow_listener::socks5_udp: SOCKS5 UDP ASSOCIATE from 127.0.0.1:61111: relay bound on 127.0.0.1:60694
2026-08-11T04:48:16.283294Z DEBUG meow_listener::socks5_udp: SOCKS5 UDP ASSOCIATE from 127.0.0.1:61112: relay bound on 127.0.0.1:55649
2026-08-11T04:48:16.283303Z DEBUG meow_listener::socks5_udp: SOCKS5 UDP ASSOCIATE from 127.0.0.1:61115: relay bound on 127.0.0.1:54846
2026-08-11T04:48:16.283404Z DEBUG meow_listener::socks5_udp: SOCKS5 UDP ASSOCIATE from 127.0.0.1:61113: relay bound on 127.0.0.1:56663
2026-08-11T04:48:16.283603Z DEBUG meow_listener::socks5_udp: SOCKS5 UDP ASSOCIATE from 127.0.0.1:61114: relay bound on 127.0.0.1:60042
2026-08-11T04:48:16.283836Z DEBUG meow_tunnel::tunnel: pre_handle_metadata: fake-ip 28.0.2.153 → api5-core-yz.amemv.com
2026-08-11T04:48:16.283967Z DEBUG meow_tunnel::tunnel: pre_handle_metadata: fake-ip 28.0.2.153 → api5-core-yz.amemv.com
2026-08-11T04:48:16.284190Z DEBUG meow_tunnel::tunnel: pre_handle_metadata: fake-ip 28.0.2.153 → api5-core-yz.amemv.com
2026-08-11T04:48:16.284454Z DEBUG meow_tunnel::tunnel: pre_handle_metadata: fake-ip 28.0.2.153 → api5-core-yz.amemv.com
2026-08-11T04:48:16.284619Z DEBUG meow_tunnel::tunnel: pre_handle_metadata: fake-ip 28.0.2.153 → api5-core-yz.amemv.com
2026-08-11T04:48:16.284825Z DEBUG meow_tunnel::tunnel: pre_handle_metadata: fake-ip 28.0.2.153 → api5-core-yz.amemv.com
2026-08-11T04:48:16.331091Z DEBUG meow_tunnel::tunnel: pre_handle_metadata: fake-ip 28.0.2.153 → api5-core-yz.amemv.com
2026-08-11T04:48:16.333618Z DEBUG meow_tunnel::tunnel: pre_handle_metadata: fake-ip 28.0.2.153 → api5-core-yz.amemv.com
2026-08-11T04:48:16.333786Z DEBUG meow_tunnel::tunnel: pre_handle_metadata: fake-ip 28.0.2.153 → api5-core-yz.amemv.com
2026-08-11T04:48:16.347517Z DEBUG meow_tunnel::tunnel: pre_handle_metadata: fake-ip 28.0.2.153 → api5-core-yz.amemv.com
2026-08-11T04:48:16.347674Z DEBUG meow_tunnel::tunnel: pre_handle_metadata: fake-ip 28.0.2.153 → api5-core-yz.amemv.com
2026-08-11T04:48:16.657351Z DEBUG meow_tunnel::tunnel: pre_handle_metadata: fake-ip 28.0.2.153 → api5-core-yz.amemv.com
2026-08-11T04:48:17.103270Z DEBUG meow_listener::sniffer: sniffer: 127.0.0.1:61150 --> 28.0.0.65:443 (tcp) → p26-sign.douyinpic.com
2026-08-11T04:48:17.103314Z DEBUG meow_listener::socks5: SOCKS5 CONNECT to 28.0.0.65:443
2026-08-11T04:48:17.103337Z DEBUG meow_tunnel::tunnel: pre_handle_metadata: fake-ip 28.0.0.65 → p26-sign.douyinpic.com
2026-08-11T04:48:17.103381Z  INFO meow_listener::socks5: 127.0.0.1:61150 --> p26-sign.douyinpic.com:443 match MATCH() using DIRECT
2026-08-11T04:48:17.103443Z DEBUG meow_dns::resolver: DNS lookup: p26-sign.douyinpic.com
2026-08-11T04:48:17.294069Z DEBUG meow_listener::socks5: SOCKS5 relay closed: up=2447 down=7368
2026-08-11T04:48:17.300913Z DEBUG meow_listener::socks5: SOCKS5 relay closed: up=2435 down=6261
2026-08-11T04:48:17.704234Z  WARN meow_ios_ffi::tun2socks: UDP first-reply deadline exceeded for (172.19.0.1:61265, 28.0.2.153:443) after 10000 ms; evicting session
2026-08-11T04:48:17.704332Z  WARN meow_ios_ffi::tun2socks: UDP first-reply deadline exceeded for (172.19.0.1:61265, 28.0.2.153:443) after 10000 ms; evicting session
2026-08-11T04:48:17.704645Z  WARN meow_ios_ffi::tun2socks: UDP first-reply deadline exceeded for (172.19.0.1:61265, 28.0.2.153:443) after 10000 ms; evicting session
2026-08-11T04:48:17.704853Z DEBUG meow_listener::socks5_udp: SOCKS5 UDP ASSOCIATE from 127.0.0.1:61026 closed; tearing down 1 sessions
2026-08-11T04:48:17.704877Z DEBUG meow_listener::socks5_udp: SOCKS5 UDP ASSOCIATE from 127.0.0.1:61024 closed; tearing down 1 sessions
2026-08-11T04:48:17.705178Z DEBUG meow_listener::socks5_udp: SOCKS5 UDP ASSOCIATE from 127.0.0.1:61028 closed; tearing down 1 sessions
2026-08-11T04:48:18.810382Z DEBUG meow_tunnel::tunnel: pre_handle_metadata: fake-ip 28.0.0.194 → webcast5-core-hl.amemv.com
2026-08-11T04:48:18.810459Z DEBUG meow_dns::resolver: DNS lookup: webcast5-core-hl.amemv.com
2026-08-11T04:48:20.371055Z DEBUG meow_listener::socks5_udp: SOCKS5 UDP ASSOCIATE from 127.0.0.1:61201: relay bound on 127.0.0.1:58417
2026-08-11T04:48:20.371350Z DEBUG meow_tunnel::tunnel: pre_handle_metadata: fake-ip 28.0.3.241 → vc-brain-hl.ndcpp.com
2026-08-11T04:48:20.876105Z DEBUG meow_tunnel::tunnel: pre_handle_metadata: fake-ip 28.0.3.241 → vc-brain-hl.ndcpp.com
2026-08-11T04:48:21.117722Z DEBUG meow_listener::sniffer: sniffer: 127.0.0.1:61203 --> 28.0.2.163:443 (tcp) → p5-sign.douyinpic.com
2026-08-11T04:48:21.117775Z DEBUG meow_listener::socks5: SOCKS5 CONNECT to 28.0.2.163:443
2026-08-11T04:48:21.117799Z DEBUG meow_tunnel::tunnel: pre_handle_metadata: fake-ip 28.0.2.163 → p5-sign.douyinpic.com
2026-08-11T04:48:21.117859Z  INFO meow_listener::socks5: 127.0.0.1:61203 --> p5-sign.douyinpic.com:443 match MATCH() using DIRECT
2026-08-11T04:48:21.117928Z DEBUG meow_dns::resolver: DNS lookup: p5-sign.douyinpic.com
2026-08-11T04:48:21.379865Z DEBUG meow_tunnel::tunnel: pre_handle_metadata: fake-ip 28.0.3.241 → vc-brain-hl.ndcpp.com
2026-08-11T04:48:21.882344Z DEBUG meow_tunnel::tunnel: pre_handle_metadata: fake-ip 28.0.3.241 → vc-brain-hl.ndcpp.com
2026-08-11T04:48:21.999987Z DEBUG meow_listener::socks5: SOCKS5 relay closed: up=268 down=0
2026-08-11T04:48:22.000035Z DEBUG meow_listener::socks5: SOCKS5 relay closed: up=517 down=0
2026-08-11T04:48:22.388274Z DEBUG meow_tunnel::tunnel: pre_handle_metadata: fake-ip 28.0.3.241 → vc-brain-hl.ndcpp.com
2026-08-11T04:48:23.104844Z  INFO meow_ios_ffi::tun2socks: UDP reply reader idle (both directions) > 60s for (172.19.0.1:65062, 28.0.0.149:9681); evicting session
2026-08-11T04:48:23.105540Z DEBUG meow_listener::socks5_udp: SOCKS5 UDP ASSOCIATE from 127.0.0.1:60794 closed; tearing down 1 sessions
2026-08-11T04:48:23.816888Z DEBUG meow_dns::server: DNS query: configuration-lb.ls-apple.com.akadns.net type=65
2026-08-11T04:48:23.816964Z DEBUG meow_dns::server: DNS forward (generic): configuration-lb.ls-apple.com.akadns.net type=HTTPS
2026-08-11T04:48:23.817060Z DEBUG meow_dns::server: DNS query: configuration-lb.ls-apple.com.akadns.net type=1
2026-08-11T04:48:23.845125Z DEBUG meow_dns::server: DNS query: k128-inapp-fclouddns.gslb.new.fclouddns.net type=65
2026-08-11T04:48:23.845184Z DEBUG meow_dns::server: DNS forward (generic): k128-inapp-fclouddns.gslb.new.fclouddns.net type=HTTPS
2026-08-11T04:48:23.845317Z DEBUG meow_dns::server: DNS query: k128-inapp-fclouddns.gslb.new.fclouddns.net type=1
2026-08-11T04:48:23.909316Z DEBUG meow_listener::sniffer: sniffer: 127.0.0.1:61213 --> 28.0.3.127:443 (tcp) → configuration.ls.apple.com
2026-08-11T04:48:23.909406Z DEBUG meow_listener::socks5: SOCKS5 CONNECT to 28.0.3.127:443
2026-08-11T04:48:23.909543Z DEBUG meow_tunnel::tunnel: pre_handle_metadata: fake-ip 28.0.3.127 → configuration-lb.ls-apple.com.akadns.net
2026-08-11T04:48:23.909637Z  INFO meow_listener::socks5: 127.0.0.1:61213 --> configuration-lb.ls-apple.com.akadns.net:443 match MATCH() using DIRECT
2026-08-11T04:48:23.909736Z DEBUG meow_dns::resolver: DNS lookup: configuration-lb.ls-apple.com.akadns.net
2026-08-11T04:48:24.158482Z DEBUG meow_listener::socks5: SOCKS5 relay closed: up=962 down=4943
2026-08-11T04:48:24.413599Z DEBUG meow_dns::server: DNS query: bag-cdn.itunes-apple.com.akadns.net type=1
2026-08-11T04:48:24.413685Z DEBUG meow_dns::server: DNS query: bag-cdn.itunes-apple.com.akadns.net type=65
2026-08-11T04:48:24.413714Z DEBUG meow_dns::server: DNS forward (generic): bag-cdn.itunes-apple.com.akadns.net type=HTTPS
2026-08-11T04:48:24.469358Z DEBUG meow_dns::server: DNS query: bag.itunes.apple.com.w.cdngslb.com type=65
2026-08-11T04:48:24.469421Z DEBUG meow_dns::server: DNS forward (generic): bag.itunes.apple.com.w.cdngslb.com type=HTTPS
2026-08-11T04:48:24.469456Z DEBUG meow_dns::server: DNS query: bag.itunes.apple.com.w.cdngslb.com type=1
2026-08-11T04:48:24.503958Z DEBUG meow_listener::socks5_udp: SOCKS5 UDP ASSOCIATE from 127.0.0.1:61223: relay bound on 127.0.0.1:58740
2026-08-11T04:48:24.504501Z DEBUG meow_tunnel::tunnel: pre_handle_metadata: fake-ip 28.0.3.76 → bag-cdn.itunes-apple.com.akadns.net
2026-08-11T04:48:24.504573Z DEBUG meow_dns::resolver: DNS lookup: bag-cdn.itunes-apple.com.akadns.net
2026-08-11T04:48:24.579427Z DEBUG meow_listener::socks5_udp: SOCKS5 UDP ASSOCIATE from 127.0.0.1:61228: relay bound on 127.0.0.1:55056
2026-08-11T04:48:24.579887Z DEBUG meow_tunnel::tunnel: pre_handle_metadata: fake-ip 28.0.0.122 → bag.itunes.apple.com.w.cdngslb.com
2026-08-11T04:48:24.579943Z DEBUG meow_dns::resolver: DNS lookup: bag.itunes.apple.com.w.cdngslb.com
2026-08-11T04:48:24.584111Z DEBUG meow_listener::sniffer: sniffer: 127.0.0.1:61233 --> 28.0.0.122:443 (tcp) → bag.itunes.apple.com
2026-08-11T04:48:24.584161Z DEBUG meow_listener::socks5: SOCKS5 CONNECT to 28.0.0.122:443
2026-08-11T04:48:24.584189Z DEBUG meow_tunnel::tunnel: pre_handle_metadata: fake-ip 28.0.0.122 → bag.itunes.apple.com.w.cdngslb.com
2026-08-11T04:48:24.584269Z  INFO meow_listener::socks5: 127.0.0.1:61233 --> bag.itunes.apple.com.w.cdngslb.com:443 match MATCH() using DIRECT
2026-08-11T04:48:24.813499Z DEBUG meow_dns::server: DNS query: fpinit-apac-cn.edge-itunes-apple.com.akadns.net type=65
2026-08-11T04:48:24.813543Z DEBUG meow_dns::server: DNS forward (generic): fpinit-apac-cn.edge-itunes-apple.com.akadns.net type=HTTPS
2026-08-11T04:48:24.813714Z DEBUG meow_dns::server: DNS query: fpinit-apac-cn.edge-itunes-apple.com.akadns.net type=1
2026-08-11T04:48:24.842241Z DEBUG meow_dns::server: DNS query: k128-fclouddns.gslb.new.fclouddns.net type=65
2026-08-11T04:48:24.842393Z DEBUG meow_dns::server: DNS forward (generic): k128-fclouddns.gslb.new.fclouddns.net type=HTTPS
2026-08-11T04:48:24.844214Z DEBUG meow_dns::server: DNS query: k128-fclouddns.gslb.new.fclouddns.net type=1
2026-08-11T04:48:24.881354Z DEBUG meow_listener::socks5_udp: SOCKS5 UDP ASSOCIATE from 127.0.0.1:61239: relay bound on 127.0.0.1:59857
2026-08-11T04:48:24.881938Z DEBUG meow_tunnel::tunnel: pre_handle_metadata: fake-ip 28.0.3.139 → fpinit-apac-cn.edge-itunes-apple.com.akadns.net
2026-08-11T04:48:24.882012Z DEBUG meow_dns::resolver: DNS lookup: fpinit-apac-cn.edge-itunes-apple.com.akadns.net
2026-08-11T04:48:24.963337Z DEBUG meow_listener::sniffer: sniffer: 127.0.0.1:61244 --> 28.0.3.134:443 (tcp) → fpinit.itunes.apple.com
2026-08-11T04:48:24.963391Z DEBUG meow_listener::socks5: SOCKS5 CONNECT to 28.0.3.134:443
2026-08-11T04:48:24.963419Z DEBUG meow_tunnel::tunnel: pre_handle_metadata: fake-ip 28.0.3.134 → k128-fclouddns.gslb.new.fclouddns.net
2026-08-11T04:48:24.963477Z  INFO meow_listener::socks5: 127.0.0.1:61244 --> k128-fclouddns.gslb.new.fclouddns.net:443 match MATCH() using DIRECT
2026-08-11T04:48:24.963537Z DEBUG meow_dns::resolver: DNS lookup: k128-fclouddns.gslb.new.fclouddns.net
2026-08-11T04:48:24.964623Z DEBUG meow_tunnel::tunnel: pre_handle_metadata: fake-ip 28.0.3.139 → fpinit-apac-cn.edge-itunes-apple.com.akadns.net
2026-08-11T04:48:24.964890Z DEBUG meow_tunnel::tunnel: pre_handle_metadata: fake-ip 28.0.3.139 → fpinit-apac-cn.edge-itunes-apple.com.akadns.net
2026-08-11T04:48:24.965271Z DEBUG meow_tunnel::tunnel: pre_handle_metadata: fake-ip 28.0.3.139 → fpinit-apac-cn.edge-itunes-apple.com.akadns.net
2026-08-11T04:48:25.009167Z DEBUG meow_listener::socks5_udp: SOCKS5 UDP ASSOCIATE from 127.0.0.1:61250: relay bound on 127.0.0.1:51680
2026-08-11T04:48:25.009114Z DEBUG meow_tunnel::tunnel: pre_handle_metadata: fake-ip 28.0.3.139 → fpinit-apac-cn.edge-itunes-apple.com.akadns.net
2026-08-11T04:48:25.009642Z DEBUG meow_tunnel::tunnel: pre_handle_metadata: fake-ip 28.0.3.134 → k128-fclouddns.gslb.new.fclouddns.net
2026-08-11T04:48:25.037212Z DEBUG meow_tunnel::tunnel: pre_handle_metadata: fake-ip 28.0.3.139 → fpinit-apac-cn.edge-itunes-apple.com.akadns.net
2026-08-11T04:48:25.040134Z DEBUG meow_tunnel::tunnel: pre_handle_metadata: fake-ip 28.0.3.139 → fpinit-apac-cn.edge-itunes-apple.com.akadns.net
2026-08-11T04:48:25.041008Z DEBUG meow_tunnel::tunnel: pre_handle_metadata: fake-ip 28.0.3.139 → fpinit-apac-cn.edge-itunes-apple.com.akadns.net
2026-08-11T04:48:25.042412Z DEBUG meow_tunnel::tunnel: pre_handle_metadata: fake-ip 28.0.3.139 → fpinit-apac-cn.edge-itunes-apple.com.akadns.net
2026-08-11T04:48:25.043310Z DEBUG meow_tunnel::tunnel: pre_handle_metadata: fake-ip 28.0.3.139 → fpinit-apac-cn.edge-itunes-apple.com.akadns.net
2026-08-11T04:48:25.045113Z DEBUG meow_tunnel::tunnel: pre_handle_metadata: fake-ip 28.0.3.139 → fpinit-apac-cn.edge-itunes-apple.com.akadns.net
2026-08-11T04:48:25.072721Z DEBUG meow_listener::socks5: SOCKS5 relay closed: up=517 down=5341
2026-08-11T04:48:25.075598Z DEBUG meow_tunnel::tunnel: pre_handle_metadata: fake-ip 28.0.3.139 → fpinit-apac-cn.edge-itunes-apple.com.akadns.net
2026-08-11T04:48:25.075920Z DEBUG meow_tunnel::tunnel: pre_handle_metadata: fake-ip 28.0.3.139 → fpinit-apac-cn.edge-itunes-apple.com.akadns.net
2026-08-11T04:48:25.172068Z DEBUG meow_tunnel::tunnel: pre_handle_metadata: fake-ip 28.0.3.139 → fpinit-apac-cn.edge-itunes-apple.com.akadns.net
2026-08-11T04:48:25.173437Z DEBUG meow_tunnel::tunnel: pre_handle_metadata: fake-ip 28.0.3.139 → fpinit-apac-cn.edge-itunes-apple.com.akadns.net
2026-08-11T04:48:25.209420Z DEBUG meow_dns::server: DNS query: weatherkit.apple.com.akadns.net type=65
2026-08-11T04:48:25.209497Z DEBUG meow_dns::server: DNS forward (generic): weatherkit.apple.com.akadns.net type=HTTPS
2026-08-11T04:48:25.211429Z DEBUG meow_dns::server: DNS query: weatherkit.apple.com.akadns.net type=1
2026-08-11T04:48:25.244511Z DEBUG meow_listener::sniffer: sniffer: 127.0.0.1:61253 --> 28.0.4.71:443 (tcp) → weatherkit.apple.com
2026-08-11T04:48:25.244560Z DEBUG meow_listener::socks5: SOCKS5 CONNECT to 28.0.4.71:443
2026-08-11T04:48:25.244581Z DEBUG meow_tunnel::tunnel: pre_handle_metadata: fake-ip 28.0.4.71 → weatherkit.apple.com.akadns.net
2026-08-11T04:48:25.244633Z  INFO meow_listener::socks5: 127.0.0.1:61253 --> weatherkit.apple.com.akadns.net:443 match MATCH() using DIRECT
2026-08-11T04:48:25.244680Z DEBUG meow_dns::resolver: DNS lookup: weatherkit.apple.com.akadns.net
2026-08-11T04:48:25.550837Z DEBUG meow_listener::socks5: SOCKS5 relay closed: up=1078 down=20053
2026-08-11T04:48:25.554274Z DEBUG meow_listener::socks5: SOCKS5 relay closed: up=1368 down=5075
2026-08-11T04:48:25.569128Z DEBUG meow_listener::sniffer: sniffer: 127.0.0.1:61259 --> 28.0.0.12:443 (tcp) → weatherkit.apple.com
2026-08-11T04:48:25.569186Z DEBUG meow_listener::socks5: SOCKS5 CONNECT to 28.0.0.12:443
2026-08-11T04:48:25.569227Z DEBUG meow_tunnel::tunnel: pre_handle_metadata: fake-ip 28.0.0.12 → k128-inapp-fclouddns.gslb.new.fclouddns.net
2026-08-11T04:48:25.569306Z  INFO meow_listener::socks5: 127.0.0.1:61259 --> k128-inapp-fclouddns.gslb.new.fclouddns.net:443 match MATCH() using DIRECT
2026-08-11T04:48:25.569395Z DEBUG meow_dns::resolver: DNS lookup: k128-inapp-fclouddns.gslb.new.fclouddns.net
2026-08-11T04:48:25.854165Z DEBUG meow_tunnel::tunnel: pre_handle_metadata: fake-ip 28.0.3.241 → vc-brain-hl.ndcpp.com
2026-08-11T04:48:26.046008Z DEBUG meow_tunnel::tunnel: pre_handle_metadata: fake-ip 28.0.0.199 → webcast5-normal-lf.amemv.com
2026-08-11T04:48:26.046043Z DEBUG meow_dns::resolver: DNS lookup: webcast5-normal-lf.amemv.com
2026-08-11T04:48:26.284641Z  WARN meow_ios_ffi::tun2socks: UDP first-reply deadline exceeded for (172.19.0.1:52850, 28.0.2.153:443) after 10000 ms; evicting session
2026-08-11T04:48:26.285120Z  WARN meow_ios_ffi::tun2socks: UDP first-reply deadline exceeded for (172.19.0.1:52850, 28.0.2.153:443) after 10000 ms; evicting session
2026-08-11T04:48:26.285223Z  WARN meow_ios_ffi::tun2socks: UDP first-reply deadline exceeded for (172.19.0.1:52850, 28.0.2.153:443) after 10000 ms; evicting session
2026-08-11T04:48:26.285289Z  WARN meow_ios_ffi::tun2socks: UDP first-reply deadline exceeded for (172.19.0.1:52850, 28.0.2.153:443) after 10000 ms; evicting session
2026-08-11T04:48:26.285493Z DEBUG meow_listener::socks5_udp: SOCKS5 UDP ASSOCIATE from 127.0.0.1:61113 closed; tearing down 1 sessions
2026-08-11T04:48:26.285541Z DEBUG meow_listener::socks5_udp: SOCKS5 UDP ASSOCIATE from 127.0.0.1:61111 closed; tearing down 1 sessions
2026-08-11T04:48:26.285864Z DEBUG meow_listener::socks5_udp: SOCKS5 UDP ASSOCIATE from 127.0.0.1:61115 closed; tearing down 1 sessions
2026-08-11T04:48:26.285952Z DEBUG meow_listener::socks5_udp: SOCKS5 UDP ASSOCIATE from 127.0.0.1:61112 closed; tearing down 1 sessions
2026-08-11T04:48:26.357657Z DEBUG meow_tunnel::tunnel: pre_handle_metadata: fake-ip 28.0.3.241 → vc-brain-hl.ndcpp.com
2026-08-11T04:48:26.685836Z  INFO meow_ios_ffi::tun2socks: UDP reply reader idle (both directions) > 60s for (172.19.0.1:61047, 28.0.4.110:443); evicting session
2026-08-11T04:48:26.686469Z DEBUG meow_listener::socks5_udp: SOCKS5 UDP ASSOCIATE from 127.0.0.1:60518 closed; tearing down 1 sessions
2026-08-11T04:48:26.861814Z DEBUG meow_tunnel::tunnel: pre_handle_metadata: fake-ip 28.0.3.241 → vc-brain-hl.ndcpp.com
2026-08-11T04:48:27.365732Z DEBUG meow_tunnel::tunnel: pre_handle_metadata: fake-ip 28.0.3.241 → vc-brain-hl.ndcpp.com
2026-08-11T04:48:27.385084Z DEBUG meow_listener::socks5: SOCKS5 relay closed: up=517 down=0
2026-08-11T04:48:27.479181Z DEBUG meow_listener::socks5: SOCKS5 CONNECT to 120.226.152.94:80
2026-08-11T04:48:27.479241Z  INFO meow_listener::socks5: 127.0.0.1:61270 --> 120.226.152.94:80 match MATCH() using DIRECT
2026-08-11T04:48:27.569184Z DEBUG meow_listener::socks5: SOCKS5 relay closed: up=530 down=655
2026-08-11T04:48:27.602220Z DEBUG meow_listener::socks5: SOCKS5 CONNECT to 120.226.152.94:80
2026-08-11T04:48:27.602269Z  INFO meow_listener::socks5: 127.0.0.1:61273 --> 120.226.152.94:80 match MATCH() using DIRECT
2026-08-11T04:48:27.690863Z DEBUG meow_tunnel::tunnel: pre_handle_metadata: fake-ip 28.0.2.160 → api5-core-zjg.amemv.com
2026-08-11T04:48:27.865487Z DEBUG meow_tunnel::tunnel: pre_handle_metadata: fake-ip 28.0.3.241 → vc-brain-hl.ndcpp.com
2026-08-11T04:48:29.528387Z DEBUG meow_listener::socks5: SOCKS5 relay error: Operation timed out (os error 60)
2026-08-11T04:48:29.635554Z DEBUG meow_listener::socks5_udp: SOCKS5 UDP ASSOCIATE from 127.0.0.1:61277: relay bound on 127.0.0.1:62273
2026-08-11T04:48:29.635637Z DEBUG meow_listener::socks5_udp: SOCKS5 UDP ASSOCIATE from 127.0.0.1:61275: relay bound on 127.0.0.1:55878
2026-08-11T04:48:29.635938Z DEBUG meow_listener::socks5_udp: SOCKS5 UDP ASSOCIATE from 127.0.0.1:61276: relay bound on 127.0.0.1:60470
2026-08-11T04:48:29.636191Z DEBUG meow_tunnel::tunnel: pre_handle_metadata: fake-ip 28.0.0.149 → signal-t1-v4-az2-01.rtcxyz.com
2026-08-11T04:48:29.636219Z DEBUG meow_tunnel::tunnel: pre_handle_metadata: fake-ip 28.0.0.149 → signal-t1-v4-az2-01.rtcxyz.com
2026-08-11T04:48:29.636469Z DEBUG meow_tunnel::tunnel: pre_handle_metadata: fake-ip 28.0.0.149 → signal-t1-v4-az2-01.rtcxyz.com
2026-08-11T04:48:29.636668Z DEBUG meow_dns::server: DNS query: signal-t1-v4-az2-01.rtcxyz.com type=1
2026-08-11T04:48:30.373635Z  WARN meow_ios_ffi::tun2socks: UDP first-reply deadline exceeded for (172.19.0.1:8568, 28.0.3.241:9681) after 10000 ms; evicting session
2026-08-11T04:48:30.374187Z DEBUG meow_listener::socks5_udp: SOCKS5 UDP ASSOCIATE from 127.0.0.1:61201 closed; tearing down 1 sessions
2026-08-11T04:48:30.467454Z DEBUG meow_dns::server: DNS query: is.snssdk.com type=1
2026-08-11T04:48:30.472330Z DEBUG meow_listener::socks5: SOCKS5 CONNECT to 28.0.2.162:80
2026-08-11T04:48:30.472394Z DEBUG meow_tunnel::tunnel: pre_handle_metadata: fake-ip 28.0.2.162 → is.snssdk.com
2026-08-11T04:48:30.472471Z  INFO meow_listener::socks5: 127.0.0.1:61279 --> is.snssdk.com:80 match RULE-SET(reject-domain) using Block
2026-08-11T04:48:33.714369Z DEBUG meow_listener::socks5_udp: SOCKS5 UDP ASSOCIATE from 127.0.0.1:61280: relay bound on 127.0.0.1:55871
2026-08-11T04:48:33.714401Z DEBUG meow_listener::socks5_udp: SOCKS5 UDP ASSOCIATE from 127.0.0.1:61281: relay bound on 127.0.0.1:56104
2026-08-11T04:48:33.714800Z DEBUG meow_tunnel::tunnel: pre_handle_metadata: fake-ip 28.0.0.149 → signal-t1-v4-az2-01.rtcxyz.com
2026-08-11T04:48:33.715200Z DEBUG meow_tunnel::tunnel: pre_handle_metadata: fake-ip 28.0.0.149 → signal-t1-v4-az2-01.rtcxyz.com
2026-08-11T04:48:33.800458Z DEBUG meow_tunnel::tunnel: pre_handle_metadata: fake-ip 28.0.0.149 → signal-t1-v4-az2-01.rtcxyz.com
2026-08-11T04:48:33.801475Z DEBUG meow_tunnel::tunnel: pre_handle_metadata: fake-ip 28.0.0.149 → signal-t1-v4-az2-01.rtcxyz.com
2026-08-11T04:48:33.801788Z DEBUG meow_tunnel::tunnel: pre_handle_metadata: fake-ip 28.0.0.149 → signal-t1-v4-az2-01.rtcxyz.com
2026-08-11T04:48:33.801858Z DEBUG meow_listener::socks5_udp: SOCKS5 UDP ASSOCIATE from 127.0.0.1:61282: relay bound on 127.0.0.1:50322
2026-08-11T04:48:33.802404Z DEBUG meow_listener::socks5_udp: SOCKS5 UDP ASSOCIATE from 127.0.0.1:61283: relay bound on 127.0.0.1:60656
2026-08-11T04:48:33.802618Z DEBUG meow_tunnel::tunnel: pre_handle_metadata: fake-ip 28.0.0.149 → signal-t1-v4-az2-01.rtcxyz.com
2026-08-11T04:48:33.802763Z DEBUG meow_tunnel::tunnel: pre_handle_metadata: fake-ip 28.0.0.149 → signal-t1-v4-az2-01.rtcxyz.com
2026-08-11T04:48:33.803588Z DEBUG meow_listener::socks5_udp: SOCKS5 UDP ASSOCIATE from 127.0.0.1:61285: relay bound on 127.0.0.1:56655
2026-08-11T04:48:33.803846Z DEBUG meow_listener::socks5_udp: SOCKS5 UDP ASSOCIATE from 127.0.0.1:61284: relay bound on 127.0.0.1:50288
2026-08-11T04:48:33.803901Z DEBUG meow_tunnel::tunnel: pre_handle_metadata: fake-ip 28.0.0.149 → signal-t1-v4-az2-01.rtcxyz.com
2026-08-11T04:48:33.804025Z DEBUG meow_tunnel::tunnel: pre_handle_metadata: fake-ip 28.0.0.149 → signal-t1-v4-az2-01.rtcxyz.com
2026-08-11T04:48:33.804285Z DEBUG meow_listener::socks5_udp: SOCKS5 UDP ASSOCIATE from 127.0.0.1:61286: relay bound on 127.0.0.1:59080
2026-08-11T04:48:33.804760Z DEBUG meow_tunnel::tunnel: pre_handle_metadata: fake-ip 28.0.0.149 → signal-t1-v4-az2-01.rtcxyz.com
2026-08-11T04:48:33.805138Z DEBUG meow_tunnel::tunnel: pre_handle_metadata: fake-ip 28.0.0.149 → signal-t1-v4-az2-01.rtcxyz.com
2026-08-11T04:48:33.805177Z DEBUG meow_listener::socks5_udp: SOCKS5 UDP ASSOCIATE from 127.0.0.1:61287: relay bound on 127.0.0.1:51435
2026-08-11T04:48:33.805318Z DEBUG meow_listener::socks5_udp: SOCKS5 UDP ASSOCIATE from 127.0.0.1:61288: relay bound on 127.0.0.1:61991
2026-08-11T04:48:33.805651Z DEBUG meow_listener::socks5_udp: SOCKS5 UDP ASSOCIATE from 127.0.0.1:61289: relay bound on 127.0.0.1:49811
2026-08-11T04:48:33.805927Z DEBUG meow_tunnel::tunnel: pre_handle_metadata: fake-ip 28.0.0.149 → signal-t1-v4-az2-01.rtcxyz.com
2026-08-11T04:48:33.806091Z DEBUG meow_tunnel::tunnel: pre_handle_metadata: fake-ip 28.0.0.149 → signal-t1-v4-az2-01.rtcxyz.com
2026-08-11T04:48:33.806672Z DEBUG meow_tunnel::tunnel: pre_handle_metadata: fake-ip 28.0.0.149 → signal-t1-v4-az2-01.rtcxyz.com
2026-08-11T04:48:33.806781Z DEBUG meow_tunnel::tunnel: pre_handle_metadata: fake-ip 28.0.0.149 → signal-t1-v4-az2-01.rtcxyz.com
2026-08-11T04:48:33.807129Z DEBUG meow_tunnel::tunnel: pre_handle_metadata: fake-ip 28.0.0.149 → signal-t1-v4-az2-01.rtcxyz.com
2026-08-11T04:48:33.807212Z DEBUG meow_listener::socks5_udp: SOCKS5 UDP ASSOCIATE from 127.0.0.1:61290: relay bound on 127.0.0.1:59358
2026-08-11T04:48:33.807302Z DEBUG meow_listener::socks5_udp: SOCKS5 UDP ASSOCIATE from 127.0.0.1:61291: relay bound on 127.0.0.1:63653
2026-08-11T04:48:33.807476Z DEBUG meow_listener::socks5_udp: SOCKS5 UDP ASSOCIATE from 127.0.0.1:61292: relay bound on 127.0.0.1:49871
2026-08-11T04:48:33.807559Z DEBUG meow_listener::socks5_udp: SOCKS5 UDP ASSOCIATE from 127.0.0.1:61293: relay bound on 127.0.0.1:52130
2026-08-11T04:48:33.807985Z DEBUG meow_listener::socks5_udp: SOCKS5 UDP ASSOCIATE from 127.0.0.1:61294: relay bound on 127.0.0.1:59770
2026-08-11T04:48:33.808118Z DEBUG meow_listener::socks5_udp: SOCKS5 UDP ASSOCIATE from 127.0.0.1:61295: relay bound on 127.0.0.1:49709
2026-08-11T04:48:33.970333Z DEBUG meow_tunnel::tunnel: pre_handle_metadata: fake-ip 28.0.0.149 → signal-t1-v4-az2-01.rtcxyz.com
2026-08-11T04:48:33.970822Z DEBUG meow_tunnel::tunnel: pre_handle_metadata: fake-ip 28.0.0.149 → signal-t1-v4-az2-01.rtcxyz.com
2026-08-11T04:48:33.971037Z DEBUG meow_listener::socks5_udp: SOCKS5 UDP ASSOCIATE from 127.0.0.1:61296: relay bound on 127.0.0.1:59578
2026-08-11T04:48:33.971111Z DEBUG meow_tunnel::tunnel: pre_handle_metadata: fake-ip 28.0.0.149 → signal-t1-v4-az2-01.rtcxyz.com
2026-08-11T04:48:33.971227Z DEBUG meow_listener::socks5_udp: SOCKS5 UDP ASSOCIATE from 127.0.0.1:61297: relay bound on 127.0.0.1:64127
2026-08-11T04:48:33.971919Z DEBUG meow_listener::socks5_udp: SOCKS5 UDP ASSOCIATE from 127.0.0.1:61298: relay bound on 127.0.0.1:60551
2026-08-11T04:48:33.972168Z DEBUG meow_tunnel::tunnel: pre_handle_metadata: fake-ip 28.0.0.149 → signal-t1-v4-az2-01.rtcxyz.com
2026-08-11T04:48:33.972289Z DEBUG meow_tunnel::tunnel: pre_handle_metadata: fake-ip 28.0.0.149 → signal-t1-v4-az2-01.rtcxyz.com
2026-08-11T04:48:33.972401Z DEBUG meow_tunnel::tunnel: pre_handle_metadata: fake-ip 28.0.0.149 → signal-t1-v4-az2-01.rtcxyz.com
2026-08-11T04:48:33.972726Z DEBUG meow_listener::socks5_udp: SOCKS5 UDP ASSOCIATE from 127.0.0.1:61299: relay bound on 127.0.0.1:49585
2026-08-11T04:48:33.972912Z DEBUG meow_listener::socks5_udp: SOCKS5 UDP ASSOCIATE from 127.0.0.1:61300: relay bound on 127.0.0.1:55289
2026-08-11T04:48:33.972932Z DEBUG meow_listener::socks5_udp: SOCKS5 UDP ASSOCIATE from 127.0.0.1:61301: relay bound on 127.0.0.1:56543
2026-08-11T04:48:33.973494Z DEBUG meow_listener::socks5_udp: SOCKS5 UDP ASSOCIATE from 127.0.0.1:61302: relay bound on 127.0.0.1:60325
2026-08-11T04:48:34.493449Z DEBUG meow_tunnel::tunnel: pre_handle_metadata: fake-ip 28.0.2.181 → signal-t1-v6-az2-01.rtcxyz.com
2026-08-11T04:48:34.493938Z DEBUG meow_tunnel::tunnel: pre_handle_metadata: fake-ip 28.0.0.149 → signal-t1-v4-az2-01.rtcxyz.com
2026-08-11T04:48:34.894419Z DEBUG meow_listener::socks5_udp: SOCKS5 UDP ASSOCIATE from 127.0.0.1:61303: relay bound on 127.0.0.1:62896
2026-08-11T04:48:34.894994Z DEBUG meow_tunnel::tunnel: pre_handle_metadata: fake-ip 28.0.3.241 → vc-brain-hl.ndcpp.com
2026-08-11T04:48:34.895063Z DEBUG meow_dns::resolver: DNS lookup: vc-brain-hl.ndcpp.com
2026-08-11T04:48:34.999363Z DEBUG meow_tunnel::tunnel: pre_handle_metadata: fake-ip 28.0.0.149 → signal-t1-v4-az2-01.rtcxyz.com
2026-08-11T04:48:35.002879Z DEBUG meow_tunnel::tunnel: pre_handle_metadata: fake-ip 28.0.0.149 → signal-t1-v4-az2-01.rtcxyz.com
2026-08-11T04:48:35.003100Z DEBUG meow_tunnel::tunnel: pre_handle_metadata: fake-ip 28.0.0.149 → signal-t1-v4-az2-01.rtcxyz.com
2026-08-11T04:48:35.003446Z DEBUG meow_tunnel::tunnel: pre_handle_metadata: fake-ip 28.0.0.149 → signal-t1-v4-az2-01.rtcxyz.com
2026-08-11T04:48:35.003740Z DEBUG meow_tunnel::tunnel: pre_handle_metadata: fake-ip 28.0.0.149 → signal-t1-v4-az2-01.rtcxyz.com
2026-08-11T04:48:35.004365Z DEBUG meow_tunnel::tunnel: pre_handle_metadata: fake-ip 28.0.0.149 → signal-t1-v4-az2-01.rtcxyz.com
2026-08-11T04:48:35.004583Z DEBUG meow_tunnel::tunnel: pre_handle_metadata: fake-ip 28.0.0.149 → signal-t1-v4-az2-01.rtcxyz.com
2026-08-11T04:48:35.004759Z DEBUG meow_tunnel::tunnel: pre_handle_metadata: fake-ip 28.0.0.149 → signal-t1-v4-az2-01.rtcxyz.com
2026-08-11T04:48:35.005485Z DEBUG meow_tunnel::tunnel: pre_handle_metadata: fake-ip 28.0.0.149 → signal-t1-v4-az2-01.rtcxyz.com
2026-08-11T04:48:35.005590Z DEBUG meow_tunnel::tunnel: pre_handle_metadata: fake-ip 28.0.0.149 → signal-t1-v4-az2-01.rtcxyz.com
2026-08-11T04:48:35.005905Z DEBUG meow_tunnel::tunnel: pre_handle_metadata: fake-ip 28.0.0.149 → signal-t1-v4-az2-01.rtcxyz.com
2026-08-11T04:48:35.006199Z DEBUG meow_tunnel::tunnel: pre_handle_metadata: fake-ip 28.0.0.149 → signal-t1-v4-az2-01.rtcxyz.com
2026-08-11T04:48:35.006595Z DEBUG meow_tunnel::tunnel: pre_handle_metadata: fake-ip 28.0.0.149 → signal-t1-v4-az2-01.rtcxyz.com
2026-08-11T04:48:35.007084Z DEBUG meow_tunnel::tunnel: pre_handle_metadata: fake-ip 28.0.0.149 → signal-t1-v4-az2-01.rtcxyz.com
2026-08-11T04:48:35.007615Z DEBUG meow_tunnel::tunnel: pre_handle_metadata: fake-ip 28.0.0.149 → signal-t1-v4-az2-01.rtcxyz.com
2026-08-11T04:48:35.008001Z DEBUG meow_tunnel::tunnel: pre_handle_metadata: fake-ip 28.0.0.149 → signal-t1-v4-az2-01.rtcxyz.com
2026-08-11T04:48:35.008420Z DEBUG meow_tunnel::tunnel: pre_handle_metadata: fake-ip 28.0.0.149 → signal-t1-v4-az2-01.rtcxyz.com
2026-08-11T04:48:35.008823Z DEBUG meow_tunnel::tunnel: pre_handle_metadata: fake-ip 28.0.0.149 → signal-t1-v4-az2-01.rtcxyz.com
2026-08-11T04:48:35.009072Z DEBUG meow_tunnel::tunnel: pre_handle_metadata: fake-ip 28.0.0.149 → signal-t1-v4-az2-01.rtcxyz.com
2026-08-11T04:48:35.009515Z DEBUG meow_tunnel::tunnel: pre_handle_metadata: fake-ip 28.0.0.149 → signal-t1-v4-az2-01.rtcxyz.com
2026-08-11T04:48:35.399033Z DEBUG meow_tunnel::tunnel: pre_handle_metadata: fake-ip 28.0.3.241 → vc-brain-hl.ndcpp.com
2026-08-11T04:48:35.902111Z DEBUG meow_tunnel::tunnel: pre_handle_metadata: fake-ip 28.0.3.241 → vc-brain-hl.ndcpp.com
2026-08-11T04:48:36.054511Z DEBUG meow_listener::sniffer: sniffer: 127.0.0.1:61309 --> 28.0.3.204:443 (tcp) → mssdk3-normal-hj.zijieapi.com
2026-08-11T04:48:36.054559Z DEBUG meow_listener::socks5: SOCKS5 CONNECT to 28.0.3.204:443
2026-08-11T04:48:36.054582Z DEBUG meow_tunnel::tunnel: pre_handle_metadata: fake-ip 28.0.3.204 → mssdk3-normal-hj.zijieapi.com
2026-08-11T04:48:36.054629Z  INFO meow_listener::socks5: 127.0.0.1:61309 --> mssdk3-normal-hj.zijieapi.com:443 match RULE-SET(reject-domain) using Block
2026-08-11T04:48:36.333525Z DEBUG meow_listener::socks5_udp: SOCKS5 UDP ASSOCIATE from 127.0.0.1:61310: relay bound on 127.0.0.1:57207
2026-08-11T04:48:36.334174Z DEBUG meow_tunnel::tunnel: pre_handle_metadata: fake-ip 28.0.2.153 → api5-core-yz.amemv.com
2026-08-11T04:48:36.406191Z DEBUG meow_tunnel::tunnel: pre_handle_metadata: fake-ip 28.0.3.241 → vc-brain-hl.ndcpp.com
2026-08-11T04:48:36.908157Z DEBUG meow_tunnel::tunnel: pre_handle_metadata: fake-ip 28.0.3.241 → vc-brain-hl.ndcpp.com
2026-08-11T04:48:37.021547Z DEBUG meow_tunnel::tunnel: pre_handle_metadata: fake-ip 28.0.0.149 → signal-t1-v4-az2-01.rtcxyz.com
2026-08-11T04:48:37.021784Z DEBUG meow_tunnel::tunnel: pre_handle_metadata: fake-ip 28.0.0.149 → signal-t1-v4-az2-01.rtcxyz.com
2026-08-11T04:48:37.024491Z DEBUG meow_tunnel::tunnel: pre_handle_metadata: fake-ip 28.0.0.149 → signal-t1-v4-az2-01.rtcxyz.com
2026-08-11T04:48:37.024756Z DEBUG meow_tunnel::tunnel: pre_handle_metadata: fake-ip 28.0.0.149 → signal-t1-v4-az2-01.rtcxyz.com
2026-08-11T04:48:37.024855Z DEBUG meow_tunnel::tunnel: pre_handle_metadata: fake-ip 28.0.0.149 → signal-t1-v4-az2-01.rtcxyz.com
2026-08-11T04:48:37.026263Z DEBUG meow_tunnel::tunnel: pre_handle_metadata: fake-ip 28.0.0.149 → signal-t1-v4-az2-01.rtcxyz.com
2026-08-11T04:48:37.026381Z DEBUG meow_tunnel::tunnel: pre_handle_metadata: fake-ip 28.0.0.149 → signal-t1-v4-az2-01.rtcxyz.com
2026-08-11T04:48:37.026468Z DEBUG meow_tunnel::tunnel: pre_handle_metadata: fake-ip 28.0.0.149 → signal-t1-v4-az2-01.rtcxyz.com
2026-08-11T04:48:37.026797Z DEBUG meow_tunnel::tunnel: pre_handle_metadata: fake-ip 28.0.0.149 → signal-t1-v4-az2-01.rtcxyz.com
2026-08-11T04:48:37.027532Z DEBUG meow_tunnel::tunnel: pre_handle_metadata: fake-ip 28.0.0.149 → signal-t1-v4-az2-01.rtcxyz.com
2026-08-11T04:48:37.027800Z DEBUG meow_tunnel::tunnel: pre_handle_metadata: fake-ip 28.0.0.149 → signal-t1-v4-az2-01.rtcxyz.com
2026-08-11T04:48:37.028115Z DEBUG meow_tunnel::tunnel: pre_handle_metadata: fake-ip 28.0.0.149 → signal-t1-v4-az2-01.rtcxyz.com
2026-08-11T04:48:37.028443Z DEBUG meow_tunnel::tunnel: pre_handle_metadata: fake-ip 28.0.0.149 → signal-t1-v4-az2-01.rtcxyz.com
2026-08-11T04:48:37.028746Z DEBUG meow_tunnel::tunnel: pre_handle_metadata: fake-ip 28.0.0.149 → signal-t1-v4-az2-01.rtcxyz.com
2026-08-11T04:48:37.029419Z DEBUG meow_tunnel::tunnel: pre_handle_metadata: fake-ip 28.0.0.149 → signal-t1-v4-az2-01.rtcxyz.com
2026-08-11T04:48:37.029615Z DEBUG meow_tunnel::tunnel: pre_handle_metadata: fake-ip 28.0.0.149 → signal-t1-v4-az2-01.rtcxyz.com
2026-08-11T04:48:37.030005Z DEBUG meow_tunnel::tunnel: pre_handle_metadata: fake-ip 28.0.0.149 → signal-t1-v4-az2-01.rtcxyz.com
2026-08-11T04:48:37.030484Z DEBUG meow_tunnel::tunnel: pre_handle_metadata: fake-ip 28.0.0.149 → signal-t1-v4-az2-01.rtcxyz.com
2026-08-11T04:48:37.031401Z DEBUG meow_tunnel::tunnel: pre_handle_metadata: fake-ip 28.0.0.149 → signal-t1-v4-az2-01.rtcxyz.com
2026-08-11T04:48:37.032407Z DEBUG meow_tunnel::tunnel: pre_handle_metadata: fake-ip 28.0.0.149 → signal-t1-v4-az2-01.rtcxyz.com
2026-08-11T04:48:38.103040Z DEBUG meow_listener::socks5: SOCKS5 relay closed: up=2624 down=326370
2026-08-11T04:48:38.550546Z DEBUG meow_dns::server: DNS query: signal-t1-v6-az2-01.rtcxyz.com type=1
2026-08-11T04:48:38.717202Z DEBUG meow_listener::socks5: SOCKS5 relay closed: up=517 down=0
2026-08-11T04:48:38.835111Z DEBUG meow_listener::socks5: SOCKS5 relay closed: up=676 down=658
2026-08-11T04:48:38.835141Z DEBUG meow_listener::socks5: SOCKS5 relay closed: up=673 down=658
2026-08-11T04:48:39.050374Z DEBUG meow_tunnel::tunnel: pre_handle_metadata: fake-ip 28.0.0.149 → signal-t1-v4-az2-01.rtcxyz.com
2026-08-11T04:48:39.050816Z DEBUG meow_tunnel::tunnel: pre_handle_metadata: fake-ip 28.0.0.149 → signal-t1-v4-az2-01.rtcxyz.com
2026-08-11T04:48:39.051116Z DEBUG meow_tunnel::tunnel: pre_handle_metadata: fake-ip 28.0.0.149 → signal-t1-v4-az2-01.rtcxyz.com
2026-08-11T04:48:39.051426Z DEBUG meow_tunnel::tunnel: pre_handle_metadata: fake-ip 28.0.0.149 → signal-t1-v4-az2-01.rtcxyz.com
2026-08-11T04:48:39.151345Z DEBUG meow_tunnel::tunnel: pre_handle_metadata: fake-ip 28.0.0.149 → signal-t1-v4-az2-01.rtcxyz.com
2026-08-11T04:48:39.151719Z DEBUG meow_tunnel::tunnel: pre_handle_metadata: fake-ip 28.0.0.149 → signal-t1-v4-az2-01.rtcxyz.com
2026-08-11T04:48:39.151943Z DEBUG meow_tunnel::tunnel: pre_handle_metadata: fake-ip 28.0.0.149 → signal-t1-v4-az2-01.rtcxyz.com
2026-08-11T04:48:39.152189Z DEBUG meow_listener::socks5_udp: SOCKS5 UDP ASSOCIATE from 127.0.0.1:61311: relay bound on 127.0.0.1:65267
2026-08-11T04:48:39.152218Z DEBUG meow_listener::socks5_udp: SOCKS5 UDP ASSOCIATE from 127.0.0.1:61312: relay bound on 127.0.0.1:64439
2026-08-11T04:48:39.152276Z DEBUG meow_tunnel::tunnel: pre_handle_metadata: fake-ip 28.0.0.149 → signal-t1-v4-az2-01.rtcxyz.com
2026-08-11T04:48:39.152887Z DEBUG meow_tunnel::tunnel: pre_handle_metadata: fake-ip 28.0.0.149 → signal-t1-v4-az2-01.rtcxyz.com
2026-08-11T04:48:39.152954Z DEBUG meow_tunnel::tunnel: pre_handle_metadata: fake-ip 28.0.0.149 → signal-t1-v4-az2-01.rtcxyz.com
2026-08-11T04:48:39.152959Z DEBUG meow_listener::socks5_udp: SOCKS5 UDP ASSOCIATE from 127.0.0.1:61313: relay bound on 127.0.0.1:61112
2026-08-11T04:48:39.153269Z DEBUG meow_listener::socks5_udp: SOCKS5 UDP ASSOCIATE from 127.0.0.1:61316: relay bound on 127.0.0.1:53891
2026-08-11T04:48:39.153331Z DEBUG meow_listener::socks5_udp: SOCKS5 UDP ASSOCIATE from 127.0.0.1:61317: relay bound on 127.0.0.1:62438
2026-08-11T04:48:39.153533Z DEBUG meow_tunnel::tunnel: pre_handle_metadata: fake-ip 28.0.0.149 → signal-t1-v4-az2-01.rtcxyz.com
2026-08-11T04:48:39.153679Z DEBUG meow_tunnel::tunnel: pre_handle_metadata: fake-ip 28.0.0.149 → signal-t1-v4-az2-01.rtcxyz.com
2026-08-11T04:48:39.153913Z DEBUG meow_listener::socks5_udp: SOCKS5 UDP ASSOCIATE from 127.0.0.1:61318: relay bound on 127.0.0.1:51637
2026-08-11T04:48:39.154162Z DEBUG meow_tunnel::tunnel: pre_handle_metadata: fake-ip 28.0.0.149 → signal-t1-v4-az2-01.rtcxyz.com
2026-08-11T04:48:39.154419Z DEBUG meow_listener::socks5_udp: SOCKS5 UDP ASSOCIATE from 127.0.0.1:61319: relay bound on 127.0.0.1:51773
2026-08-11T04:48:39.154530Z DEBUG meow_listener::socks5_udp: SOCKS5 UDP ASSOCIATE from 127.0.0.1:61320: relay bound on 127.0.0.1:63072
2026-08-11T04:48:39.394175Z DEBUG meow_listener::socks5_udp: SOCKS5 UDP ASSOCIATE from 127.0.0.1:61321: relay bound on 127.0.0.1:56756
2026-08-11T04:48:39.556025Z DEBUG meow_tunnel::tunnel: pre_handle_metadata: fake-ip 28.0.2.181 → signal-t1-v6-az2-01.rtcxyz.com
2026-08-11T04:48:39.556101Z DEBUG meow_tunnel::tunnel: pre_handle_metadata: fake-ip 28.0.0.149 → signal-t1-v4-az2-01.rtcxyz.com
2026-08-11T04:48:39.556415Z DEBUG meow_tunnel::tunnel: pre_handle_metadata: fake-ip 28.0.0.149 → signal-t1-v4-az2-01.rtcxyz.com
2026-08-11T04:48:39.638046Z  WARN meow_ios_ffi::tun2socks: UDP first-reply deadline exceeded for (172.19.0.1:65062, 28.0.0.149:9681) after 10000 ms; evicting session
2026-08-11T04:48:39.638605Z DEBUG meow_listener::socks5_udp: SOCKS5 UDP ASSOCIATE from 127.0.0.1:61275 closed; tearing down 1 sessions
2026-08-11T04:48:39.829503Z DEBUG meow_tunnel::tunnel: pre_handle_metadata: fake-ip 28.0.2.160 → api5-core-zjg.amemv.com
2026-08-11T04:48:39.829577Z DEBUG meow_dns::resolver: DNS lookup: api5-core-zjg.amemv.com
2026-08-11T04:48:39.873103Z DEBUG meow_tunnel::tunnel: pre_handle_metadata: fake-ip 28.0.2.160 → api5-core-zjg.amemv.com
2026-08-11T04:48:39.873214Z DEBUG meow_tunnel::tunnel: pre_handle_metadata: fake-ip 28.0.2.160 → api5-core-zjg.amemv.com
2026-08-11T04:48:39.873269Z DEBUG meow_tunnel::tunnel: pre_handle_metadata: fake-ip 28.0.2.160 → api5-core-zjg.amemv.com
2026-08-11T04:48:39.873314Z DEBUG meow_tunnel::tunnel: pre_handle_metadata: fake-ip 28.0.2.160 → api5-core-zjg.amemv.com
2026-08-11T04:48:39.992641Z DEBUG meow_tunnel::tunnel: pre_handle_metadata: fake-ip 28.0.0.149 → signal-t1-v4-az2-01.rtcxyz.com
2026-08-11T04:48:39.992720Z DEBUG meow_listener::socks5_udp: SOCKS5 UDP ASSOCIATE from 127.0.0.1:61326: relay bound on 127.0.0.1:64041
2026-08-11T04:48:39.992726Z DEBUG meow_tunnel::tunnel: pre_handle_metadata: fake-ip 28.0.0.149 → signal-t1-v4-az2-01.rtcxyz.com
2026-08-11T04:48:39.992773Z DEBUG meow_tunnel::tunnel: pre_handle_metadata: fake-ip 28.0.0.149 → signal-t1-v4-az2-01.rtcxyz.com
2026-08-11T04:48:39.992913Z DEBUG meow_tunnel::tunnel: pre_handle_metadata: fake-ip 28.0.0.149 → signal-t1-v4-az2-01.rtcxyz.com
2026-08-11T04:48:40.031600Z DEBUG meow_listener::socks5: SOCKS5 relay error: Connection reset by peer (os error 54)
2026-08-11T04:48:40.109619Z DEBUG meow_listener::socks5_udp: SOCKS5 UDP ASSOCIATE from 127.0.0.1:61327: relay bound on 127.0.0.1:56279
2026-08-11T04:48:40.110250Z DEBUG meow_tunnel::tunnel: pre_handle_metadata: fake-ip 28.0.2.160 → api5-core-zjg.amemv.com
2026-08-11T04:48:40.144787Z DEBUG meow_tunnel::tunnel: pre_handle_metadata: fake-ip 28.0.2.160 → api5-core-zjg.amemv.com
2026-08-11T04:48:40.145234Z DEBUG meow_tunnel::tunnel: pre_handle_metadata: fake-ip 28.0.2.160 → api5-core-zjg.amemv.com
2026-08-11T04:48:40.145504Z DEBUG meow_tunnel::tunnel: pre_handle_metadata: fake-ip 28.0.2.160 → api5-core-zjg.amemv.com
2026-08-11T04:48:40.145848Z DEBUG meow_tunnel::tunnel: pre_handle_metadata: fake-ip 28.0.2.160 → api5-core-zjg.amemv.com
2026-08-11T04:48:40.146006Z DEBUG meow_tunnel::tunnel: pre_handle_metadata: fake-ip 28.0.2.160 → api5-core-zjg.amemv.com
2026-08-11T04:48:40.146239Z DEBUG meow_tunnel::tunnel: pre_handle_metadata: fake-ip 28.0.2.160 → api5-core-zjg.amemv.com
2026-08-11T04:48:40.146434Z DEBUG meow_tunnel::tunnel: pre_handle_metadata: fake-ip 28.0.2.160 → api5-core-zjg.amemv.com
2026-08-11T04:48:40.367322Z DEBUG meow_tunnel::tunnel: pre_handle_metadata: fake-ip 28.0.3.241 → vc-brain-hl.ndcpp.com
2026-08-11T04:48:40.380510Z DEBUG meow_tunnel::tunnel: pre_handle_metadata: fake-ip 28.0.2.160 → api5-core-zjg.amemv.com
2026-08-11T04:48:40.429883Z DEBUG meow_tunnel::tunnel: pre_handle_metadata: fake-ip 28.0.2.160 → api5-core-zjg.amemv.com
2026-08-11T04:48:40.712024Z DEBUG meow_listener::socks5_udp: SOCKS5 UDP ASSOCIATE from 127.0.0.1:61328: relay bound on 127.0.0.1:56226
2026-08-11T04:48:40.712623Z DEBUG meow_tunnel::tunnel: pre_handle_metadata: fake-ip 28.0.0.95 → fpinit.itunes.apple.com
2026-08-11T04:48:40.712693Z DEBUG meow_dns::resolver: DNS lookup: fpinit.itunes.apple.com
2026-08-11T04:48:40.872938Z DEBUG meow_tunnel::tunnel: pre_handle_metadata: fake-ip 28.0.3.241 → vc-brain-hl.ndcpp.com
2026-08-11T04:48:41.374108Z DEBUG meow_tunnel::tunnel: pre_handle_metadata: fake-ip 28.0.3.241 → vc-brain-hl.ndcpp.com
2026-08-11T04:48:41.500325Z DEBUG meow_listener::socks5: SOCKS5 CONNECT to 120.226.152.94:80
2026-08-11T04:48:41.500399Z  INFO meow_listener::socks5: 127.0.0.1:61334 --> 120.226.152.94:80 match MATCH() using DIRECT
2026-08-11T04:48:41.875532Z DEBUG meow_tunnel::tunnel: pre_handle_metadata: fake-ip 28.0.3.241 → vc-brain-hl.ndcpp.com
2026-08-11T04:48:41.912768Z DEBUG meow_listener::sniffer: sniffer: 127.0.0.1:61337 --> 28.0.2.183:443 (tcp) → p11-webcast-sign.douyinpic.com
2026-08-11T04:48:41.912795Z DEBUG meow_listener::socks5: SOCKS5 CONNECT to 28.0.2.183:443
2026-08-11T04:48:41.912809Z DEBUG meow_tunnel::tunnel: pre_handle_metadata: fake-ip 28.0.2.183 → p11-webcast-sign.douyinpic.com
2026-08-11T04:48:41.912839Z  INFO meow_listener::socks5: 127.0.0.1:61337 --> p11-webcast-sign.douyinpic.com:443 match MATCH() using DIRECT
2026-08-11T04:48:41.912874Z DEBUG meow_dns::resolver: DNS lookup: p11-webcast-sign.douyinpic.com
2026-08-11T04:48:41.950136Z DEBUG meow_listener::socks5: SOCKS5 relay closed: up=687 down=4929
2026-08-11T04:48:41.951496Z DEBUG meow_listener::socks5: SOCKS5 relay closed: up=724 down=316
2026-08-11T04:48:41.953475Z DEBUG meow_listener::socks5: SOCKS5 relay closed: up=691 down=4929
2026-08-11T04:48:41.953534Z DEBUG meow_listener::socks5: SOCKS5 relay closed: up=723 down=316
2026-08-11T04:48:41.954641Z DEBUG meow_listener::socks5: SOCKS5 relay closed: up=699 down=316
2026-08-11T04:48:42.380414Z DEBUG meow_tunnel::tunnel: pre_handle_metadata: fake-ip 28.0.3.241 → vc-brain-hl.ndcpp.com
2026-08-11T04:48:43.553116Z DEBUG meow_tunnel::tunnel: pre_handle_metadata: fake-ip 28.0.0.149 → signal-t1-v4-az2-01.rtcxyz.com
2026-08-11T04:48:43.553515Z DEBUG meow_tunnel::tunnel: pre_handle_metadata: fake-ip 28.0.0.149 → signal-t1-v4-az2-01.rtcxyz.com
2026-08-11T04:48:43.553752Z DEBUG meow_tunnel::tunnel: pre_handle_metadata: fake-ip 28.0.0.149 → signal-t1-v4-az2-01.rtcxyz.com
2026-08-11T04:48:43.763562Z  INFO meow_ios_ffi::tun2socks: UDP reply reader idle (both directions) > 60s for (172.19.0.1:8774, 123.88.119.191:1384); evicting session
2026-08-11T04:48:43.764293Z DEBUG meow_listener::socks5_udp: SOCKS5 UDP ASSOCIATE from 127.0.0.1:59784 closed; tearing down 1 sessions
2026-08-11T04:48:43.804052Z  WARN meow_ios_ffi::tun2socks: UDP first-reply deadline exceeded for (172.19.0.1:8774, 120.213.130.134:8205) after 10000 ms; evicting session
2026-08-11T04:48:43.804073Z  WARN meow_ios_ffi::tun2socks: UDP first-reply deadline exceeded for (172.19.0.1:8774, 120.217.67.59:26174) after 10000 ms; evicting session
2026-08-11T04:48:43.804738Z DEBUG meow_listener::socks5_udp: SOCKS5 UDP ASSOCIATE from 127.0.0.1:61282 closed; tearing down 1 sessions
2026-08-11T04:48:43.804807Z DEBUG meow_listener::socks5_udp: SOCKS5 UDP ASSOCIATE from 127.0.0.1:61283 closed; tearing down 1 sessions
2026-08-11T04:48:43.805495Z  WARN meow_ios_ffi::tun2socks: UDP first-reply deadline exceeded for (172.19.0.1:8774, 39.154.166.194:31361) after 10000 ms; evicting session
2026-08-11T04:48:43.805591Z  WARN meow_ios_ffi::tun2socks: UDP first-reply deadline exceeded for (172.19.0.1:8774, 111.60.8.98:36368) after 10000 ms; evicting session
2026-08-11T04:48:43.805769Z DEBUG meow_listener::socks5_udp: SOCKS5 UDP ASSOCIATE from 127.0.0.1:61284 closed; tearing down 1 sessions
2026-08-11T04:48:43.805802Z DEBUG meow_listener::socks5_udp: SOCKS5 UDP ASSOCIATE from 127.0.0.1:61285 closed; tearing down 1 sessions
2026-08-11T04:48:43.806284Z  WARN meow_ios_ffi::tun2socks: UDP first-reply deadline exceeded for (172.19.0.1:8774, 183.200.239.200:20802) after 10000 ms; evicting session
2026-08-11T04:48:43.806304Z  WARN meow_ios_ffi::tun2socks: UDP first-reply deadline exceeded for (172.19.0.1:8774, 39.182.19.169:63963) after 10000 ms; evicting session
2026-08-11T04:48:43.806541Z DEBUG meow_listener::socks5_udp: SOCKS5 UDP ASSOCIATE from 127.0.0.1:61287 closed; tearing down 1 sessions
2026-08-11T04:48:43.806567Z DEBUG meow_listener::socks5_udp: SOCKS5 UDP ASSOCIATE from 127.0.0.1:61286 closed; tearing down 1 sessions
2026-08-11T04:48:43.807060Z  WARN meow_ios_ffi::tun2socks: UDP first-reply deadline exceeded for (172.19.0.1:8774, 120.207.23.36:17458) after 10000 ms; evicting session
2026-08-11T04:48:43.807094Z  WARN meow_ios_ffi::tun2socks: UDP first-reply deadline exceeded for (172.19.0.1:8774, 120.239.97.179:13716) after 10000 ms; evicting session
2026-08-11T04:48:43.807271Z DEBUG meow_listener::socks5_udp: SOCKS5 UDP ASSOCIATE from 127.0.0.1:61289 closed; tearing down 1 sessions
2026-08-11T04:48:43.807613Z DEBUG meow_listener::socks5_udp: SOCKS5 UDP ASSOCIATE from 127.0.0.1:61288 closed; tearing down 1 sessions
2026-08-11T04:48:43.808027Z  WARN meow_ios_ffi::tun2socks: UDP first-reply deadline exceeded for (172.19.0.1:8774, 36.148.237.204:1449) after 10000 ms; evicting session
2026-08-11T04:48:43.808053Z  WARN meow_ios_ffi::tun2socks: UDP first-reply deadline exceeded for (172.19.0.1:8774, 120.242.101.193:2073) after 10000 ms; evicting session
2026-08-11T04:48:43.808204Z  WARN meow_ios_ffi::tun2socks: UDP first-reply deadline exceeded for (172.19.0.1:8774, 117.155.202.179:30388) after 10000 ms; evicting session
2026-08-11T04:48:43.808230Z  WARN meow_ios_ffi::tun2socks: UDP first-reply deadline exceeded for (172.19.0.1:8774, 120.229.122.21:5774) after 10000 ms; evicting session
2026-08-11T04:48:43.808365Z DEBUG meow_listener::socks5_udp: SOCKS5 UDP ASSOCIATE from 127.0.0.1:61291 closed; tearing down 1 sessions
2026-08-11T04:48:43.808416Z DEBUG meow_listener::socks5_udp: SOCKS5 UDP ASSOCIATE from 127.0.0.1:61292 closed; tearing down 1 sessions
2026-08-11T04:48:43.808732Z DEBUG meow_listener::socks5_udp: SOCKS5 UDP ASSOCIATE from 127.0.0.1:61290 closed; tearing down 1 sessions
2026-08-11T04:48:43.808760Z DEBUG meow_listener::socks5_udp: SOCKS5 UDP ASSOCIATE from 127.0.0.1:61293 closed; tearing down 1 sessions
2026-08-11T04:48:43.809112Z  WARN meow_ios_ffi::tun2socks: UDP first-reply deadline exceeded for (172.19.0.1:8774, 117.183.184.244:8997) after 10000 ms; evicting session
2026-08-11T04:48:43.809173Z  WARN meow_ios_ffi::tun2socks: UDP first-reply deadline exceeded for (172.19.0.1:8774, 112.32.17.132:10849) after 10000 ms; evicting session
2026-08-11T04:48:43.809291Z DEBUG meow_listener::socks5_udp: SOCKS5 UDP ASSOCIATE from 127.0.0.1:61295 closed; tearing down 1 sessions
2026-08-11T04:48:43.809447Z DEBUG meow_listener::socks5_udp: SOCKS5 UDP ASSOCIATE from 127.0.0.1:61294 closed; tearing down 1 sessions
2026-08-11T04:48:43.819704Z  INFO meow_ios_ffi::tun2socks: UDP reply reader idle (both directions) > 60s for (172.19.0.1:8774, 120.238.52.180:9610); evicting session
2026-08-11T04:48:43.820335Z DEBUG meow_listener::socks5_udp: SOCKS5 UDP ASSOCIATE from 127.0.0.1:59790 closed; tearing down 1 sessions
2026-08-11T04:48:43.889857Z  INFO meow_ios_ffi::tun2socks: UDP reply reader idle (both directions) > 60s for (172.19.0.1:8774, 218.204.238.43:9800); evicting session
2026-08-11T04:48:43.890470Z  INFO meow_ios_ffi::tun2socks: UDP reply reader idle (both directions) > 60s for (172.19.0.1:8774, 28.0.0.149:9681); evicting session
2026-08-11T04:48:43.890512Z  INFO meow_ios_ffi::tun2socks: UDP reply reader idle (both directions) > 60s for (172.19.0.1:8774, 36.156.79.174:10095); evicting session
2026-08-11T04:48:43.890727Z DEBUG meow_listener::socks5_udp: SOCKS5 UDP ASSOCIATE from 127.0.0.1:59788 closed; tearing down 1 sessions
2026-08-11T04:48:43.890811Z DEBUG meow_listener::socks5_udp: SOCKS5 UDP ASSOCIATE from 127.0.0.1:60575 closed; tearing down 1 sessions
2026-08-11T04:48:43.891309Z DEBUG meow_listener::socks5_udp: SOCKS5 UDP ASSOCIATE from 127.0.0.1:59830 closed; tearing down 1 sessions
2026-08-11T04:48:43.972960Z  WARN meow_ios_ffi::tun2socks: UDP first-reply deadline exceeded for (172.19.0.1:8774, 120.225.43.110:2353) after 10000 ms; evicting session
2026-08-11T04:48:43.973454Z  WARN meow_ios_ffi::tun2socks: UDP first-reply deadline exceeded for (172.19.0.1:8774, 183.229.238.169:13435) after 10000 ms; evicting session
2026-08-11T04:48:43.973666Z DEBUG meow_listener::socks5_udp: SOCKS5 UDP ASSOCIATE from 127.0.0.1:61297 closed; tearing down 1 sessions
2026-08-11T04:48:43.974082Z  WARN meow_ios_ffi::tun2socks: UDP first-reply deadline exceeded for (172.19.0.1:8774, 115.52.15.127:36323) after 10000 ms; evicting session
2026-08-11T04:48:43.974185Z  WARN meow_ios_ffi::tun2socks: UDP first-reply deadline exceeded for (172.19.0.1:8774, 42.176.46.130:9601) after 10000 ms; evicting session
2026-08-11T04:48:43.974225Z  WARN meow_ios_ffi::tun2socks: UDP first-reply deadline exceeded for (172.19.0.1:8774, 111.60.64.76:5720) after 10000 ms; evicting session
2026-08-11T04:48:43.974379Z DEBUG meow_listener::socks5_udp: SOCKS5 UDP ASSOCIATE from 127.0.0.1:61298 closed; tearing down 1 sessions
2026-08-11T04:48:43.974449Z DEBUG meow_listener::socks5_udp: SOCKS5 UDP ASSOCIATE from 127.0.0.1:61301 closed; tearing down 1 sessions
2026-08-11T04:48:43.974798Z DEBUG meow_listener::socks5_udp: SOCKS5 UDP ASSOCIATE from 127.0.0.1:61300 closed; tearing down 1 sessions
2026-08-11T04:48:43.974829Z DEBUG meow_listener::socks5_udp: SOCKS5 UDP ASSOCIATE from 127.0.0.1:61299 closed; tearing down 1 sessions
2026-08-11T04:48:43.975138Z  WARN meow_ios_ffi::tun2socks: UDP first-reply deadline exceeded for (172.19.0.1:8774, 120.242.219.142:49600) after 10000 ms; evicting session
2026-08-11T04:48:43.975331Z DEBUG meow_listener::socks5_udp: SOCKS5 UDP ASSOCIATE from 127.0.0.1:61302 closed; tearing down 1 sessions
2026-08-11T04:48:43.997688Z DEBUG meow_listener::socks5: SOCKS5 relay error: Connection reset by peer (os error 54)
2026-08-11T04:48:44.734784Z DEBUG meow_listener::socks5: SOCKS5 relay closed: up=517 down=0
2026-08-11T04:48:44.896821Z  WARN meow_ios_ffi::tun2socks: UDP first-reply deadline exceeded for (172.19.0.1:8568, 28.0.3.241:9681) after 10000 ms; evicting session
2026-08-11T04:48:44.897454Z DEBUG meow_listener::socks5_udp: SOCKS5 UDP ASSOCIATE from 127.0.0.1:61303 closed; tearing down 1 sessions
2026-08-11T04:48:45.142963Z DEBUG meow_listener::sniffer: sniffer: 127.0.0.1:61346 --> 28.0.3.204:443 (tcp) → mssdk3-normal-hj.zijieapi.com
2026-08-11T04:48:45.143034Z DEBUG meow_listener::socks5: SOCKS5 CONNECT to 28.0.3.204:443
2026-08-11T04:48:45.143068Z DEBUG meow_tunnel::tunnel: pre_handle_metadata: fake-ip 28.0.3.204 → mssdk3-normal-hj.zijieapi.com
2026-08-11T04:48:45.143131Z  INFO meow_listener::socks5: 127.0.0.1:61346 --> mssdk3-normal-hj.zijieapi.com:443 match RULE-SET(reject-domain) using Block
2026-08-11T04:48:46.335398Z  WARN meow_ios_ffi::tun2socks: UDP first-reply deadline exceeded for (172.19.0.1:52850, 28.0.2.153:443) after 10000 ms; evicting session
2026-08-11T04:48:46.335900Z DEBUG meow_listener::socks5_udp: SOCKS5 UDP ASSOCIATE from 127.0.0.1:61310 closed; tearing down 1 sessions
2026-08-11T04:48:46.903304Z DEBUG meow_listener::socks5: SOCKS5 relay closed: up=2579 down=36567
2026-08-11T04:48:46.951755Z DEBUG meow_dns::server: DNS query: webcast5-normal-lf.amemv.com type=1
2026-08-11T04:48:46.954169Z DEBUG meow_listener::socks5_udp: SOCKS5 UDP ASSOCIATE from 127.0.0.1:61347: relay bound on 127.0.0.1:62828
2026-08-11T04:48:46.955040Z DEBUG meow_listener::socks5_udp: SOCKS5 UDP ASSOCIATE from 127.0.0.1:61348: relay bound on 127.0.0.1:64374
2026-08-11T04:48:46.955069Z DEBUG meow_listener::socks5_udp: SOCKS5 UDP ASSOCIATE from 127.0.0.1:61352: relay bound on 127.0.0.1:61419
2026-08-11T04:48:46.955168Z DEBUG meow_tunnel::tunnel: pre_handle_metadata: fake-ip 28.0.0.199 → webcast5-normal-lf.amemv.com
2026-08-11T04:48:46.955366Z DEBUG meow_listener::socks5_udp: SOCKS5 UDP ASSOCIATE from 127.0.0.1:61349: relay bound on 127.0.0.1:55419
2026-08-11T04:48:46.955631Z DEBUG meow_listener::socks5_udp: SOCKS5 UDP ASSOCIATE from 127.0.0.1:61350: relay bound on 127.0.0.1:53700
2026-08-11T04:48:46.955758Z DEBUG meow_listener::socks5_udp: SOCKS5 UDP ASSOCIATE from 127.0.0.1:61351: relay bound on 127.0.0.1:61031
2026-08-11T04:48:46.956185Z DEBUG meow_tunnel::tunnel: pre_handle_metadata: fake-ip 28.0.0.199 → webcast5-normal-lf.amemv.com
2026-08-11T04:48:46.956577Z DEBUG meow_tunnel::tunnel: pre_handle_metadata: fake-ip 28.0.0.199 → webcast5-normal-lf.amemv.com
2026-08-11T04:48:46.956777Z DEBUG meow_tunnel::tunnel: pre_handle_metadata: fake-ip 28.0.0.199 → webcast5-normal-lf.amemv.com
2026-08-11T04:48:46.956865Z DEBUG meow_tunnel::tunnel: pre_handle_metadata: fake-ip 28.0.0.199 → webcast5-normal-lf.amemv.com
2026-08-11T04:48:46.957100Z DEBUG meow_tunnel::tunnel: pre_handle_metadata: fake-ip 28.0.0.199 → webcast5-normal-lf.amemv.com
2026-08-11T04:48:46.993302Z DEBUG meow_tunnel::tunnel: pre_handle_metadata: fake-ip 28.0.0.199 → webcast5-normal-lf.amemv.com
2026-08-11T04:48:47.152488Z DEBUG meow_listener::socks5: SOCKS5 relay closed: up=684 down=580
2026-08-11T04:48:47.229816Z DEBUG meow_listener::socks5_udp: SOCKS5 UDP ASSOCIATE from 127.0.0.1:61353: relay bound on 127.0.0.1:56566
2026-08-11T04:48:47.230310Z DEBUG meow_tunnel::tunnel: pre_handle_metadata: fake-ip 28.0.0.199 → webcast5-normal-lf.amemv.com
2026-08-11T04:48:47.230531Z DEBUG meow_listener::socks5_udp: SOCKS5 UDP ASSOCIATE from 127.0.0.1:61354: relay bound on 127.0.0.1:64943
2026-08-11T04:48:47.230686Z DEBUG meow_listener::socks5_udp: SOCKS5 UDP ASSOCIATE from 127.0.0.1:61357: relay bound on 127.0.0.1:62409
2026-08-11T04:48:47.230732Z DEBUG meow_listener::socks5_udp: SOCKS5 UDP ASSOCIATE from 127.0.0.1:61356: relay bound on 127.0.0.1:58864
2026-08-11T04:48:47.230795Z DEBUG meow_listener::socks5_udp: SOCKS5 UDP ASSOCIATE from 127.0.0.1:61355: relay bound on 127.0.0.1:65055
2026-08-11T04:48:47.230917Z DEBUG meow_tunnel::tunnel: pre_handle_metadata: fake-ip 28.0.0.199 → webcast5-normal-lf.amemv.com
2026-08-11T04:48:47.230960Z DEBUG meow_tunnel::tunnel: pre_handle_metadata: fake-ip 28.0.0.199 → webcast5-normal-lf.amemv.com
2026-08-11T04:48:47.231162Z DEBUG meow_tunnel::tunnel: pre_handle_metadata: fake-ip 28.0.0.199 → webcast5-normal-lf.amemv.com
2026-08-11T04:48:47.231244Z DEBUG meow_tunnel::tunnel: pre_handle_metadata: fake-ip 28.0.0.199 → webcast5-normal-lf.amemv.com
2026-08-11T04:48:47.231345Z DEBUG meow_tunnel::tunnel: pre_handle_metadata: fake-ip 28.0.0.199 → webcast5-normal-lf.amemv.com
2026-08-11T04:48:47.255081Z DEBUG meow_listener::socks5_udp: SOCKS5 UDP ASSOCIATE from 127.0.0.1:61358: relay bound on 127.0.0.1:58824
2026-08-11T04:48:47.255681Z DEBUG meow_tunnel::tunnel: pre_handle_metadata: fake-ip 28.0.0.189 → search5-search-hl.amemv.com
2026-08-11T04:48:47.255758Z DEBUG meow_dns::resolver: DNS lookup: search5-search-hl.amemv.com
2026-08-11T04:48:47.274438Z DEBUG meow_tunnel::tunnel: pre_handle_metadata: fake-ip 28.0.0.199 → webcast5-normal-lf.amemv.com
2026-08-11T04:48:47.274758Z DEBUG meow_tunnel::tunnel: pre_handle_metadata: fake-ip 28.0.0.199 → webcast5-normal-lf.amemv.com
2026-08-11T04:48:47.274935Z DEBUG meow_tunnel::tunnel: pre_handle_metadata: fake-ip 28.0.0.199 → webcast5-normal-lf.amemv.com
2026-08-11T04:48:47.287125Z DEBUG meow_tunnel::tunnel: pre_handle_metadata: fake-ip 28.0.0.199 → webcast5-normal-lf.amemv.com
2026-08-11T04:48:47.287332Z DEBUG meow_tunnel::tunnel: pre_handle_metadata: fake-ip 28.0.0.199 → webcast5-normal-lf.amemv.com
2026-08-11T04:48:47.331346Z DEBUG meow_tunnel::tunnel: pre_handle_metadata: fake-ip 28.0.0.189 → search5-search-hl.amemv.com
2026-08-11T04:48:47.332264Z DEBUG meow_tunnel::tunnel: pre_handle_metadata: fake-ip 28.0.0.189 → search5-search-hl.amemv.com
2026-08-11T04:48:47.332448Z DEBUG meow_tunnel::tunnel: pre_handle_metadata: fake-ip 28.0.0.189 → search5-search-hl.amemv.com
2026-08-11T04:48:47.332537Z DEBUG meow_tunnel::tunnel: pre_handle_metadata: fake-ip 28.0.0.189 → search5-search-hl.amemv.com
2026-08-11T04:48:47.332635Z DEBUG meow_tunnel::tunnel: pre_handle_metadata: fake-ip 28.0.0.189 → search5-search-hl.amemv.com
2026-08-11T04:48:47.332802Z DEBUG meow_tunnel::tunnel: pre_handle_metadata: fake-ip 28.0.0.189 → search5-search-hl.amemv.com
2026-08-11T04:48:47.507659Z DEBUG meow_tunnel::tunnel: pre_handle_metadata: fake-ip 28.0.0.189 → search5-search-hl.amemv.com
2026-08-11T04:48:47.515520Z DEBUG meow_listener::socks5_udp: SOCKS5 UDP ASSOCIATE from 127.0.0.1:61363: relay bound on 127.0.0.1:59362
2026-08-11T04:48:47.515810Z DEBUG meow_tunnel::tunnel: pre_handle_metadata: fake-ip 28.0.0.199 → webcast5-normal-lf.amemv.com
2026-08-11T04:48:47.516880Z DEBUG meow_tunnel::tunnel: pre_handle_metadata: fake-ip 28.0.0.199 → webcast5-normal-lf.amemv.com
2026-08-11T04:48:47.517162Z DEBUG meow_tunnel::tunnel: pre_handle_metadata: fake-ip 28.0.0.199 → webcast5-normal-lf.amemv.com
2026-08-11T04:48:47.517304Z DEBUG meow_tunnel::tunnel: pre_handle_metadata: fake-ip 28.0.0.199 → webcast5-normal-lf.amemv.com
2026-08-11T04:48:47.517367Z DEBUG meow_tunnel::tunnel: pre_handle_metadata: fake-ip 28.0.0.199 → webcast5-normal-lf.amemv.com
2026-08-11T04:48:47.517417Z DEBUG meow_tunnel::tunnel: pre_handle_metadata: fake-ip 28.0.0.199 → webcast5-normal-lf.amemv.com
2026-08-11T04:48:47.552435Z DEBUG meow_tunnel::tunnel: pre_handle_metadata: fake-ip 28.0.0.199 → webcast5-normal-lf.amemv.com
2026-08-11T04:48:47.615808Z DEBUG meow_listener::socks5_udp: SOCKS5 UDP ASSOCIATE from 127.0.0.1:61365: relay bound on 127.0.0.1:63936
2026-08-11T04:48:47.616166Z DEBUG meow_listener::socks5_udp: SOCKS5 UDP ASSOCIATE from 127.0.0.1:61364: relay bound on 127.0.0.1:56877
2026-08-11T04:48:47.616907Z DEBUG meow_tunnel::tunnel: pre_handle_metadata: fake-ip 28.0.0.149 → signal-t1-v4-az2-01.rtcxyz.com
2026-08-11T04:48:47.616970Z DEBUG meow_dns::resolver: DNS lookup: signal-t1-v4-az2-01.rtcxyz.com
2026-08-11T04:48:47.616970Z DEBUG meow_tunnel::tunnel: pre_handle_metadata: fake-ip 28.0.0.149 → signal-t1-v4-az2-01.rtcxyz.com
2026-08-11T04:48:47.688631Z DEBUG meow_tunnel::tunnel: pre_handle_metadata: fake-ip 28.0.0.199 → webcast5-normal-lf.amemv.com
2026-08-11T04:48:47.762023Z DEBUG meow_tunnel::tunnel: pre_handle_metadata: fake-ip 28.0.0.149 → signal-t1-v4-az2-01.rtcxyz.com
2026-08-11T04:48:47.762669Z DEBUG meow_tunnel::tunnel: pre_handle_metadata: fake-ip 28.0.0.149 → signal-t1-v4-az2-01.rtcxyz.com
2026-08-11T04:48:47.763089Z DEBUG meow_tunnel::tunnel: pre_handle_metadata: fake-ip 28.0.0.149 → signal-t1-v4-az2-01.rtcxyz.com
2026-08-11T04:48:47.763492Z DEBUG meow_tunnel::tunnel: pre_handle_metadata: fake-ip 28.0.0.149 → signal-t1-v4-az2-01.rtcxyz.com
2026-08-11T04:48:47.763496Z DEBUG meow_listener::socks5_udp: SOCKS5 UDP ASSOCIATE from 127.0.0.1:61370: relay bound on 127.0.0.1:57673
2026-08-11T04:48:47.763659Z DEBUG meow_listener::socks5_udp: SOCKS5 UDP ASSOCIATE from 127.0.0.1:61371: relay bound on 127.0.0.1:57095
2026-08-11T04:48:47.763907Z DEBUG meow_listener::socks5_udp: SOCKS5 UDP ASSOCIATE from 127.0.0.1:61372: relay bound on 127.0.0.1:53501
2026-08-11T04:48:47.764111Z DEBUG meow_tunnel::tunnel: pre_handle_metadata: fake-ip 28.0.0.149 → signal-t1-v4-az2-01.rtcxyz.com
2026-08-11T04:48:47.764392Z DEBUG meow_listener::socks5_udp: SOCKS5 UDP ASSOCIATE from 127.0.0.1:61373: relay bound on 127.0.0.1:54920
2026-08-11T04:48:47.764636Z DEBUG meow_tunnel::tunnel: pre_handle_metadata: fake-ip 28.0.0.149 → signal-t1-v4-az2-01.rtcxyz.com
2026-08-11T04:48:47.764902Z DEBUG meow_listener::socks5_udp: SOCKS5 UDP ASSOCIATE from 127.0.0.1:61374: relay bound on 127.0.0.1:53991
2026-08-11T04:48:47.765540Z DEBUG meow_tunnel::tunnel: pre_handle_metadata: fake-ip 28.0.0.149 → signal-t1-v4-az2-01.rtcxyz.com
2026-08-11T04:48:47.765645Z DEBUG meow_tunnel::tunnel: pre_handle_metadata: fake-ip 28.0.0.149 → signal-t1-v4-az2-01.rtcxyz.com
2026-08-11T04:48:47.765860Z DEBUG meow_listener::socks5_udp: SOCKS5 UDP ASSOCIATE from 127.0.0.1:61375: relay bound on 127.0.0.1:62498
2026-08-11T04:48:47.766273Z DEBUG meow_listener::socks5_udp: SOCKS5 UDP ASSOCIATE from 127.0.0.1:61376: relay bound on 127.0.0.1:51374
2026-08-11T04:48:47.768909Z DEBUG meow_tunnel::tunnel: pre_handle_metadata: fake-ip 28.0.0.149 → signal-t1-v4-az2-01.rtcxyz.com
2026-08-11T04:48:47.769096Z DEBUG meow_tunnel::tunnel: pre_handle_metadata: fake-ip 28.0.0.149 → signal-t1-v4-az2-01.rtcxyz.com
2026-08-11T04:48:47.769460Z DEBUG meow_tunnel::tunnel: pre_handle_metadata: fake-ip 28.0.0.149 → signal-t1-v4-az2-01.rtcxyz.com
2026-08-11T04:48:47.769720Z DEBUG meow_listener::socks5_udp: SOCKS5 UDP ASSOCIATE from 127.0.0.1:61377: relay bound on 127.0.0.1:58410
2026-08-11T04:48:47.769841Z DEBUG meow_tunnel::tunnel: pre_handle_metadata: fake-ip 28.0.0.149 → signal-t1-v4-az2-01.rtcxyz.com
2026-08-11T04:48:47.769871Z DEBUG meow_listener::socks5_udp: SOCKS5 UDP ASSOCIATE from 127.0.0.1:61378: relay bound on 127.0.0.1:60186
2026-08-11T04:48:47.770133Z DEBUG meow_tunnel::tunnel: pre_handle_metadata: fake-ip 28.0.0.149 → signal-t1-v4-az2-01.rtcxyz.com
2026-08-11T04:48:47.770431Z DEBUG meow_listener::socks5_udp: SOCKS5 UDP ASSOCIATE from 127.0.0.1:61379: relay bound on 127.0.0.1:57852
2026-08-11T04:48:47.770487Z DEBUG meow_tunnel::tunnel: pre_handle_metadata: fake-ip 28.0.0.149 → signal-t1-v4-az2-01.rtcxyz.com
2026-08-11T04:48:47.770593Z DEBUG meow_listener::socks5_udp: SOCKS5 UDP ASSOCIATE from 127.0.0.1:61380: relay bound on 127.0.0.1:52288
2026-08-11T04:48:47.770976Z DEBUG meow_tunnel::tunnel: pre_handle_metadata: fake-ip 28.0.0.149 → signal-t1-v4-az2-01.rtcxyz.com
2026-08-11T04:48:47.771174Z DEBUG meow_listener::socks5_udp: SOCKS5 UDP ASSOCIATE from 127.0.0.1:61381: relay bound on 127.0.0.1:55344
2026-08-11T04:48:47.771488Z DEBUG meow_listener::socks5_udp: SOCKS5 UDP ASSOCIATE from 127.0.0.1:61382: relay bound on 127.0.0.1:62086
2026-08-11T04:48:47.771562Z DEBUG meow_listener::socks5_udp: SOCKS5 UDP ASSOCIATE from 127.0.0.1:61383: relay bound on 127.0.0.1:49313
2026-08-11T04:48:47.771583Z DEBUG meow_listener::socks5_udp: SOCKS5 UDP ASSOCIATE from 127.0.0.1:61384: relay bound on 127.0.0.1:56244
2026-08-11T04:48:48.603321Z DEBUG meow_tunnel::tunnel: pre_handle_metadata: fake-ip 28.0.0.149 → signal-t1-v4-az2-01.rtcxyz.com
2026-08-11T04:48:48.603569Z DEBUG meow_tunnel::tunnel: pre_handle_metadata: fake-ip 28.0.2.181 → signal-t1-v6-az2-01.rtcxyz.com
2026-08-11T04:48:49.108081Z DEBUG meow_tunnel::tunnel: pre_handle_metadata: fake-ip 28.0.0.149 → signal-t1-v4-az2-01.rtcxyz.com
2026-08-11T04:48:49.108681Z DEBUG meow_tunnel::tunnel: pre_handle_metadata: fake-ip 28.0.0.149 → signal-t1-v4-az2-01.rtcxyz.com
2026-08-11T04:48:49.109433Z DEBUG meow_tunnel::tunnel: pre_handle_metadata: fake-ip 28.0.0.149 → signal-t1-v4-az2-01.rtcxyz.com
2026-08-11T04:48:49.110319Z DEBUG meow_tunnel::tunnel: pre_handle_metadata: fake-ip 28.0.0.149 → signal-t1-v4-az2-01.rtcxyz.com
2026-08-11T04:48:49.111151Z DEBUG meow_tunnel::tunnel: pre_handle_metadata: fake-ip 28.0.0.149 → signal-t1-v4-az2-01.rtcxyz.com
2026-08-11T04:48:49.111607Z DEBUG meow_tunnel::tunnel: pre_handle_metadata: fake-ip 28.0.0.149 → signal-t1-v4-az2-01.rtcxyz.com
2026-08-11T04:48:49.112486Z DEBUG meow_tunnel::tunnel: pre_handle_metadata: fake-ip 28.0.0.149 → signal-t1-v4-az2-01.rtcxyz.com
2026-08-11T04:48:49.112941Z DEBUG meow_tunnel::tunnel: pre_handle_metadata: fake-ip 28.0.0.149 → signal-t1-v4-az2-01.rtcxyz.com
2026-08-11T04:48:49.113434Z DEBUG meow_tunnel::tunnel: pre_handle_metadata: fake-ip 28.0.0.149 → signal-t1-v4-az2-01.rtcxyz.com
2026-08-11T04:48:49.113898Z DEBUG meow_tunnel::tunnel: pre_handle_metadata: fake-ip 28.0.0.149 → signal-t1-v4-az2-01.rtcxyz.com
2026-08-11T04:48:49.114318Z DEBUG meow_tunnel::tunnel: pre_handle_metadata: fake-ip 28.0.0.149 → signal-t1-v4-az2-01.rtcxyz.com
2026-08-11T04:48:49.114896Z DEBUG meow_tunnel::tunnel: pre_handle_metadata: fake-ip 28.0.0.149 → signal-t1-v4-az2-01.rtcxyz.com
2026-08-11T04:48:49.115353Z DEBUG meow_tunnel::tunnel: pre_handle_metadata: fake-ip 28.0.0.149 → signal-t1-v4-az2-01.rtcxyz.com
2026-08-11T04:48:49.116316Z DEBUG meow_tunnel::tunnel: pre_handle_metadata: fake-ip 28.0.0.149 → signal-t1-v4-az2-01.rtcxyz.com
2026-08-11T04:48:49.117038Z DEBUG meow_tunnel::tunnel: pre_handle_metadata: fake-ip 28.0.0.149 → signal-t1-v4-az2-01.rtcxyz.com
2026-08-11T04:48:49.153405Z  WARN meow_ios_ffi::tun2socks: UDP first-reply deadline exceeded for (172.19.0.1:8774, 223.102.31.63:13319) after 10000 ms; evicting session
2026-08-11T04:48:49.153576Z  WARN meow_ios_ffi::tun2socks: UDP first-reply deadline exceeded for (172.19.0.1:8774, 114.243.141.216:1024) after 10000 ms; evicting session
2026-08-11T04:48:49.154151Z  WARN meow_ios_ffi::tun2socks: UDP first-reply deadline exceeded for (172.19.0.1:8774, 120.216.235.7:52870) after 10000 ms; evicting session
2026-08-11T04:48:49.154176Z DEBUG meow_listener::socks5_udp: SOCKS5 UDP ASSOCIATE from 127.0.0.1:61311 closed; tearing down 1 sessions
2026-08-11T04:48:49.154390Z  WARN meow_ios_ffi::tun2socks: UDP first-reply deadline exceeded for (172.19.0.1:8774, 120.235.148.45:8405) after 10000 ms; evicting session
2026-08-11T04:48:49.154642Z  WARN meow_ios_ffi::tun2socks: UDP first-reply deadline exceeded for (172.19.0.1:8774, 36.143.124.145:11368) after 10000 ms; evicting session
2026-08-11T04:48:49.154653Z DEBUG meow_listener::socks5_udp: SOCKS5 UDP ASSOCIATE from 127.0.0.1:61312 closed; tearing down 1 sessions
2026-08-11T04:48:49.154832Z DEBUG meow_listener::socks5_udp: SOCKS5 UDP ASSOCIATE from 127.0.0.1:61313 closed; tearing down 1 sessions
2026-08-11T04:48:49.154955Z DEBUG meow_listener::socks5_udp: SOCKS5 UDP ASSOCIATE from 127.0.0.1:61316 closed; tearing down 1 sessions
2026-08-11T04:48:49.155183Z  WARN meow_ios_ffi::tun2socks: UDP first-reply deadline exceeded for (172.19.0.1:8774, 111.60.192.147:49798) after 10000 ms; evicting session
2026-08-11T04:48:49.155325Z  WARN meow_ios_ffi::tun2socks: UDP first-reply deadline exceeded for (172.19.0.1:8774, 123.185.107.36:16139) after 10000 ms; evicting session
2026-08-11T04:48:49.155424Z  WARN meow_ios_ffi::tun2socks: UDP first-reply deadline exceeded for (172.19.0.1:8774, 39.177.204.2:47109) after 10000 ms; evicting session
2026-08-11T04:48:49.155477Z DEBUG meow_listener::socks5_udp: SOCKS5 UDP ASSOCIATE from 127.0.0.1:61317 closed; tearing down 1 sessions
2026-08-11T04:48:49.155619Z DEBUG meow_listener::socks5_udp: SOCKS5 UDP ASSOCIATE from 127.0.0.1:61318 closed; tearing down 1 sessions
2026-08-11T04:48:49.155743Z DEBUG meow_listener::socks5_udp: SOCKS5 UDP ASSOCIATE from 127.0.0.1:61320 closed; tearing down 1 sessions
2026-08-11T04:48:49.156029Z DEBUG meow_listener::socks5_udp: SOCKS5 UDP ASSOCIATE from 127.0.0.1:61319 closed; tearing down 1 sessions
2026-08-11T04:48:49.396261Z  WARN meow_ios_ffi::tun2socks: UDP first-reply deadline exceeded for (172.19.0.1:8774, 120.216.235.7:52972) after 10000 ms; evicting session
2026-08-11T04:48:49.396919Z DEBUG meow_listener::socks5_udp: SOCKS5 UDP ASSOCIATE from 127.0.0.1:61321 closed; tearing down 1 sessions
2026-08-11T04:48:49.417961Z DEBUG meow_listener::socks5_udp: SOCKS5 UDP ASSOCIATE from 127.0.0.1:61385: relay bound on 127.0.0.1:49677
2026-08-11T04:48:49.418530Z DEBUG meow_tunnel::tunnel: pre_handle_metadata: fake-ip 28.0.3.241 → vc-brain-hl.ndcpp.com
2026-08-11T04:48:49.918386Z DEBUG meow_tunnel::tunnel: pre_handle_metadata: fake-ip 28.0.3.241 → vc-brain-hl.ndcpp.com
2026-08-11T04:48:50.180281Z  INFO meow_ios_ffi::tun2socks: UDP reply reader idle (both directions) > 60s for (172.19.0.1:8774, 112.192.252.61:17606); evicting session
2026-08-11T04:48:50.181126Z DEBUG meow_listener::socks5_udp: SOCKS5 UDP ASSOCIATE from 127.0.0.1:60806 closed; tearing down 1 sessions
2026-08-11T04:48:50.420112Z DEBUG meow_tunnel::tunnel: pre_handle_metadata: fake-ip 28.0.3.241 → vc-brain-hl.ndcpp.com
2026-08-11T04:48:50.923104Z DEBUG meow_tunnel::tunnel: pre_handle_metadata: fake-ip 28.0.3.241 → vc-brain-hl.ndcpp.com
2026-08-11T04:48:50.949142Z  INFO meow_ios_ffi::tun2socks: UDP reply reader idle (both directions) > 60s for (172.19.0.1:8774, 123.88.119.191:1383); evicting session
2026-08-11T04:48:50.949722Z DEBUG meow_listener::socks5_udp: SOCKS5 UDP ASSOCIATE from 127.0.0.1:60781 closed; tearing down 0 sessions
2026-08-11T04:48:51.137046Z DEBUG meow_tunnel::tunnel: pre_handle_metadata: fake-ip 28.0.0.149 → signal-t1-v4-az2-01.rtcxyz.com
2026-08-11T04:48:51.138105Z DEBUG meow_tunnel::tunnel: pre_handle_metadata: fake-ip 28.0.0.149 → signal-t1-v4-az2-01.rtcxyz.com
2026-08-11T04:48:51.138516Z DEBUG meow_tunnel::tunnel: pre_handle_metadata: fake-ip 28.0.0.149 → signal-t1-v4-az2-01.rtcxyz.com
2026-08-11T04:48:51.139246Z DEBUG meow_tunnel::tunnel: pre_handle_metadata: fake-ip 28.0.0.149 → signal-t1-v4-az2-01.rtcxyz.com
2026-08-11T04:48:51.139893Z DEBUG meow_tunnel::tunnel: pre_handle_metadata: fake-ip 28.0.0.149 → signal-t1-v4-az2-01.rtcxyz.com
2026-08-11T04:48:51.140387Z DEBUG meow_tunnel::tunnel: pre_handle_metadata: fake-ip 28.0.0.149 → signal-t1-v4-az2-01.rtcxyz.com
2026-08-11T04:48:51.140914Z DEBUG meow_tunnel::tunnel: pre_handle_metadata: fake-ip 28.0.0.149 → signal-t1-v4-az2-01.rtcxyz.com
2026-08-11T04:48:51.141466Z DEBUG meow_tunnel::tunnel: pre_handle_metadata: fake-ip 28.0.0.149 → signal-t1-v4-az2-01.rtcxyz.com
2026-08-11T04:48:51.141960Z DEBUG meow_tunnel::tunnel: pre_handle_metadata: fake-ip 28.0.0.149 → signal-t1-v4-az2-01.rtcxyz.com
2026-08-11T04:48:51.142336Z DEBUG meow_tunnel::tunnel: pre_handle_metadata: fake-ip 28.0.0.149 → signal-t1-v4-az2-01.rtcxyz.com
2026-08-11T04:48:51.142862Z DEBUG meow_tunnel::tunnel: pre_handle_metadata: fake-ip 28.0.0.149 → signal-t1-v4-az2-01.rtcxyz.com
2026-08-11T04:48:51.143330Z DEBUG meow_tunnel::tunnel: pre_handle_metadata: fake-ip 28.0.0.149 → signal-t1-v4-az2-01.rtcxyz.com
2026-08-11T04:48:51.143869Z DEBUG meow_tunnel::tunnel: pre_handle_metadata: fake-ip 28.0.0.149 → signal-t1-v4-az2-01.rtcxyz.com
2026-08-11T04:48:51.144387Z DEBUG meow_tunnel::tunnel: pre_handle_metadata: fake-ip 28.0.0.149 → signal-t1-v4-az2-01.rtcxyz.com
2026-08-11T04:48:51.144969Z DEBUG meow_tunnel::tunnel: pre_handle_metadata: fake-ip 28.0.0.149 → signal-t1-v4-az2-01.rtcxyz.com
2026-08-11T04:48:51.426705Z DEBUG meow_tunnel::tunnel: pre_handle_metadata: fake-ip 28.0.3.241 → vc-brain-hl.ndcpp.com
2026-08-11T04:48:51.979218Z  INFO meow_ios_ffi::tun2socks: UDP reply reader idle (both directions) > 60s for (172.19.0.1:8774, 120.238.52.180:9980); evicting session
2026-08-11T04:48:51.980080Z DEBUG meow_listener::socks5_udp: SOCKS5 UDP ASSOCIATE from 127.0.0.1:59791 closed; tearing down 0 sessions
2026-08-11T04:48:53.017298Z DEBUG meow_listener::socks5: SOCKS5 relay error: Connection reset by peer (os error 54)
2026-08-11T04:48:53.163756Z DEBUG meow_tunnel::tunnel: pre_handle_metadata: fake-ip 28.0.0.149 → signal-t1-v4-az2-01.rtcxyz.com
2026-08-11T04:48:53.163880Z DEBUG meow_tunnel::tunnel: pre_handle_metadata: fake-ip 28.0.0.149 → signal-t1-v4-az2-01.rtcxyz.com
2026-08-11T04:48:53.163961Z DEBUG meow_tunnel::tunnel: pre_handle_metadata: fake-ip 28.0.0.149 → signal-t1-v4-az2-01.rtcxyz.com
2026-08-11T04:48:53.164033Z DEBUG meow_tunnel::tunnel: pre_handle_metadata: fake-ip 28.0.0.149 → signal-t1-v4-az2-01.rtcxyz.com
2026-08-11T04:48:53.164104Z DEBUG meow_tunnel::tunnel: pre_handle_metadata: fake-ip 28.0.0.149 → signal-t1-v4-az2-01.rtcxyz.com
2026-08-11T04:48:53.221000Z DEBUG meow_listener::sniffer: sniffer: 127.0.0.1:61387 --> 28.0.2.157:443 (tcp) → p96-sign.douyinpic.com
2026-08-11T04:48:53.221075Z DEBUG meow_listener::socks5: SOCKS5 CONNECT to 28.0.2.157:443
2026-08-11T04:48:53.221116Z DEBUG meow_tunnel::tunnel: pre_handle_metadata: fake-ip 28.0.2.157 → p96-sign.douyinpic.com
2026-08-11T04:48:53.221199Z  INFO meow_listener::socks5: 127.0.0.1:61387 --> p96-sign.douyinpic.com:443 match MATCH() using DIRECT
2026-08-11T04:48:53.221301Z DEBUG meow_dns::resolver: DNS lookup: p96-sign.douyinpic.com
2026-08-11T04:48:53.233308Z DEBUG meow_tunnel::tunnel: pre_handle_metadata: fake-ip 28.0.0.149 → signal-t1-v4-az2-01.rtcxyz.com
2026-08-11T04:48:53.234395Z DEBUG meow_tunnel::tunnel: pre_handle_metadata: fake-ip 28.0.0.149 → signal-t1-v4-az2-01.rtcxyz.com
2026-08-11T04:48:53.234532Z DEBUG meow_tunnel::tunnel: pre_handle_metadata: fake-ip 28.0.0.149 → signal-t1-v4-az2-01.rtcxyz.com
2026-08-11T04:48:53.234602Z DEBUG meow_tunnel::tunnel: pre_handle_metadata: fake-ip 28.0.0.149 → signal-t1-v4-az2-01.rtcxyz.com
2026-08-11T04:48:53.234854Z DEBUG meow_tunnel::tunnel: pre_handle_metadata: fake-ip 28.0.0.149 → signal-t1-v4-az2-01.rtcxyz.com
2026-08-11T04:48:53.263493Z DEBUG meow_listener::socks5: SOCKS5 relay error: Connection reset by peer (os error 54)
2026-08-11T04:48:53.335274Z DEBUG meow_dns::server: DNS query: lf3-static.bytednsdoc.com type=1
2026-08-11T04:48:53.337012Z DEBUG meow_listener::sniffer: sniffer: 127.0.0.1:61395 --> 28.0.3.213:443 (tcp) → lf3-static.bytednsdoc.com
2026-08-11T04:48:53.337030Z DEBUG meow_listener::socks5: SOCKS5 CONNECT to 28.0.3.213:443
2026-08-11T04:48:53.337041Z DEBUG meow_tunnel::tunnel: pre_handle_metadata: fake-ip 28.0.3.213 → lf3-static.bytednsdoc.com
2026-08-11T04:48:53.337070Z  INFO meow_listener::socks5: 127.0.0.1:61395 --> lf3-static.bytednsdoc.com:443 match MATCH() using DIRECT
2026-08-11T04:48:53.337102Z DEBUG meow_dns::resolver: DNS lookup: lf3-static.bytednsdoc.com
2026-08-11T04:48:53.582022Z DEBUG meow_dns::server: DNS query: v26-cold.douyinvod.com type=1
2026-08-11T04:48:53.582095Z DEBUG meow_dns::fakeip: fakeip: allocated v26-cold.douyinvod.com → 28.0.4.120
2026-08-11T04:48:53.584778Z DEBUG meow_listener::sniffer: sniffer: 127.0.0.1:61402 --> 28.0.4.120:443 (tcp) → v26-cold.douyinvod.com
2026-08-11T04:48:53.584806Z DEBUG meow_listener::socks5: SOCKS5 CONNECT to 28.0.4.120:443
2026-08-11T04:48:53.584822Z DEBUG meow_tunnel::tunnel: pre_handle_metadata: fake-ip 28.0.4.120 → v26-cold.douyinvod.com
2026-08-11T04:48:53.584873Z  INFO meow_listener::socks5: 127.0.0.1:61402 --> v26-cold.douyinvod.com:443 match MATCH() using DIRECT
2026-08-11T04:48:53.584926Z DEBUG meow_dns::resolver: DNS lookup: v26-cold.douyinvod.com
2026-08-11T04:48:53.622260Z  INFO meow_ios_ffi::tun2socks: UDP reply reader idle (both directions) > 60s for (172.19.0.1:8774, 58.247.150.210:7176); evicting session
2026-08-11T04:48:53.622878Z DEBUG meow_listener::socks5_udp: SOCKS5 UDP ASSOCIATE from 127.0.0.1:60503 closed; tearing down 1 sessions
2026-08-11T04:48:53.667971Z DEBUG meow_tunnel::tunnel: pre_handle_metadata: fake-ip 28.0.0.149 → signal-t1-v4-az2-01.rtcxyz.com
2026-08-11T04:48:53.668064Z DEBUG meow_tunnel::tunnel: pre_handle_metadata: fake-ip 28.0.2.181 → signal-t1-v6-az2-01.rtcxyz.com
2026-08-11T04:48:53.759515Z DEBUG meow_tunnel::tunnel: pre_handle_metadata: fake-ip 28.0.3.241 → vc-brain-hl.ndcpp.com
2026-08-11T04:48:53.764966Z DEBUG meow_dns::server: DNS query: orzonera.yingt.fun type=1
2026-08-11T04:48:53.770118Z DEBUG meow_listener::sniffer: sniffer: 127.0.0.1:61409 --> 28.0.3.250:443 (tcp) → orzonera.yingt.fun
2026-08-11T04:48:53.770186Z DEBUG meow_listener::socks5: SOCKS5 CONNECT to 28.0.3.250:443
2026-08-11T04:48:53.770214Z DEBUG meow_tunnel::tunnel: pre_handle_metadata: fake-ip 28.0.3.250 → orzonera.yingt.fun
2026-08-11T04:48:53.770277Z  INFO meow_listener::socks5: 127.0.0.1:61409 --> orzonera.yingt.fun:443 match MATCH() using DIRECT
2026-08-11T04:48:53.770385Z DEBUG meow_dns::resolver: DNS lookup: orzonera.yingt.fun
2026-08-11T04:48:54.038846Z DEBUG meow_listener::socks5: SOCKS5 relay closed: up=2041 down=4625
2026-08-11T04:48:54.041086Z DEBUG meow_listener::socks5: SOCKS5 CONNECT to 111.31.36.96:80
2026-08-11T04:48:54.041178Z  INFO meow_listener::socks5: 127.0.0.1:61416 --> orzonera.yingt.fun:80 match MATCH() using DIRECT
2026-08-11T04:48:54.132014Z DEBUG meow_listener::socks5: SOCKS5 CONNECT to 120.232.161.202:9102
2026-08-11T04:48:54.132100Z  INFO meow_listener::socks5: 127.0.0.1:61419 --> 120.232.161.202:9102 match MATCH() using DIRECT
2026-08-11T04:48:54.202642Z DEBUG meow_listener::socks5: SOCKS5 relay closed: up=1488 down=1075
2026-08-11T04:48:54.206847Z DEBUG meow_listener::socks5: SOCKS5 CONNECT to 120.241.72.119:2010
2026-08-11T04:48:54.206858Z DEBUG meow_listener::socks5: SOCKS5 CONNECT to 223.83.176.107:35004
2026-08-11T04:48:54.206936Z  INFO meow_listener::socks5: 127.0.0.1:61423 --> 120.241.72.119:2010 match MATCH() using DIRECT
2026-08-11T04:48:54.207045Z  INFO meow_listener::socks5: 127.0.0.1:61424 --> 223.83.176.107:35004 match MATCH() using DIRECT
2026-08-11T04:48:54.265242Z DEBUG meow_tunnel::tunnel: pre_handle_metadata: fake-ip 28.0.3.241 → vc-brain-hl.ndcpp.com
2026-08-11T04:48:54.362826Z DEBUG meow_listener::socks5: SOCKS5 relay closed: up=1760 down=209
2026-08-11T04:48:54.511703Z DEBUG meow_listener::socks5: SOCKS5 relay closed: up=1760 down=201
2026-08-11T04:48:54.766573Z DEBUG meow_tunnel::tunnel: pre_handle_metadata: fake-ip 28.0.3.241 → vc-brain-hl.ndcpp.com
2026-08-11T04:48:55.207536Z DEBUG meow_listener::socks5: SOCKS5 relay error: Broken pipe (os error 32)
2026-08-11T04:48:55.272644Z DEBUG meow_tunnel::tunnel: pre_handle_metadata: fake-ip 28.0.3.241 → vc-brain-hl.ndcpp.com
2026-08-11T04:48:55.775243Z DEBUG meow_tunnel::tunnel: pre_handle_metadata: fake-ip 28.0.3.241 → vc-brain-hl.ndcpp.com
2026-08-11T04:48:56.080743Z DEBUG meow_tunnel::tunnel: pre_handle_metadata: fake-ip 28.0.3.241 → vc-brain-hl.ndcpp.com
2026-08-11T04:48:56.080865Z DEBUG meow_tunnel::tunnel: pre_handle_metadata: fake-ip 28.0.3.241 → vc-brain-hl.ndcpp.com
2026-08-11T04:48:56.334787Z DEBUG meow_listener::socks5_udp: SOCKS5 UDP ASSOCIATE from 127.0.0.1:61427: relay bound on 127.0.0.1:59973
2026-08-11T04:48:56.335331Z DEBUG meow_tunnel::tunnel: pre_handle_metadata: fake-ip 28.0.2.153 → api5-core-yz.amemv.com
2026-08-11T04:48:56.429357Z DEBUG meow_tunnel::tunnel: pre_handle_metadata: fake-ip 28.0.2.153 → api5-core-yz.amemv.com
2026-08-11T04:48:56.586663Z DEBUG meow_tunnel::tunnel: pre_handle_metadata: fake-ip 28.0.3.241 → vc-brain-hl.ndcpp.com
2026-08-11T04:48:56.586780Z DEBUG meow_tunnel::tunnel: pre_handle_metadata: fake-ip 28.0.3.241 → vc-brain-hl.ndcpp.com
2026-08-11T04:48:56.618433Z DEBUG meow_tunnel::tunnel: pre_handle_metadata: fake-ip 28.0.2.153 → api5-core-yz.amemv.com
2026-08-11T04:48:56.956835Z  WARN meow_ios_ffi::tun2socks: UDP first-reply deadline exceeded for (172.19.0.1:58036, 28.0.0.199:443) after 10000 ms; evicting session
2026-08-11T04:48:56.956932Z  WARN meow_ios_ffi::tun2socks: UDP first-reply deadline exceeded for (172.19.0.1:58036, 28.0.0.199:443) after 10000 ms; evicting session
2026-08-11T04:48:56.957237Z  WARN meow_ios_ffi::tun2socks: UDP first-reply deadline exceeded for (172.19.0.1:58036, 28.0.0.199:443) after 10000 ms; evicting session
2026-08-11T04:48:56.957389Z  WARN meow_ios_ffi::tun2socks: UDP first-reply deadline exceeded for (172.19.0.1:58036, 28.0.0.199:443) after 10000 ms; evicting session
2026-08-11T04:48:56.957454Z DEBUG meow_listener::socks5_udp: SOCKS5 UDP ASSOCIATE from 127.0.0.1:61350 closed; tearing down 1 sessions
2026-08-11T04:48:56.957604Z DEBUG meow_listener::socks5_udp: SOCKS5 UDP ASSOCIATE from 127.0.0.1:61349 closed; tearing down 1 sessions
2026-08-11T04:48:56.957915Z DEBUG meow_listener::socks5_udp: SOCKS5 UDP ASSOCIATE from 127.0.0.1:61348 closed; tearing down 1 sessions
2026-08-11T04:48:56.958160Z DEBUG meow_listener::socks5_udp: SOCKS5 UDP ASSOCIATE from 127.0.0.1:61352 closed; tearing down 1 sessions
2026-08-11T04:48:56.994730Z DEBUG meow_tunnel::tunnel: pre_handle_metadata: fake-ip 28.0.2.153 → api5-core-yz.amemv.com
2026-08-11T04:48:57.092003Z DEBUG meow_tunnel::tunnel: pre_handle_metadata: fake-ip 28.0.3.241 → vc-brain-hl.ndcpp.com
2026-08-11T04:48:57.092129Z DEBUG meow_tunnel::tunnel: pre_handle_metadata: fake-ip 28.0.3.241 → vc-brain-hl.ndcpp.com
2026-08-11T04:48:57.232775Z  WARN meow_ios_ffi::tun2socks: UDP first-reply deadline exceeded for (172.19.0.1:57044, 28.0.0.199:443) after 10000 ms; evicting session
2026-08-11T04:48:57.232821Z  WARN meow_ios_ffi::tun2socks: UDP first-reply deadline exceeded for (172.19.0.1:57044, 28.0.0.199:443) after 10000 ms; evicting session
2026-08-11T04:48:57.233969Z  WARN meow_ios_ffi::tun2socks: UDP first-reply deadline exceeded for (172.19.0.1:57044, 28.0.0.199:443) after 10000 ms; evicting session
2026-08-11T04:48:57.234279Z DEBUG meow_listener::socks5_udp: SOCKS5 UDP ASSOCIATE from 127.0.0.1:61354 closed; tearing down 1 sessions
2026-08-11T04:48:57.234567Z DEBUG meow_listener::socks5_udp: SOCKS5 UDP ASSOCIATE from 127.0.0.1:61355 closed; tearing down 1 sessions
2026-08-11T04:48:57.234895Z DEBUG meow_listener::socks5_udp: SOCKS5 UDP ASSOCIATE from 127.0.0.1:61357 closed; tearing down 1 sessions
2026-08-11T04:48:57.598423Z DEBUG meow_tunnel::tunnel: pre_handle_metadata: fake-ip 28.0.3.241 → vc-brain-hl.ndcpp.com
2026-08-11T04:48:57.749434Z DEBUG meow_tunnel::tunnel: pre_handle_metadata: fake-ip 28.0.2.153 → api5-core-yz.amemv.com
2026-08-11T04:48:57.765998Z  WARN meow_ios_ffi::tun2socks: UDP first-reply deadline exceeded for (172.19.0.1:8774, 120.230.41.112:28098) after 10000 ms; evicting session
2026-08-11T04:48:57.766127Z  WARN meow_ios_ffi::tun2socks: UDP first-reply deadline exceeded for (172.19.0.1:8774, 120.219.89.5:23582) after 10000 ms; evicting session
2026-08-11T04:48:57.766627Z  WARN meow_ios_ffi::tun2socks: UDP first-reply deadline exceeded for (172.19.0.1:8774, 36.143.133.5:34582) after 10000 ms; evicting session
2026-08-11T04:48:57.766783Z  WARN meow_ios_ffi::tun2socks: UDP first-reply deadline exceeded for (172.19.0.1:8774, 183.251.96.198:35974) after 10000 ms; evicting session
2026-08-11T04:48:57.767127Z  WARN meow_ios_ffi::tun2socks: UDP first-reply deadline exceeded for (172.19.0.1:8774, 39.148.5.199:48297) after 10000 ms; evicting session
2026-08-11T04:48:57.767331Z DEBUG meow_listener::socks5_udp: SOCKS5 UDP ASSOCIATE from 127.0.0.1:61373 closed; tearing down 1 sessions
2026-08-11T04:48:57.767751Z DEBUG meow_listener::socks5_udp: SOCKS5 UDP ASSOCIATE from 127.0.0.1:61370 closed; tearing down 1 sessions
2026-08-11T04:48:57.767774Z DEBUG meow_listener::socks5_udp: SOCKS5 UDP ASSOCIATE from 127.0.0.1:61371 closed; tearing down 1 sessions
2026-08-11T04:48:57.768143Z DEBUG meow_listener::socks5_udp: SOCKS5 UDP ASSOCIATE from 127.0.0.1:61374 closed; tearing down 1 sessions
2026-08-11T04:48:57.768145Z  WARN meow_ios_ffi::tun2socks: UDP first-reply deadline exceeded for (172.19.0.1:8774, 39.173.159.37:53347) after 10000 ms; evicting session
2026-08-11T04:48:57.768291Z  WARN meow_ios_ffi::tun2socks: UDP first-reply deadline exceeded for (172.19.0.1:8774, 223.73.253.56:7279) after 10000 ms; evicting session
2026-08-11T04:48:57.768356Z DEBUG meow_listener::socks5_udp: SOCKS5 UDP ASSOCIATE from 127.0.0.1:61372 closed; tearing down 1 sessions
2026-08-11T04:48:57.768430Z DEBUG meow_listener::socks5_udp: SOCKS5 UDP ASSOCIATE from 127.0.0.1:61376 closed; tearing down 1 sessions
2026-08-11T04:48:57.768551Z DEBUG meow_listener::socks5_udp: SOCKS5 UDP ASSOCIATE from 127.0.0.1:61375 closed; tearing down 1 sessions
2026-08-11T04:48:57.772084Z  WARN meow_ios_ffi::tun2socks: UDP first-reply deadline exceeded for (172.19.0.1:8774, 39.184.110.169:48952) after 10000 ms; evicting session
2026-08-11T04:48:57.772172Z  WARN meow_ios_ffi::tun2socks: UDP first-reply deadline exceeded for (172.19.0.1:8774, 36.159.146.145:2724) after 10000 ms; evicting session
2026-08-11T04:48:57.772250Z  WARN meow_ios_ffi::tun2socks: UDP first-reply deadline exceeded for (172.19.0.1:8774, 120.242.233.148:33896) after 10000 ms; evicting session
2026-08-11T04:48:57.772341Z  WARN meow_ios_ffi::tun2socks: UDP first-reply deadline exceeded for (172.19.0.1:8774, 112.32.212.158:50284) after 10000 ms; evicting session
2026-08-11T04:48:57.772415Z DEBUG meow_listener::socks5_udp: SOCKS5 UDP ASSOCIATE from 127.0.0.1:61379 closed; tearing down 1 sessions
2026-08-11T04:48:57.772453Z  WARN meow_ios_ffi::tun2socks: UDP first-reply deadline exceeded for (172.19.0.1:8774, 120.229.85.115:19150) after 10000 ms; evicting session
2026-08-11T04:48:57.772625Z DEBUG meow_listener::socks5_udp: SOCKS5 UDP ASSOCIATE from 127.0.0.1:61383 closed; tearing down 1 sessions
2026-08-11T04:48:57.772666Z  WARN meow_ios_ffi::tun2socks: UDP first-reply deadline exceeded for (172.19.0.1:8774, 111.58.105.61:9835) after 10000 ms; evicting session
2026-08-11T04:48:57.772785Z  WARN meow_ios_ffi::tun2socks: UDP first-reply deadline exceeded for (172.19.0.1:8774, 39.182.54.23:1486) after 10000 ms; evicting session
2026-08-11T04:48:57.772816Z DEBUG meow_listener::socks5_udp: SOCKS5 UDP ASSOCIATE from 127.0.0.1:61377 closed; tearing down 1 sessions
2026-08-11T04:48:57.772897Z  WARN meow_ios_ffi::tun2socks: UDP first-reply deadline exceeded for (172.19.0.1:8774, 183.198.130.171:21680) after 10000 ms; evicting session
2026-08-11T04:48:57.773010Z DEBUG meow_listener::socks5_udp: SOCKS5 UDP ASSOCIATE from 127.0.0.1:61378 closed; tearing down 1 sessions
2026-08-11T04:48:57.773207Z DEBUG meow_listener::socks5_udp: SOCKS5 UDP ASSOCIATE from 127.0.0.1:61384 closed; tearing down 1 sessions
2026-08-11T04:48:57.773401Z DEBUG meow_listener::socks5_udp: SOCKS5 UDP ASSOCIATE from 127.0.0.1:61380 closed; tearing down 1 sessions
2026-08-11T04:48:57.773430Z DEBUG meow_listener::socks5_udp: SOCKS5 UDP ASSOCIATE from 127.0.0.1:61382 closed; tearing down 1 sessions
2026-08-11T04:48:57.773613Z DEBUG meow_listener::socks5_udp: SOCKS5 UDP ASSOCIATE from 127.0.0.1:61381 closed; tearing down 1 sessions
2026-08-11T04:48:58.028170Z DEBUG meow_listener::socks5: SOCKS5 relay closed: up=517 down=0
2026-08-11T04:48:58.104383Z DEBUG meow_tunnel::tunnel: pre_handle_metadata: fake-ip 28.0.3.241 → vc-brain-hl.ndcpp.com
2026-08-11T04:48:58.607747Z DEBUG meow_tunnel::tunnel: pre_handle_metadata: fake-ip 28.0.3.241 → vc-brain-hl.ndcpp.com
2026-08-11T04:48:58.883230Z  INFO meow_ios_ffi::tun2socks: UDP reply reader idle (both directions) > 60s for (172.19.0.1:59174, 28.0.0.179:443); evicting session
2026-08-11T04:48:58.884182Z DEBUG meow_listener::socks5_udp: SOCKS5 UDP ASSOCIATE from 127.0.0.1:60819 closed; tearing down 2 sessions
2026-08-11T04:48:58.899212Z  INFO meow_ios_ffi::tun2socks: UDP reply reader idle (both directions) > 60s for (172.19.0.1:55029, 28.0.0.189:443); evicting session
2026-08-11T04:48:58.900648Z DEBUG meow_listener::socks5_udp: SOCKS5 UDP ASSOCIATE from 127.0.0.1:60828 closed; tearing down 2 sessions
2026-08-11T04:48:59.049298Z DEBUG meow_listener::socks5: SOCKS5 CONNECT to 223.83.176.107:35004
2026-08-11T04:48:59.049398Z  INFO meow_listener::socks5: 127.0.0.1:61430 --> 223.83.176.107:35004 match MATCH() using DIRECT
2026-08-11T04:48:59.049986Z DEBUG meow_listener::socks5: SOCKS5 CONNECT to 120.241.72.119:2010
2026-08-11T04:48:59.050033Z  INFO meow_listener::socks5: 127.0.0.1:61431 --> 120.241.72.119:2010 match MATCH() using DIRECT
2026-08-11T04:48:59.113267Z DEBUG meow_tunnel::tunnel: pre_handle_metadata: fake-ip 28.0.3.241 → vc-brain-hl.ndcpp.com
2026-08-11T04:48:59.255315Z DEBUG meow_tunnel::tunnel: pre_handle_metadata: fake-ip 28.0.2.153 → api5-core-yz.amemv.com
2026-08-11T04:48:59.255428Z DEBUG meow_dns::resolver: DNS lookup: api5-core-yz.amemv.com
2026-08-11T04:48:59.349802Z DEBUG meow_listener::socks5: SOCKS5 relay closed: up=1760 down=201
2026-08-11T04:48:59.420579Z  WARN meow_ios_ffi::tun2socks: UDP first-reply deadline exceeded for (172.19.0.1:8568, 28.0.3.241:9681) after 10000 ms; evicting session
2026-08-11T04:48:59.421164Z DEBUG meow_listener::socks5_udp: SOCKS5 UDP ASSOCIATE from 127.0.0.1:61385 closed; tearing down 1 sessions
2026-08-11T04:48:59.497880Z DEBUG meow_listener::socks5: SOCKS5 relay closed: up=1760 down=209
2026-08-11T04:48:59.615710Z DEBUG meow_listener::socks5_udp: SOCKS5 UDP ASSOCIATE from 127.0.0.1:61438: relay bound on 127.0.0.1:49471
2026-08-11T04:48:59.616298Z DEBUG meow_tunnel::tunnel: pre_handle_metadata: fake-ip 28.0.3.241 → vc-brain-hl.ndcpp.com
2026-08-11T04:49:00.146259Z DEBUG meow_tunnel::tunnel: pre_handle_metadata: fake-ip 28.0.2.160 → api5-core-zjg.amemv.com
2026-08-11T04:49:02.959369Z DEBUG meow_listener::sniffer: sniffer: 127.0.0.1:61440 --> 28.0.3.250:443 (tcp) → orzonera.yingt.fun
2026-08-11T04:49:02.959448Z DEBUG meow_listener::socks5: SOCKS5 CONNECT to 28.0.3.250:443
2026-08-11T04:49:02.959488Z DEBUG meow_tunnel::tunnel: pre_handle_metadata: fake-ip 28.0.3.250 → orzonera.yingt.fun
2026-08-11T04:49:02.959580Z  INFO meow_listener::socks5: 127.0.0.1:61440 --> orzonera.yingt.fun:443 match MATCH() using DIRECT
2026-08-11T04:49:03.235536Z DEBUG meow_listener::socks5: SOCKS5 relay closed: up=2035 down=4628
2026-08-11T04:49:03.239931Z DEBUG meow_listener::socks5: SOCKS5 CONNECT to 111.31.36.96:80
2026-08-11T04:49:03.240038Z  INFO meow_listener::socks5: 127.0.0.1:61443 --> orzonera.yingt.fun:80 match MATCH() using DIRECT
2026-08-11T04:49:03.405617Z DEBUG meow_listener::socks5: SOCKS5 relay closed: up=1482 down=1118
2026-08-11T04:49:03.410046Z DEBUG meow_listener::socks5: SOCKS5 CONNECT to 120.233.200.75:2051
2026-08-11T04:49:03.410137Z  INFO meow_listener::socks5: 127.0.0.1:61447 --> 120.233.200.75:2051 match MATCH() using DIRECT
2026-08-11T04:49:03.410703Z DEBUG meow_listener::socks5: SOCKS5 CONNECT to 120.233.200.75:2116
2026-08-11T04:49:03.410758Z  INFO meow_listener::socks5: 127.0.0.1:61448 --> 120.233.200.75:2116 match MATCH() using DIRECT
2026-08-11T04:49:04.032527Z DEBUG meow_listener::socks5: SOCKS5 relay error: Broken pipe (os error 32)
2026-08-11T04:49:04.054249Z DEBUG meow_listener::socks5: SOCKS5 CONNECT to 223.83.176.107:35004
2026-08-11T04:49:04.054355Z  INFO meow_listener::socks5: 127.0.0.1:61454 --> 223.83.176.107:35004 match MATCH() using DIRECT
2026-08-11T04:49:04.054915Z DEBUG meow_listener::socks5: SOCKS5 CONNECT to 120.241.72.119:2010
2026-08-11T04:49:04.054983Z  INFO meow_listener::socks5: 127.0.0.1:61453 --> 120.241.72.119:2010 match MATCH() using DIRECT
2026-08-11T04:49:04.350229Z DEBUG meow_listener::socks5: SOCKS5 relay closed: up=1760 down=201
2026-08-11T04:49:04.468025Z DEBUG meow_listener::socks5: SOCKS5 relay closed: up=1760 down=209
2026-08-11T04:49:05.832581Z  INFO meow_ios_ffi::tun2socks: UDP reply reader idle (both directions) > 60s for (172.19.0.1:58850, 28.0.2.153:443); evicting session
2026-08-11T04:49:05.833385Z DEBUG meow_listener::socks5_udp: SOCKS5 UDP ASSOCIATE from 127.0.0.1:60908 closed; tearing down 2 sessions
2026-08-11T04:49:06.189690Z DEBUG meow_listener::socks5: SOCKS5 CONNECT to 120.233.200.75:2051
2026-08-11T04:49:06.189807Z  INFO meow_listener::socks5: 127.0.0.1:61458 --> 120.233.200.75:2051 match MATCH() using DIRECT
2026-08-11T04:49:06.322074Z  INFO meow_ios_ffi::tun2socks: UDP reply reader idle (both directions) > 60s for (172.19.0.1:64989, 28.0.2.160:443); evicting session
2026-08-11T04:49:06.322778Z DEBUG meow_listener::socks5_udp: SOCKS5 UDP ASSOCIATE from 127.0.0.1:60971 closed; tearing down 2 sessions
2026-08-11T04:49:07.333488Z DEBUG meow_tunnel::tunnel: pre_handle_metadata: fake-ip 28.0.0.189 → search5-search-hl.amemv.com
2026-08-11T04:49:07.554692Z DEBUG meow_tunnel::tunnel: pre_handle_metadata: fake-ip 28.0.0.199 → webcast5-normal-lf.amemv.com
2026-08-11T04:49:07.813137Z  INFO meow_ios_ffi::tun2socks: UDP reply reader idle (both directions) > 60s for (172.19.0.1:61265, 28.0.2.153:443); evicting session
2026-08-11T04:49:07.814850Z DEBUG meow_listener::socks5_udp: SOCKS5 UDP ASSOCIATE from 127.0.0.1:61023 closed; tearing down 1 sessions
2026-08-11T04:49:08.172483Z DEBUG meow_listener::sniffer: sniffer: 127.0.0.1:61461 --> 28.0.3.204:443 (tcp) → mssdk3-normal-hj.zijieapi.com
2026-08-11T04:49:08.172573Z DEBUG meow_listener::socks5: SOCKS5 CONNECT to 28.0.3.204:443
2026-08-11T04:49:08.172608Z DEBUG meow_tunnel::tunnel: pre_handle_metadata: fake-ip 28.0.3.204 → mssdk3-normal-hj.zijieapi.com
2026-08-11T04:49:08.172661Z  INFO meow_listener::socks5: 127.0.0.1:61461 --> mssdk3-normal-hj.zijieapi.com:443 match RULE-SET(reject-domain) using Block
2026-08-11T04:49:08.281958Z DEBUG meow_tunnel::tunnel: pre_handle_metadata: fake-ip 28.0.3.241 → vc-brain-hl.ndcpp.com
2026-08-11T04:49:08.705169Z DEBUG meow_dns::server: DNS query: ecom5-normal-hl.ecombdapi.com type=1
2026-08-11T04:49:08.707290Z DEBUG meow_listener::socks5_udp: SOCKS5 UDP ASSOCIATE from 127.0.0.1:61470: relay bound on 127.0.0.1:62842
2026-08-11T04:49:08.707537Z DEBUG meow_tunnel::tunnel: pre_handle_metadata: fake-ip 28.0.0.179 → ecom5-normal-hl.ecombdapi.com
2026-08-11T04:49:08.707574Z DEBUG meow_dns::resolver: DNS lookup: ecom5-normal-hl.ecombdapi.com
2026-08-11T04:49:08.718421Z DEBUG meow_dns::server: DNS query: webcast5-core-hl.amemv.com type=1
2026-08-11T04:49:08.720348Z DEBUG meow_listener::socks5_udp: SOCKS5 UDP ASSOCIATE from 127.0.0.1:61481: relay bound on 127.0.0.1:58261
2026-08-11T04:49:08.720791Z DEBUG meow_tunnel::tunnel: pre_handle_metadata: fake-ip 28.0.0.194 → webcast5-core-hl.amemv.com
2026-08-11T04:49:08.720859Z DEBUG meow_dns::resolver: DNS lookup: webcast5-core-hl.amemv.com
2026-08-11T04:49:08.722959Z DEBUG meow_listener::sniffer: sniffer: 127.0.0.1:61463 --> 28.0.0.168:443 (tcp) → api-normal-m.amemv.com
2026-08-11T04:49:08.723003Z DEBUG meow_listener::socks5: SOCKS5 CONNECT to 28.0.0.168:443
2026-08-11T04:49:08.723027Z DEBUG meow_tunnel::tunnel: pre_handle_metadata: fake-ip 28.0.0.168 → api-normal-m.amemv.com
2026-08-11T04:49:08.723100Z  INFO meow_listener::socks5: 127.0.0.1:61463 --> api-normal-m.amemv.com:443 match MATCH() using DIRECT
2026-08-11T04:49:08.723178Z DEBUG meow_dns::resolver: DNS lookup: api-normal-m.amemv.com
2026-08-11T04:49:08.724616Z DEBUG meow_listener::sniffer: sniffer: 127.0.0.1:61476 --> 28.0.0.181:443 (tcp) → life5-normal-m-hl.amemv.com
2026-08-11T04:49:08.724657Z DEBUG meow_listener::socks5: SOCKS5 CONNECT to 28.0.0.181:443
2026-08-11T04:49:08.724683Z DEBUG meow_tunnel::tunnel: pre_handle_metadata: fake-ip 28.0.0.181 → life5-normal-m-hl.amemv.com
2026-08-11T04:49:08.724876Z  INFO meow_listener::socks5: 127.0.0.1:61476 --> life5-normal-m-hl.amemv.com:443 match MATCH() using DIRECT
2026-08-11T04:49:08.724946Z DEBUG meow_dns::resolver: DNS lookup: life5-normal-m-hl.amemv.com
2026-08-11T04:49:08.726228Z DEBUG meow_listener::sniffer: sniffer: 127.0.0.1:61465 --> 28.0.0.170:443 (tcp) → api5-social-m-hl.amemv.com
2026-08-11T04:49:08.726271Z DEBUG meow_listener::socks5: SOCKS5 CONNECT to 28.0.0.170:443
2026-08-11T04:49:08.726340Z DEBUG meow_tunnel::tunnel: pre_handle_metadata: fake-ip 28.0.0.170 → api5-social-m-hl.amemv.com
2026-08-11T04:49:08.726494Z  INFO meow_listener::socks5: 127.0.0.1:61465 --> api5-social-m-hl.amemv.com:443 match MATCH() using DIRECT
2026-08-11T04:49:08.726599Z DEBUG meow_dns::resolver: DNS lookup: api5-social-m-hl.amemv.com
2026-08-11T04:49:08.727462Z DEBUG meow_listener::sniffer: sniffer: 127.0.0.1:61467 --> 28.0.0.172:443 (tcp) → api5-hl.qishui.com
2026-08-11T04:49:08.727495Z DEBUG meow_listener::socks5: SOCKS5 CONNECT to 28.0.0.172:443
2026-08-11T04:49:08.727520Z DEBUG meow_tunnel::tunnel: pre_handle_metadata: fake-ip 28.0.0.172 → api5-hl.qishui.com
2026-08-11T04:49:08.727564Z  INFO meow_listener::socks5: 127.0.0.1:61467 --> api5-hl.qishui.com:443 match MATCH() using DIRECT
2026-08-11T04:49:08.727627Z DEBUG meow_dns::resolver: DNS lookup: api5-hl.qishui.com
2026-08-11T04:49:08.729651Z DEBUG meow_listener::sniffer: sniffer: 127.0.0.1:61469 --> 28.0.0.175:443 (tcp) → ecom-normal-m.ecombdapi.com
2026-08-11T04:49:08.729894Z DEBUG meow_listener::socks5: SOCKS5 CONNECT to 28.0.0.175:443
2026-08-11T04:49:08.729906Z DEBUG meow_tunnel::tunnel: pre_handle_metadata: fake-ip 28.0.0.175 → ecom-normal-m.ecombdapi.com
2026-08-11T04:49:08.729929Z  INFO meow_listener::socks5: 127.0.0.1:61469 --> ecom-normal-m.ecombdapi.com:443 match MATCH() using DIRECT
2026-08-11T04:49:08.729970Z DEBUG meow_dns::resolver: DNS lookup: ecom-normal-m.ecombdapi.com
2026-08-11T04:49:08.730082Z DEBUG meow_listener::sniffer: sniffer: 127.0.0.1:61486 --> 28.0.0.195:443 (tcp) → webcast-normal-m.amemv.com
2026-08-11T04:49:08.730093Z DEBUG meow_listener::socks5: SOCKS5 CONNECT to 28.0.0.195:443
2026-08-11T04:49:08.730101Z DEBUG meow_tunnel::tunnel: pre_handle_metadata: fake-ip 28.0.0.195 → webcast-normal-m.amemv.com
2026-08-11T04:49:08.730114Z  INFO meow_listener::socks5: 127.0.0.1:61486 --> webcast-normal-m.amemv.com:443 match MATCH() using DIRECT
2026-08-11T04:49:08.730139Z DEBUG meow_dns::resolver: DNS lookup: webcast-normal-m.amemv.com
2026-08-11T04:49:08.732448Z DEBUG meow_listener::sniffer: sniffer: 127.0.0.1:61478 --> 28.0.0.187:443 (tcp) → ma5-normal-hl.zijieapi.com
2026-08-11T04:49:08.732481Z DEBUG meow_listener::socks5: SOCKS5 CONNECT to 28.0.0.187:443
2026-08-11T04:49:08.732642Z DEBUG meow_tunnel::tunnel: pre_handle_metadata: fake-ip 28.0.0.187 → ma5-normal-hl.zijieapi.com
2026-08-11T04:49:08.732680Z  INFO meow_listener::socks5: 127.0.0.1:61478 --> ma5-normal-hl.zijieapi.com:443 match RULE-SET(reject-domain) using Block
2026-08-11T04:49:08.732773Z DEBUG meow_listener::sniffer: sniffer: 127.0.0.1:61480 --> 28.0.0.191:443 (tcp) → webcast-core-m.amemv.com
2026-08-11T04:49:08.732785Z DEBUG meow_listener::socks5: SOCKS5 CONNECT to 28.0.0.191:443
2026-08-11T04:49:08.732796Z DEBUG meow_tunnel::tunnel: pre_handle_metadata: fake-ip 28.0.0.191 → webcast-core-m.amemv.com
2026-08-11T04:49:08.732819Z  INFO meow_listener::socks5: 127.0.0.1:61480 --> webcast-core-m.amemv.com:443 match MATCH() using DIRECT
2026-08-11T04:49:08.732919Z DEBUG meow_dns::resolver: DNS lookup: webcast-core-m.amemv.com
2026-08-11T04:49:08.783921Z DEBUG meow_tunnel::tunnel: pre_handle_metadata: fake-ip 28.0.3.241 → vc-brain-hl.ndcpp.com
2026-08-11T04:49:08.792268Z DEBUG meow_tunnel::tunnel: pre_handle_metadata: fake-ip 28.0.0.179 → ecom5-normal-hl.ecombdapi.com
2026-08-11T04:49:08.803169Z DEBUG meow_tunnel::tunnel: pre_handle_metadata: fake-ip 28.0.0.194 → webcast5-core-hl.amemv.com
2026-08-11T04:49:09.288015Z DEBUG meow_tunnel::tunnel: pre_handle_metadata: fake-ip 28.0.3.241 → vc-brain-hl.ndcpp.com
2026-08-11T04:49:09.617110Z  WARN meow_ios_ffi::tun2socks: UDP first-reply deadline exceeded for (172.19.0.1:8568, 28.0.3.241:9681) after 10000 ms; evicting session
2026-08-11T04:49:09.617663Z DEBUG meow_listener::socks5_udp: SOCKS5 UDP ASSOCIATE from 127.0.0.1:61438 closed; tearing down 1 sessions
2026-08-11T04:49:09.792437Z DEBUG meow_listener::socks5_udp: SOCKS5 UDP ASSOCIATE from 127.0.0.1:61523: relay bound on 127.0.0.1:64309
2026-08-11T04:49:09.793053Z DEBUG meow_tunnel::tunnel: pre_handle_metadata: fake-ip 28.0.3.241 → vc-brain-hl.ndcpp.com
2026-08-11T04:49:10.090746Z DEBUG meow_listener::socks5: SOCKS5 relay closed: up=5292 down=558673
2026-08-11T04:49:10.093792Z DEBUG meow_listener::socks5: SOCKS5 relay closed: up=1766 down=197308
2026-08-11T04:49:10.296713Z DEBUG meow_tunnel::tunnel: pre_handle_metadata: fake-ip 28.0.3.241 → vc-brain-hl.ndcpp.com
2026-08-11T04:49:13.680687Z DEBUG meow_listener::socks5: SOCKS5 relay closed: up=256 down=0
2026-08-11T04:49:14.059004Z DEBUG meow_listener::socks5: SOCKS5 CONNECT to 120.241.72.119:2010
2026-08-11T04:49:14.059136Z  INFO meow_listener::socks5: 127.0.0.1:61530 --> 120.241.72.119:2010 match MATCH() using DIRECT
2026-08-11T04:49:14.060129Z DEBUG meow_listener::socks5: SOCKS5 CONNECT to 223.83.176.107:35004
2026-08-11T04:49:14.060191Z  INFO meow_listener::socks5: 127.0.0.1:61531 --> 223.83.176.107:35004 match MATCH() using DIRECT
2026-08-11T04:49:14.225432Z DEBUG meow_listener::socks5: SOCKS5 relay closed: up=1760 down=209
2026-08-11T04:49:14.376139Z DEBUG meow_listener::socks5: SOCKS5 relay closed: up=1760 down=201
2026-08-11T04:49:14.936880Z DEBUG meow_listener::socks5: SOCKS5 relay closed: up=517 down=0
2026-08-11T04:49:15.353467Z DEBUG meow_listener::sniffer: sniffer: 127.0.0.1:61535 --> 28.0.3.204:443 (tcp) → mssdk3-normal-hj.zijieapi.com
2026-08-11T04:49:15.353530Z DEBUG meow_listener::socks5: SOCKS5 CONNECT to 28.0.3.204:443
2026-08-11T04:49:15.353562Z DEBUG meow_tunnel::tunnel: pre_handle_metadata: fake-ip 28.0.3.204 → mssdk3-normal-hj.zijieapi.com
2026-08-11T04:49:15.353621Z  INFO meow_listener::socks5: 127.0.0.1:61535 --> mssdk3-normal-hj.zijieapi.com:443 match RULE-SET(reject-domain) using Block
2026-08-11T04:49:16.257253Z DEBUG meow_listener::socks5: SOCKS5 relay closed: up=1209 down=158088
2026-08-11T04:49:16.300484Z DEBUG meow_listener::socks5: SOCKS5 relay closed: up=1197 down=151043
2026-08-11T04:49:16.340902Z  INFO meow_ios_ffi::tun2socks: UDP reply reader idle (both directions) > 60s for (172.19.0.1:52850, 28.0.2.153:443); evicting session
2026-08-11T04:49:16.341617Z DEBUG meow_listener::socks5_udp: SOCKS5 UDP ASSOCIATE from 127.0.0.1:61110 closed; tearing down 1 sessions
2026-08-11T04:49:18.125073Z DEBUG meow_listener::socks5: SOCKS5 relay closed: up=2089 down=7346
2026-08-11T04:49:18.125767Z DEBUG meow_listener::socks5: SOCKS5 relay closed: up=664 down=269
2026-08-11T04:49:18.886780Z  INFO meow_ios_ffi::tun2socks: UDP reply reader idle (both directions) > 60s for (172.19.0.1:57326, 28.0.0.194:443); evicting session
2026-08-11T04:49:18.887586Z DEBUG meow_listener::socks5_udp: SOCKS5 UDP ASSOCIATE from 127.0.0.1:60835 closed; tearing down 1 sessions
2026-08-11T04:49:19.795370Z  WARN meow_ios_ffi::tun2socks: UDP first-reply deadline exceeded for (172.19.0.1:8568, 28.0.3.241:9681) after 10000 ms; evicting session
2026-08-11T04:49:19.795935Z DEBUG meow_listener::socks5_udp: SOCKS5 UDP ASSOCIATE from 127.0.0.1:61523 closed; tearing down 1 sessions
2026-08-11T04:49:20.148504Z DEBUG meow_tunnel::tunnel: pre_handle_metadata: fake-ip 28.0.2.160 → api5-core-zjg.amemv.com
2026-08-11T04:49:21.436247Z DEBUG meow_listener::socks5: SOCKS5 relay closed: up=1356 down=69468
2026-08-11T04:49:21.513018Z DEBUG meow_listener::socks5: SOCKS5 relay closed: up=1432 down=6281
2026-08-11T04:49:22.481262Z DEBUG meow_listener::socks5: SOCKS5 CONNECT to 28.0.0.148:443
2026-08-11T04:49:22.481437Z DEBUG meow_tunnel::tunnel: pre_handle_metadata: fake-ip 28.0.0.148 → www.bytedance.com
2026-08-11T04:49:22.481562Z  INFO meow_listener::socks5: 127.0.0.1:61537 --> www.bytedance.com:443 match RULE-SET(reject-domain) using Block
2026-08-11T04:49:22.775222Z DEBUG meow_listener::socks5: SOCKS5 relay closed: up=1542 down=6294
2026-08-11T04:49:22.801691Z DEBUG meow_listener::socks5_udp: SOCKS5 UDP ASSOCIATE from 127.0.0.1:61538: relay bound on 127.0.0.1:51970
2026-08-11T04:49:22.802267Z DEBUG meow_tunnel::tunnel: pre_handle_metadata: fake-ip 28.0.3.241 → vc-brain-hl.ndcpp.com
2026-08-11T04:49:23.304934Z DEBUG meow_tunnel::tunnel: pre_handle_metadata: fake-ip 28.0.3.241 → vc-brain-hl.ndcpp.com
2026-08-11T04:49:23.808277Z DEBUG meow_tunnel::tunnel: pre_handle_metadata: fake-ip 28.0.3.241 → vc-brain-hl.ndcpp.com
2026-08-11T04:49:24.049949Z DEBUG meow_listener::socks5: SOCKS5 CONNECT to 111.31.36.96:80
2026-08-11T04:49:24.050088Z  INFO meow_listener::socks5: 127.0.0.1:61540 --> orzonera.yingt.fun:80 match MATCH() using DIRECT
2026-08-11T04:49:24.256267Z DEBUG meow_listener::socks5: SOCKS5 relay closed: up=1488 down=1075
2026-08-11T04:49:24.309896Z DEBUG meow_tunnel::tunnel: pre_handle_metadata: fake-ip 28.0.3.241 → vc-brain-hl.ndcpp.com
2026-08-11T04:49:24.581774Z  INFO meow_ios_ffi::tun2socks: UDP reply reader idle (both directions) > 60s for (172.19.0.1:52197, 28.0.3.76:443); evicting session
2026-08-11T04:49:24.582714Z DEBUG meow_listener::socks5_udp: SOCKS5 UDP ASSOCIATE from 127.0.0.1:61223 closed; tearing down 1 sessions
2026-08-11T04:49:24.650852Z  INFO meow_ios_ffi::tun2socks: UDP reply reader idle (both directions) > 60s for (172.19.0.1:57971, 28.0.0.122:443); evicting session
2026-08-11T04:49:24.651563Z DEBUG meow_listener::socks5_udp: SOCKS5 UDP ASSOCIATE from 127.0.0.1:61228 closed; tearing down 1 sessions
2026-08-11T04:49:24.815043Z DEBUG meow_tunnel::tunnel: pre_handle_metadata: fake-ip 28.0.3.241 → vc-brain-hl.ndcpp.com
2026-08-11T04:49:25.053866Z  INFO meow_ios_ffi::tun2socks: UDP reply reader idle (both directions) > 60s for (172.19.0.1:54634, 28.0.3.134:443); evicting session
2026-08-11T04:49:25.054629Z DEBUG meow_listener::socks5_udp: SOCKS5 UDP ASSOCIATE from 127.0.0.1:61250 closed; tearing down 1 sessions
2026-08-11T04:49:25.242109Z  INFO meow_ios_ffi::tun2socks: UDP reply reader idle (both directions) > 60s for (172.19.0.1:59779, 28.0.3.139:443); evicting session
2026-08-11T04:49:25.242576Z DEBUG meow_listener::socks5_udp: SOCKS5 UDP ASSOCIATE from 127.0.0.1:61239 closed; tearing down 1 sessions
2026-08-11T04:49:25.448302Z DEBUG meow_listener::socks5_udp: SOCKS5 UDP ASSOCIATE from 127.0.0.1:61542: relay bound on 127.0.0.1:56735
2026-08-11T04:49:25.448467Z DEBUG meow_listener::socks5_udp: SOCKS5 UDP ASSOCIATE from 127.0.0.1:61543: relay bound on 127.0.0.1:51933
2026-08-11T04:49:25.525286Z DEBUG meow_listener::socks5_udp: SOCKS5 UDP ASSOCIATE from 127.0.0.1:61544: relay bound on 127.0.0.1:59961
2026-08-11T04:49:26.111149Z  INFO meow_ios_ffi::tun2socks: UDP reply reader idle (both directions) > 60s for (172.19.0.1:52635, 28.0.0.199:443); evicting session
2026-08-11T04:49:26.111774Z DEBUG meow_listener::socks5_udp: SOCKS5 UDP ASSOCIATE from 127.0.0.1:60356 closed; tearing down 2 sessions
2026-08-11T04:49:27.334685Z DEBUG meow_tunnel::tunnel: pre_handle_metadata: fake-ip 28.0.0.189 → search5-search-hl.amemv.com
2026-08-11T04:49:27.334786Z DEBUG meow_dns::resolver: DNS lookup: search5-search-hl.amemv.com
2026-08-11T04:49:27.556329Z DEBUG meow_tunnel::tunnel: pre_handle_metadata: fake-ip 28.0.0.199 → webcast5-normal-lf.amemv.com
2026-08-11T04:49:27.556512Z DEBUG meow_dns::resolver: DNS lookup: webcast5-normal-lf.amemv.com
2026-08-11T04:49:28.077636Z DEBUG meow_listener::socks5: SOCKS5 relay closed: up=2555 down=562091
2026-08-11T04:49:28.393911Z  INFO meow_ios_ffi::tun2socks: UDP reply reader idle (both directions) > 60s for (172.19.0.1:61265, 28.0.2.153:443); evicting session
2026-08-11T04:49:28.394674Z DEBUG meow_listener::socks5_udp: SOCKS5 UDP ASSOCIATE from 127.0.0.1:61025 closed; tearing down 1 sessions
2026-08-11T04:49:28.469639Z  INFO meow_ios_ffi::tun2socks: UDP reply reader idle (both directions) > 60s for (172.19.0.1:61265, 28.0.2.153:443); evicting session
2026-08-11T04:49:28.470380Z DEBUG meow_listener::socks5_udp: SOCKS5 UDP ASSOCIATE from 127.0.0.1:61027 closed; tearing down 1 sessions
2026-08-11T04:49:28.480233Z DEBUG meow_listener::socks5: SOCKS5 relay closed: up=1821 down=638160
2026-08-11T04:49:28.794302Z DEBUG meow_tunnel::tunnel: pre_handle_metadata: fake-ip 28.0.0.179 → ecom5-normal-hl.ecombdapi.com
2026-08-11T04:49:28.808348Z DEBUG meow_tunnel::tunnel: pre_handle_metadata: fake-ip 28.0.0.194 → webcast5-core-hl.amemv.com
2026-08-11T04:49:28.808478Z DEBUG meow_dns::resolver: DNS lookup: webcast5-core-hl.amemv.com
2026-08-11T04:49:29.007806Z DEBUG meow_dns::server: DNS query: p3-sign.douyinpic.com type=1
2026-08-11T04:49:29.010820Z DEBUG meow_listener::sniffer: sniffer: 127.0.0.1:61558 --> 28.0.2.176:443 (tcp) → p3-sign.douyinpic.com
2026-08-11T04:49:29.010847Z DEBUG meow_listener::socks5: SOCKS5 CONNECT to 28.0.2.176:443
2026-08-11T04:49:29.010861Z DEBUG meow_tunnel::tunnel: pre_handle_metadata: fake-ip 28.0.2.176 → p3-sign.douyinpic.com
2026-08-11T04:49:29.010895Z  INFO meow_listener::socks5: 127.0.0.1:61558 --> p3-sign.douyinpic.com:443 match MATCH() using DIRECT
2026-08-11T04:49:29.010938Z DEBUG meow_dns::resolver: DNS lookup: p3-sign.douyinpic.com
2026-08-11T04:49:29.037297Z DEBUG meow_listener::socks5: SOCKS5 relay error: Connection reset by peer (os error 54)
2026-08-11T04:49:29.087796Z DEBUG meow_listener::socks5_udp: SOCKS5 UDP ASSOCIATE from 127.0.0.1:61564: relay bound on 127.0.0.1:55309
2026-08-11T04:49:29.087791Z DEBUG meow_listener::socks5_udp: SOCKS5 UDP ASSOCIATE from 127.0.0.1:61565: relay bound on 127.0.0.1:62899
2026-08-11T04:49:29.087938Z DEBUG meow_listener::socks5_udp: SOCKS5 UDP ASSOCIATE from 127.0.0.1:61566: relay bound on 127.0.0.1:50877
2026-08-11T04:49:29.714548Z  INFO meow_ios_ffi::tun2socks: UDP reply reader idle (both directions) > 60s for (172.19.0.1:65062, 28.0.0.149:9681); evicting session
2026-08-11T04:49:29.714649Z  INFO meow_ios_ffi::tun2socks: UDP reply reader idle (both directions) > 60s for (172.19.0.1:65062, 28.0.0.149:9681); evicting session
2026-08-11T04:49:29.715240Z DEBUG meow_listener::socks5_udp: SOCKS5 UDP ASSOCIATE from 127.0.0.1:61277 closed; tearing down 1 sessions
2026-08-11T04:49:29.715328Z DEBUG meow_listener::socks5_udp: SOCKS5 UDP ASSOCIATE from 127.0.0.1:61276 closed; tearing down 1 sessions
2026-08-11T04:49:30.474947Z DEBUG meow_listener::socks5: SOCKS5 relay closed: up=268 down=0
2026-08-11T04:49:32.804568Z  WARN meow_ios_ffi::tun2socks: UDP first-reply deadline exceeded for (172.19.0.1:8568, 28.0.3.241:9681) after 10000 ms; evicting session
2026-08-11T04:49:32.805108Z DEBUG meow_listener::socks5_udp: SOCKS5 UDP ASSOCIATE from 127.0.0.1:61538 closed; tearing down 1 sessions
2026-08-11T04:49:33.979398Z  INFO meow_ios_ffi::tun2socks: UDP reply reader idle (both directions) > 60s for (172.19.0.1:8774, 28.0.0.149:9681); evicting session
2026-08-11T04:49:33.980143Z DEBUG meow_listener::socks5_udp: SOCKS5 UDP ASSOCIATE from 127.0.0.1:61280 closed; tearing down 1 sessions
2026-08-11T04:49:34.075622Z DEBUG meow_listener::socks5: SOCKS5 CONNECT to 120.241.72.119:2010
2026-08-11T04:49:34.075710Z  INFO meow_listener::socks5: 127.0.0.1:61569 --> 120.241.72.119:2010 match MATCH() using DIRECT
2026-08-11T04:49:34.076742Z DEBUG meow_listener::socks5: SOCKS5 CONNECT to 223.83.176.107:35004
2026-08-11T04:49:34.076807Z  INFO meow_listener::socks5: 127.0.0.1:61570 --> 223.83.176.107:35004 match MATCH() using DIRECT
2026-08-11T04:49:34.245893Z DEBUG meow_listener::socks5: SOCKS5 relay closed: up=1760 down=209
2026-08-11T04:49:34.360229Z DEBUG meow_listener::socks5: SOCKS5 relay closed: up=1760 down=201
2026-08-11T04:49:36.057617Z DEBUG meow_listener::socks5: SOCKS5 relay closed: up=517 down=0
2026-08-11T04:49:36.403083Z  INFO meow_ios_ffi::tun2socks: UDP reply reader idle (both directions) > 60s for (172.19.0.1:52850, 28.0.2.153:443); evicting session
2026-08-11T04:49:36.403528Z DEBUG meow_listener::socks5_udp: SOCKS5 UDP ASSOCIATE from 127.0.0.1:61114 closed; tearing down 1 sessions
2026-08-11T04:49:37.298921Z DEBUG meow_listener::sniffer: sniffer: 127.0.0.1:61575 --> 39.136.113.249:443 (tcp) → v95-bjb-mc-cold.douyinvod.com
2026-08-11T04:49:37.299000Z DEBUG meow_listener::socks5: SOCKS5 CONNECT to 39.136.113.249:443
2026-08-11T04:49:37.299673Z  INFO meow_listener::socks5: 127.0.0.1:61575 --> 39.136.113.249:443 match MATCH() using DIRECT
2026-08-11T04:49:37.457084Z DEBUG meow_listener::socks5_udp: SOCKS5 UDP ASSOCIATE from 127.0.0.1:61577: relay bound on 127.0.0.1:58919
2026-08-11T04:49:37.458920Z DEBUG meow_tunnel::tunnel: pre_handle_metadata: fake-ip 28.0.3.241 → vc-brain-hl.ndcpp.com
2026-08-11T04:49:37.459279Z DEBUG meow_listener::socks5_udp: SOCKS5 UDP ASSOCIATE from 127.0.0.1:61578: relay bound on 127.0.0.1:50833
2026-08-11T04:49:37.460243Z DEBUG meow_tunnel::tunnel: pre_handle_metadata: fake-ip 28.0.3.241 → vc-brain-hl.ndcpp.com
2026-08-11T04:49:37.959689Z DEBUG meow_tunnel::tunnel: pre_handle_metadata: fake-ip 28.0.3.241 → vc-brain-hl.ndcpp.com
2026-08-11T04:49:37.959839Z DEBUG meow_tunnel::tunnel: pre_handle_metadata: fake-ip 28.0.3.241 → vc-brain-hl.ndcpp.com
2026-08-11T04:49:38.309451Z DEBUG meow_listener::socks5: SOCKS5 relay closed: up=2016 down=617302
2026-08-11T04:49:38.465679Z DEBUG meow_tunnel::tunnel: pre_handle_metadata: fake-ip 28.0.3.241 → vc-brain-hl.ndcpp.com
2026-08-11T04:49:38.465803Z DEBUG meow_tunnel::tunnel: pre_handle_metadata: fake-ip 28.0.3.241 → vc-brain-hl.ndcpp.com
2026-08-11T04:49:38.968142Z DEBUG meow_tunnel::tunnel: pre_handle_metadata: fake-ip 28.0.3.241 → vc-brain-hl.ndcpp.com
2026-08-11T04:49:38.996965Z DEBUG meow_dns::server: DNS query: signal-t1-v6-az2-01.rtcxyz.com type=1
2026-08-11T04:49:39.090516Z  WARN meow_ios_ffi::tun2socks: UDP first-reply deadline exceeded for (172.19.0.1:51850, 120.232.164.184:9929) after 10000 ms; evicting session
2026-08-11T04:49:39.090536Z  WARN meow_ios_ffi::tun2socks: UDP first-reply deadline exceeded for (172.19.0.1:51850, 120.232.164.184:9929) after 10000 ms; evicting session
2026-08-11T04:49:39.090960Z  WARN meow_ios_ffi::tun2socks: UDP first-reply deadline exceeded for (172.19.0.1:51850, 120.232.164.184:9929) after 10000 ms; evicting session
2026-08-11T04:49:39.091122Z DEBUG meow_listener::socks5_udp: SOCKS5 UDP ASSOCIATE from 127.0.0.1:61566 closed; tearing down 1 sessions
2026-08-11T04:49:39.091157Z DEBUG meow_listener::socks5_udp: SOCKS5 UDP ASSOCIATE from 127.0.0.1:61565 closed; tearing down 1 sessions
2026-08-11T04:49:39.091405Z DEBUG meow_listener::socks5_udp: SOCKS5 UDP ASSOCIATE from 127.0.0.1:61564 closed; tearing down 1 sessions
2026-08-11T04:49:39.470465Z DEBUG meow_tunnel::tunnel: pre_handle_metadata: fake-ip 28.0.3.241 → vc-brain-hl.ndcpp.com
2026-08-11T04:49:39.918382Z  INFO meow_ios_ffi::tun2socks: UDP reply reader idle (both directions) > 60s for (172.19.0.1:65094, 28.0.2.160:443); evicting session
2026-08-11T04:49:39.919535Z DEBUG meow_listener::socks5_udp: SOCKS5 UDP ASSOCIATE from 127.0.0.1:61015 closed; tearing down 1 sessions
2026-08-11T04:49:39.975191Z DEBUG meow_tunnel::tunnel: pre_handle_metadata: fake-ip 28.0.3.241 → vc-brain-hl.ndcpp.com
2026-08-11T04:49:40.151015Z DEBUG meow_tunnel::tunnel: pre_handle_metadata: fake-ip 28.0.2.160 → api5-core-zjg.amemv.com
2026-08-11T04:49:40.151094Z DEBUG meow_dns::resolver: DNS lookup: api5-core-zjg.amemv.com
2026-08-11T04:49:40.236917Z DEBUG meow_tunnel::tunnel: pre_handle_metadata: fake-ip 28.0.2.160 → api5-core-zjg.amemv.com
2026-08-11T04:49:40.481217Z DEBUG meow_tunnel::tunnel: pre_handle_metadata: fake-ip 28.0.3.241 → vc-brain-hl.ndcpp.com
2026-08-11T04:49:40.715609Z DEBUG meow_listener::sniffer: sniffer: 127.0.0.1:61584 --> 28.0.3.204:443 (tcp) → mssdk3-normal-hj.zijieapi.com
2026-08-11T04:49:40.715665Z DEBUG meow_listener::socks5: SOCKS5 CONNECT to 28.0.3.204:443
2026-08-11T04:49:40.715689Z DEBUG meow_tunnel::tunnel: pre_handle_metadata: fake-ip 28.0.3.204 → mssdk3-normal-hj.zijieapi.com
2026-08-11T04:49:40.715736Z  INFO meow_listener::socks5: 127.0.0.1:61584 --> mssdk3-normal-hj.zijieapi.com:443 match RULE-SET(reject-domain) using Block
2026-08-11T04:49:40.813436Z  INFO meow_ios_ffi::tun2socks: UDP reply reader idle (both directions) > 60s for (172.19.0.1:55647, 28.0.0.95:443); evicting session
2026-08-11T04:49:40.814052Z DEBUG meow_listener::socks5_udp: SOCKS5 UDP ASSOCIATE from 127.0.0.1:61328 closed; tearing down 1 sessions
2026-08-11T04:49:40.986021Z DEBUG meow_tunnel::tunnel: pre_handle_metadata: fake-ip 28.0.3.241 → vc-brain-hl.ndcpp.com
2026-08-11T04:49:42.398983Z DEBUG meow_listener::socks5: SOCKS5 relay closed: up=1847 down=12014
2026-08-11T04:49:45.145941Z DEBUG meow_listener::socks5: SOCKS5 relay closed: up=517 down=0
2026-08-11T04:49:45.558189Z DEBUG meow_listener::sniffer: sniffer: 127.0.0.1:61586 --> 28.0.3.204:443 (tcp) → mssdk3-normal-hj.zijieapi.com
2026-08-11T04:49:45.558236Z DEBUG meow_listener::socks5: SOCKS5 CONNECT to 28.0.3.204:443
2026-08-11T04:49:45.558258Z DEBUG meow_tunnel::tunnel: pre_handle_metadata: fake-ip 28.0.3.204 → mssdk3-normal-hj.zijieapi.com
2026-08-11T04:49:45.558304Z  INFO meow_listener::socks5: 127.0.0.1:61586 --> mssdk3-normal-hj.zijieapi.com:443 match RULE-SET(reject-domain) using Block
2026-08-11T04:49:45.864044Z DEBUG meow_dns::server: DNS query: orzonera.yingt.fun type=1
2026-08-11T04:49:45.867169Z DEBUG meow_listener::sniffer: sniffer: 127.0.0.1:61588 --> 28.0.3.250:443 (tcp) → orzonera.yingt.fun
2026-08-11T04:49:45.867206Z DEBUG meow_listener::socks5: SOCKS5 CONNECT to 28.0.3.250:443
2026-08-11T04:49:45.867228Z DEBUG meow_tunnel::tunnel: pre_handle_metadata: fake-ip 28.0.3.250 → orzonera.yingt.fun
2026-08-11T04:49:45.867273Z  INFO meow_listener::socks5: 127.0.0.1:61588 --> orzonera.yingt.fun:443 match MATCH() using DIRECT
2026-08-11T04:49:45.867336Z DEBUG meow_dns::resolver: DNS lookup: orzonera.yingt.fun
2026-08-11T04:49:46.115430Z DEBUG meow_listener::socks5: SOCKS5 relay closed: up=2008 down=4627
2026-08-11T04:49:46.117203Z DEBUG meow_listener::socks5: SOCKS5 CONNECT to 111.31.36.96:80
2026-08-11T04:49:46.117273Z  INFO meow_listener::socks5: 127.0.0.1:61595 --> orzonera.yingt.fun:80 match MATCH() using DIRECT
2026-08-11T04:49:46.272171Z DEBUG meow_listener::socks5: SOCKS5 relay closed: up=1455 down=1098
2026-08-11T04:49:46.277851Z DEBUG meow_listener::socks5: SOCKS5 CONNECT to 120.233.200.91:2182
2026-08-11T04:49:46.277950Z  INFO meow_listener::socks5: 127.0.0.1:61599 --> 120.233.200.91:2182 match MATCH() using DIRECT
2026-08-11T04:49:46.278765Z DEBUG meow_listener::socks5: SOCKS5 CONNECT to 120.241.72.120:2032
2026-08-11T04:49:46.278888Z  INFO meow_listener::socks5: 127.0.0.1:61600 --> 120.241.72.120:2032 match MATCH() using DIRECT
2026-08-11T04:49:46.379584Z DEBUG meow_listener::socks5: SOCKS5 relay closed: up=1744 down=209
2026-08-11T04:49:47.036913Z  INFO meow_ios_ffi::tun2socks: UDP reply reader idle (both directions) > 60s for (172.19.0.1:58036, 28.0.0.199:443); evicting session
2026-08-11T04:49:47.037772Z DEBUG meow_listener::socks5_udp: SOCKS5 UDP ASSOCIATE from 127.0.0.1:61351 closed; tearing down 1 sessions
2026-08-11T04:49:47.325922Z  INFO meow_ios_ffi::tun2socks: UDP reply reader idle (both directions) > 60s for (172.19.0.1:57044, 28.0.0.199:443); evicting session
2026-08-11T04:49:47.326620Z DEBUG meow_listener::socks5_udp: SOCKS5 UDP ASSOCIATE from 127.0.0.1:61356 closed; tearing down 1 sessions
2026-08-11T04:49:47.459983Z  WARN meow_ios_ffi::tun2socks: UDP first-reply deadline exceeded for (172.19.0.1:8568, 28.0.3.241:9681) after 10000 ms; evicting session
2026-08-11T04:49:47.460416Z  WARN meow_ios_ffi::tun2socks: UDP first-reply deadline exceeded for (172.19.0.1:8568, 28.0.3.241:9681) after 10000 ms; evicting session
2026-08-11T04:49:47.460619Z DEBUG meow_listener::socks5_udp: SOCKS5 UDP ASSOCIATE from 127.0.0.1:61577 closed; tearing down 1 sessions
2026-08-11T04:49:47.460831Z DEBUG meow_listener::socks5_udp: SOCKS5 UDP ASSOCIATE from 127.0.0.1:61578 closed; tearing down 1 sessions
2026-08-11T04:49:47.784121Z  INFO meow_ios_ffi::tun2socks: UDP reply reader idle (both directions) > 60s for (172.19.0.1:8774, 28.0.0.149:9681); evicting session
2026-08-11T04:49:47.785089Z DEBUG meow_listener::socks5_udp: SOCKS5 UDP ASSOCIATE from 127.0.0.1:61365 closed; tearing down 1 sessions
2026-08-11T04:49:48.795577Z DEBUG meow_tunnel::tunnel: pre_handle_metadata: fake-ip 28.0.0.179 → ecom5-normal-hl.ecombdapi.com
2026-08-11T04:49:48.795691Z DEBUG meow_dns::resolver: DNS lookup: ecom5-normal-hl.ecombdapi.com
2026-08-11T04:49:49.627775Z  INFO meow_ios_ffi::tun2socks: UDP reply reader idle (both directions) > 60s for (172.19.0.1:8774, 28.0.0.149:9681); evicting session
2026-08-11T04:49:49.628534Z DEBUG meow_listener::socks5_udp: SOCKS5 UDP ASSOCIATE from 127.0.0.1:61281 closed; tearing down 1 sessions
2026-08-11T04:49:51.124190Z DEBUG meow_listener::socks5: SOCKS5 CONNECT to 120.233.200.91:2182
2026-08-11T04:49:51.124327Z  INFO meow_listener::socks5: 127.0.0.1:61608 --> 120.233.200.91:2182 match MATCH() using DIRECT
2026-08-11T04:49:51.215017Z DEBUG meow_listener::socks5: SOCKS5 relay closed: up=1744 down=209
2026-08-11T04:49:52.026503Z DEBUG meow_listener::socks5: SOCKS5 CONNECT to 28.0.0.148:443
2026-08-11T04:49:52.026565Z DEBUG meow_tunnel::tunnel: pre_handle_metadata: fake-ip 28.0.0.148 → www.bytedance.com
2026-08-11T04:49:52.026621Z  INFO meow_listener::socks5: 127.0.0.1:61611 --> www.bytedance.com:443 match RULE-SET(reject-domain) using Block
2026-08-11T04:49:52.133454Z DEBUG meow_listener::sniffer: sniffer: 127.0.0.1:61613 --> 28.0.2.186:443 (tcp) → n98-lf-effect-302-sub.byteeffecttos.com
2026-08-11T04:49:52.133504Z DEBUG meow_listener::socks5: SOCKS5 CONNECT to 28.0.2.186:443
2026-08-11T04:49:52.133556Z DEBUG meow_tunnel::tunnel: pre_handle_metadata: fake-ip 28.0.2.186 → n98-lf-effect-302-sub.byteeffecttos.com
2026-08-11T04:49:52.133594Z  INFO meow_listener::socks5: 127.0.0.1:61613 --> n98-lf-effect-302-sub.byteeffecttos.com:443 match MATCH() using DIRECT
2026-08-11T04:49:52.133637Z DEBUG meow_dns::resolver: DNS lookup: n98-lf-effect-302-sub.byteeffecttos.com
2026-08-11T04:49:52.306257Z DEBUG meow_listener::sniffer: sniffer: 127.0.0.1:61620 --> 28.0.4.84:443 (tcp) → lf26-effect-302.byteeffecttos.com
2026-08-11T04:49:52.306287Z DEBUG meow_listener::socks5: SOCKS5 CONNECT to 28.0.4.84:443
2026-08-11T04:49:52.306315Z DEBUG meow_tunnel::tunnel: pre_handle_metadata: fake-ip 28.0.4.84 → lf26-effect-302.byteeffecttos.com
2026-08-11T04:49:52.306361Z  INFO meow_listener::socks5: 127.0.0.1:61620 --> lf26-effect-302.byteeffecttos.com:443 match MATCH() using DIRECT
2026-08-11T04:49:52.306406Z DEBUG meow_dns::resolver: DNS lookup: lf26-effect-302.byteeffecttos.com
2026-08-11T04:49:52.337255Z DEBUG meow_listener::sniffer: sniffer: 127.0.0.1:61626 --> 28.0.2.158:443 (tcp) → p11.douyinpic.com
2026-08-11T04:49:52.337278Z DEBUG meow_listener::socks5: SOCKS5 CONNECT to 28.0.2.158:443
2026-08-11T04:49:52.337290Z DEBUG meow_tunnel::tunnel: pre_handle_metadata: fake-ip 28.0.2.158 → p11.douyinpic.com
2026-08-11T04:49:52.337315Z  INFO meow_listener::socks5: 127.0.0.1:61626 --> p11.douyinpic.com:443 match MATCH() using DIRECT
2026-08-11T04:49:52.337343Z DEBUG meow_dns::resolver: DNS lookup: p11.douyinpic.com
2026-08-11T04:49:52.442675Z DEBUG meow_listener::socks5: SOCKS5 relay error: Broken pipe (os error 32)
2026-08-11T04:49:53.618994Z  INFO meow_ios_ffi::tun2socks: UDP reply reader idle (both directions) > 60s for (172.19.0.1:65062, 28.0.0.149:9681); evicting session
2026-08-11T04:49:53.619735Z DEBUG meow_listener::socks5_udp: SOCKS5 UDP ASSOCIATE from 127.0.0.1:61326 closed; tearing down 1 sessions
2026-08-11T04:49:53.726535Z  INFO meow_ios_ffi::tun2socks: UDP reply reader idle (both directions) > 60s for (172.19.0.1:8774, 28.0.2.181:9681); evicting session
2026-08-11T04:49:53.727291Z DEBUG meow_listener::socks5_udp: SOCKS5 UDP ASSOCIATE from 127.0.0.1:59836 closed; tearing down 1 sessions
2026-08-11T04:49:53.730091Z  INFO meow_ios_ffi::tun2socks: UDP reply reader idle (both directions) > 60s for (172.19.0.1:8774, 28.0.0.149:9681); evicting session
2026-08-11T04:49:53.730359Z DEBUG meow_listener::socks5_udp: SOCKS5 UDP ASSOCIATE from 127.0.0.1:61364 closed; tearing down 1 sessions
2026-08-11T04:49:53.926470Z DEBUG meow_listener::sniffer: sniffer: 127.0.0.1:61634 --> 28.0.1.49:443 (tcp) → ecomuser.snssdk.com
2026-08-11T04:49:53.926497Z DEBUG meow_listener::socks5: SOCKS5 CONNECT to 28.0.1.49:443
2026-08-11T04:49:53.926510Z DEBUG meow_tunnel::tunnel: pre_handle_metadata: fake-ip 28.0.1.49 → ecomuser.snssdk.com
2026-08-11T04:49:53.926539Z  INFO meow_listener::socks5: 127.0.0.1:61634 --> ecomuser.snssdk.com:443 match RULE-SET(reject-domain) using Block
2026-08-11T04:49:53.991557Z DEBUG meow_listener::socks5: SOCKS5 relay error: Broken pipe (os error 32)
2026-08-11T04:49:54.047771Z DEBUG meow_listener::socks5: SOCKS5 CONNECT to 111.31.36.96:80
2026-08-11T04:49:54.047825Z  INFO meow_listener::socks5: 127.0.0.1:61636 --> orzonera.yingt.fun:80 match MATCH() using DIRECT
2026-08-11T04:49:54.201039Z DEBUG meow_dns::server: DNS query: api5-core-yz.amemv.com type=1
2026-08-11T04:49:54.202216Z DEBUG meow_listener::socks5_udp: SOCKS5 UDP ASSOCIATE from 127.0.0.1:61638: relay bound on 127.0.0.1:54851
2026-08-11T04:49:54.202711Z DEBUG meow_tunnel::tunnel: pre_handle_metadata: fake-ip 28.0.2.153 → api5-core-yz.amemv.com
2026-08-11T04:49:54.202766Z DEBUG meow_dns::resolver: DNS lookup: api5-core-yz.amemv.com
2026-08-11T04:49:54.208889Z DEBUG meow_listener::socks5: SOCKS5 relay closed: up=1488 down=1075
2026-08-11T04:49:54.268581Z DEBUG meow_tunnel::tunnel: pre_handle_metadata: fake-ip 28.0.2.153 → api5-core-yz.amemv.com
2026-08-11T04:49:54.290193Z DEBUG meow_tunnel::tunnel: pre_handle_metadata: fake-ip 28.0.2.153 → api5-core-yz.amemv.com
2026-08-11T04:49:54.290532Z DEBUG meow_tunnel::tunnel: pre_handle_metadata: fake-ip 28.0.2.153 → api5-core-yz.amemv.com
2026-08-11T04:49:54.290736Z DEBUG meow_tunnel::tunnel: pre_handle_metadata: fake-ip 28.0.2.153 → api5-core-yz.amemv.com
2026-08-11T04:49:54.290959Z DEBUG meow_tunnel::tunnel: pre_handle_metadata: fake-ip 28.0.2.153 → api5-core-yz.amemv.com
2026-08-11T04:49:54.291171Z DEBUG meow_tunnel::tunnel: pre_handle_metadata: fake-ip 28.0.2.153 → api5-core-yz.amemv.com
2026-08-11T04:49:54.291349Z DEBUG meow_tunnel::tunnel: pre_handle_metadata: fake-ip 28.0.2.153 → api5-core-yz.amemv.com
2026-08-11T04:49:54.291509Z DEBUG meow_tunnel::tunnel: pre_handle_metadata: fake-ip 28.0.2.153 → api5-core-yz.amemv.com
2026-08-11T04:49:54.291747Z DEBUG meow_tunnel::tunnel: pre_handle_metadata: fake-ip 28.0.2.153 → api5-core-yz.amemv.com
2026-08-11T04:49:54.291997Z DEBUG meow_tunnel::tunnel: pre_handle_metadata: fake-ip 28.0.2.153 → api5-core-yz.amemv.com
2026-08-11T04:49:54.292316Z DEBUG meow_tunnel::tunnel: pre_handle_metadata: fake-ip 28.0.2.153 → api5-core-yz.amemv.com
2026-08-11T04:49:54.292587Z DEBUG meow_tunnel::tunnel: pre_handle_metadata: fake-ip 28.0.2.153 → api5-core-yz.amemv.com
2026-08-11T04:49:54.292943Z DEBUG meow_tunnel::tunnel: pre_handle_metadata: fake-ip 28.0.2.153 → api5-core-yz.amemv.com
2026-08-11T04:49:54.293095Z DEBUG meow_tunnel::tunnel: pre_handle_metadata: fake-ip 28.0.2.153 → api5-core-yz.amemv.com
2026-08-11T04:49:54.293249Z DEBUG meow_tunnel::tunnel: pre_handle_metadata: fake-ip 28.0.2.153 → api5-core-yz.amemv.com
2026-08-11T04:49:54.293501Z DEBUG meow_tunnel::tunnel: pre_handle_metadata: fake-ip 28.0.2.153 → api5-core-yz.amemv.com
2026-08-11T04:49:54.293671Z DEBUG meow_tunnel::tunnel: pre_handle_metadata: fake-ip 28.0.2.153 → api5-core-yz.amemv.com
2026-08-11T04:49:54.293823Z DEBUG meow_tunnel::tunnel: pre_handle_metadata: fake-ip 28.0.2.153 → api5-core-yz.amemv.com
2026-08-11T04:49:54.293964Z DEBUG meow_tunnel::tunnel: pre_handle_metadata: fake-ip 28.0.2.153 → api5-core-yz.amemv.com
2026-08-11T04:49:54.295095Z DEBUG meow_tunnel::tunnel: pre_handle_metadata: fake-ip 28.0.2.153 → api5-core-yz.amemv.com
2026-08-11T04:49:54.295263Z DEBUG meow_tunnel::tunnel: pre_handle_metadata: fake-ip 28.0.2.153 → api5-core-yz.amemv.com
2026-08-11T04:49:54.296544Z DEBUG meow_tunnel::tunnel: pre_handle_metadata: fake-ip 28.0.2.153 → api5-core-yz.amemv.com
2026-08-11T04:49:54.296758Z DEBUG meow_tunnel::tunnel: pre_handle_metadata: fake-ip 28.0.2.153 → api5-core-yz.amemv.com
2026-08-11T04:49:54.296992Z DEBUG meow_tunnel::tunnel: pre_handle_metadata: fake-ip 28.0.2.153 → api5-core-yz.amemv.com
2026-08-11T04:49:54.298177Z DEBUG meow_tunnel::tunnel: pre_handle_metadata: fake-ip 28.0.2.153 → api5-core-yz.amemv.com
2026-08-11T04:49:54.298389Z DEBUG meow_tunnel::tunnel: pre_handle_metadata: fake-ip 28.0.2.153 → api5-core-yz.amemv.com
2026-08-11T04:49:54.298570Z DEBUG meow_tunnel::tunnel: pre_handle_metadata: fake-ip 28.0.2.153 → api5-core-yz.amemv.com
2026-08-11T04:49:54.299973Z DEBUG meow_tunnel::tunnel: pre_handle_metadata: fake-ip 28.0.2.153 → api5-core-yz.amemv.com
2026-08-11T04:49:54.300174Z DEBUG meow_tunnel::tunnel: pre_handle_metadata: fake-ip 28.0.2.153 → api5-core-yz.amemv.com
2026-08-11T04:49:54.300370Z DEBUG meow_tunnel::tunnel: pre_handle_metadata: fake-ip 28.0.2.153 → api5-core-yz.amemv.com
2026-08-11T04:49:54.301699Z DEBUG meow_tunnel::tunnel: pre_handle_metadata: fake-ip 28.0.2.153 → api5-core-yz.amemv.com
2026-08-11T04:49:54.301891Z DEBUG meow_tunnel::tunnel: pre_handle_metadata: fake-ip 28.0.2.153 → api5-core-yz.amemv.com
2026-08-11T04:49:54.302044Z DEBUG meow_tunnel::tunnel: pre_handle_metadata: fake-ip 28.0.2.153 → api5-core-yz.amemv.com
2026-08-11T04:49:54.303502Z DEBUG meow_tunnel::tunnel: pre_handle_metadata: fake-ip 28.0.2.153 → api5-core-yz.amemv.com
2026-08-11T04:49:54.303659Z DEBUG meow_tunnel::tunnel: pre_handle_metadata: fake-ip 28.0.2.153 → api5-core-yz.amemv.com
2026-08-11T04:49:54.303847Z DEBUG meow_tunnel::tunnel: pre_handle_metadata: fake-ip 28.0.2.153 → api5-core-yz.amemv.com
2026-08-11T04:49:54.305184Z DEBUG meow_tunnel::tunnel: pre_handle_metadata: fake-ip 28.0.2.153 → api5-core-yz.amemv.com
2026-08-11T04:49:54.305355Z DEBUG meow_tunnel::tunnel: pre_handle_metadata: fake-ip 28.0.2.153 → api5-core-yz.amemv.com
2026-08-11T04:49:54.305507Z DEBUG meow_tunnel::tunnel: pre_handle_metadata: fake-ip 28.0.2.153 → api5-core-yz.amemv.com
2026-08-11T04:49:54.307050Z DEBUG meow_tunnel::tunnel: pre_handle_metadata: fake-ip 28.0.2.153 → api5-core-yz.amemv.com
2026-08-11T04:49:54.307241Z DEBUG meow_tunnel::tunnel: pre_handle_metadata: fake-ip 28.0.2.153 → api5-core-yz.amemv.com
2026-08-11T04:49:54.307403Z DEBUG meow_tunnel::tunnel: pre_handle_metadata: fake-ip 28.0.2.153 → api5-core-yz.amemv.com
2026-08-11T04:49:54.308831Z DEBUG meow_tunnel::tunnel: pre_handle_metadata: fake-ip 28.0.2.153 → api5-core-yz.amemv.com
2026-08-11T04:49:54.309165Z DEBUG meow_tunnel::tunnel: pre_handle_metadata: fake-ip 28.0.2.153 → api5-core-yz.amemv.com
2026-08-11T04:49:54.309385Z DEBUG meow_tunnel::tunnel: pre_handle_metadata: fake-ip 28.0.2.153 → api5-core-yz.amemv.com
2026-08-11T04:49:54.310594Z DEBUG meow_tunnel::tunnel: pre_handle_metadata: fake-ip 28.0.2.153 → api5-core-yz.amemv.com
2026-08-11T04:49:54.310773Z DEBUG meow_tunnel::tunnel: pre_handle_metadata: fake-ip 28.0.2.153 → api5-core-yz.amemv.com
2026-08-11T04:49:54.327230Z DEBUG meow_tunnel::tunnel: pre_handle_metadata: fake-ip 28.0.2.153 → api5-core-yz.amemv.com
2026-08-11T04:49:54.357830Z DEBUG meow_tunnel::tunnel: pre_handle_metadata: fake-ip 28.0.2.153 → api5-core-yz.amemv.com
2026-08-11T04:49:54.916131Z DEBUG meow_listener::socks5: SOCKS5 relay closed: up=1578 down=29741
2026-08-11T04:49:56.952085Z DEBUG meow_tunnel::tunnel: pre_handle_metadata: fake-ip 28.0.2.153 → api5-core-yz.amemv.com
2026-08-11T04:49:56.959728Z DEBUG meow_tunnel::tunnel: pre_handle_metadata: fake-ip 28.0.2.153 → api5-core-yz.amemv.com
2026-08-11T04:49:56.987746Z DEBUG meow_tunnel::tunnel: pre_handle_metadata: fake-ip 28.0.2.153 → api5-core-yz.amemv.com
2026-08-11T04:49:56.998950Z DEBUG meow_tunnel::tunnel: pre_handle_metadata: fake-ip 28.0.2.153 → api5-core-yz.amemv.com
2026-08-11T04:49:57.006125Z DEBUG meow_tunnel::tunnel: pre_handle_metadata: fake-ip 28.0.2.153 → api5-core-yz.amemv.com
2026-08-11T04:49:57.013497Z DEBUG meow_tunnel::tunnel: pre_handle_metadata: fake-ip 28.0.2.153 → api5-core-yz.amemv.com
2026-08-11T04:49:57.025594Z DEBUG meow_tunnel::tunnel: pre_handle_metadata: fake-ip 28.0.2.153 → api5-core-yz.amemv.com
2026-08-11T04:49:57.209148Z DEBUG meow_listener::socks5_udp: SOCKS5 UDP ASSOCIATE from 127.0.0.1:61643: relay bound on 127.0.0.1:62462
2026-08-11T04:49:57.209425Z DEBUG meow_tunnel::tunnel: pre_handle_metadata: fake-ip 28.0.0.199 → webcast5-normal-lf.amemv.com
2026-08-11T04:49:57.209451Z DEBUG meow_dns::resolver: DNS lookup: webcast5-normal-lf.amemv.com
2026-08-11T04:49:57.225295Z DEBUG meow_listener::sniffer: sniffer: 127.0.0.1:61649 --> 39.136.125.198:443 (tcp) → v96-wha.douyinvod.com
2026-08-11T04:49:57.225325Z DEBUG meow_listener::socks5: SOCKS5 CONNECT to 39.136.125.198:443
2026-08-11T04:49:57.225369Z  INFO meow_listener::socks5: 127.0.0.1:61649 --> p96-sign.douyinpic.com:443 match MATCH() using DIRECT
2026-08-11T04:49:57.225772Z DEBUG meow_listener::sniffer: sniffer: 127.0.0.1:61651 --> 120.233.57.232:443 (tcp) → api-play.amemv.com
2026-08-11T04:49:57.225785Z DEBUG meow_listener::socks5: SOCKS5 CONNECT to 120.233.57.232:443
2026-08-11T04:49:57.225804Z  INFO meow_listener::socks5: 127.0.0.1:61651 --> api5-core-zjg.amemv.com:443 match MATCH() using DIRECT
2026-08-11T04:49:57.270246Z DEBUG meow_tunnel::tunnel: pre_handle_metadata: fake-ip 28.0.0.199 → webcast5-normal-lf.amemv.com
2026-08-11T04:49:57.290979Z DEBUG meow_tunnel::tunnel: pre_handle_metadata: fake-ip 28.0.0.199 → webcast5-normal-lf.amemv.com
2026-08-11T04:49:57.291442Z DEBUG meow_tunnel::tunnel: pre_handle_metadata: fake-ip 28.0.0.199 → webcast5-normal-lf.amemv.com
2026-08-11T04:49:57.291645Z DEBUG meow_tunnel::tunnel: pre_handle_metadata: fake-ip 28.0.0.199 → webcast5-normal-lf.amemv.com
2026-08-11T04:49:57.291811Z DEBUG meow_tunnel::tunnel: pre_handle_metadata: fake-ip 28.0.0.199 → webcast5-normal-lf.amemv.com
2026-08-11T04:49:57.291951Z DEBUG meow_tunnel::tunnel: pre_handle_metadata: fake-ip 28.0.0.199 → webcast5-normal-lf.amemv.com
2026-08-11T04:49:57.292093Z DEBUG meow_tunnel::tunnel: pre_handle_metadata: fake-ip 28.0.0.199 → webcast5-normal-lf.amemv.com
2026-08-11T04:49:57.454524Z DEBUG meow_tunnel::tunnel: pre_handle_metadata: fake-ip 28.0.0.199 → webcast5-normal-lf.amemv.com
2026-08-11T04:49:57.717411Z DEBUG meow_listener::sniffer: sniffer: 127.0.0.1:61655 --> 28.0.4.118:443 (tcp) → v96-x.douyinvod.com
2026-08-11T04:49:57.717474Z DEBUG meow_listener::socks5: SOCKS5 CONNECT to 28.0.4.118:443
2026-08-11T04:49:57.717507Z DEBUG meow_tunnel::tunnel: pre_handle_metadata: fake-ip 28.0.4.118 → v96-x.douyinvod.com
2026-08-11T04:49:57.717699Z  INFO meow_listener::socks5: 127.0.0.1:61655 --> v96-x.douyinvod.com:443 match MATCH() using DIRECT
2026-08-11T04:49:57.717749Z DEBUG meow_dns::server: DNS query: v96-x.douyinvod.com type=1
2026-08-11T04:49:57.717782Z DEBUG meow_dns::resolver: DNS lookup: v96-x.douyinvod.com
2026-08-11T04:49:59.345406Z  INFO meow_ios_ffi::tun2socks: UDP reply reader idle (both directions) > 60s for (172.19.0.1:52850, 28.0.2.153:443); evicting session
2026-08-11T04:49:59.346073Z DEBUG meow_listener::socks5_udp: SOCKS5 UDP ASSOCIATE from 127.0.0.1:61427 closed; tearing down 2 sessions
2026-08-11T04:50:01.866843Z  INFO meow_ios_ffi::tun2socks: UDP reply reader idle (both directions) > 60s for (172.19.0.1:8774, 125.78.32.238:9605); evicting session
2026-08-11T04:50:01.867469Z DEBUG meow_listener::socks5_udp: SOCKS5 UDP ASSOCIATE from 127.0.0.1:61296 closed; tearing down 1 sessions
2026-08-11T04:50:07.996922Z DEBUG meow_listener::socks5: SOCKS5 CONNECT to 28.0.0.148:443
2026-08-11T04:50:07.997043Z DEBUG meow_tunnel::tunnel: pre_handle_metadata: fake-ip 28.0.0.148 → www.bytedance.com
2026-08-11T04:50:07.997147Z  INFO meow_listener::socks5: 127.0.0.1:61663 --> www.bytedance.com:443 match RULE-SET(reject-domain) using Block
2026-08-11T04:50:08.175885Z DEBUG meow_listener::socks5: SOCKS5 relay closed: up=517 down=0
2026-08-11T04:50:08.736011Z DEBUG meow_listener::socks5: SOCKS5 relay closed: up=517 down=0
2026-08-11T04:50:08.878263Z DEBUG meow_listener::socks5: SOCKS5 CONNECT to 120.226.152.94:80
2026-08-11T04:50:08.878323Z  INFO meow_listener::socks5: 127.0.0.1:61665 --> 120.226.152.94:80 match MATCH() using DIRECT
2026-08-11T04:50:08.888844Z DEBUG meow_listener::socks5: SOCKS5 relay closed: up=707 down=4961
2026-08-11T04:50:08.888900Z DEBUG meow_listener::socks5: SOCKS5 relay closed: up=676 down=658
2026-08-11T04:50:08.985487Z DEBUG meow_listener::socks5: SOCKS5 CONNECT to 120.226.152.94:80
2026-08-11T04:50:08.985532Z  INFO meow_listener::socks5: 127.0.0.1:61668 --> 120.226.152.94:80 match MATCH() using DIRECT
2026-08-11T04:50:09.038231Z DEBUG meow_listener::socks5: SOCKS5 relay closed: up=462 down=677
2026-08-11T04:50:09.093548Z DEBUG meow_listener::socks5: SOCKS5 CONNECT to 120.241.72.119:2010
2026-08-11T04:50:09.093590Z DEBUG meow_listener::socks5: SOCKS5 CONNECT to 223.83.176.107:35004
2026-08-11T04:50:09.093805Z  INFO meow_listener::socks5: 127.0.0.1:61672 --> 120.241.72.119:2010 match MATCH() using DIRECT
2026-08-11T04:50:09.093945Z  INFO meow_listener::socks5: 127.0.0.1:61673 --> 223.83.176.107:35004 match MATCH() using DIRECT
2026-08-11T04:50:09.273882Z DEBUG meow_listener::socks5: SOCKS5 relay closed: up=1760 down=209
2026-08-11T04:50:09.372481Z DEBUG meow_listener::socks5: SOCKS5 relay closed: up=1760 down=201
2026-08-11T04:50:10.996640Z DEBUG meow_dns::server: DNS query: signal-t1-v4-az1.rtcxyz.com type=1
2026-08-11T04:50:10.996724Z DEBUG meow_dns::fakeip: fakeip: allocated signal-t1-v4-az1.rtcxyz.com → 28.0.4.121
2026-08-11T04:50:11.731382Z DEBUG meow_listener::sniffer: sniffer: 127.0.0.1:61677 --> 28.0.3.204:443 (tcp) → mssdk3-normal-hj.zijieapi.com
2026-08-11T04:50:11.731456Z DEBUG meow_listener::socks5: SOCKS5 CONNECT to 28.0.3.204:443
2026-08-11T04:50:11.731494Z DEBUG meow_tunnel::tunnel: pre_handle_metadata: fake-ip 28.0.3.204 → mssdk3-normal-hj.zijieapi.com
2026-08-11T04:50:11.731569Z  INFO meow_listener::socks5: 127.0.0.1:61677 --> mssdk3-normal-hj.zijieapi.com:443 match RULE-SET(reject-domain) using Block
2026-08-11T04:50:11.746651Z DEBUG meow_listener::socks5: SOCKS5 relay closed: up=723 down=316
2026-08-11T04:50:11.748500Z DEBUG meow_listener::socks5: SOCKS5 relay closed: up=719 down=316
2026-08-11T04:50:11.751517Z DEBUG meow_listener::socks5: SOCKS5 relay closed: up=689 down=4929
2026-08-11T04:50:11.752739Z DEBUG meow_listener::socks5: SOCKS5 relay closed: up=724 down=316
2026-08-11T04:50:11.755471Z DEBUG meow_listener::socks5: SOCKS5 relay closed: up=699 down=316
2026-08-11T04:50:12.011584Z DEBUG meow_listener::socks5_udp: SOCKS5 UDP ASSOCIATE from 127.0.0.1:61678: relay bound on 127.0.0.1:64243
2026-08-11T04:50:12.011622Z DEBUG meow_listener::socks5_udp: SOCKS5 UDP ASSOCIATE from 127.0.0.1:61679: relay bound on 127.0.0.1:60948
2026-08-11T04:50:12.011747Z DEBUG meow_tunnel::tunnel: pre_handle_metadata: fake-ip 28.0.4.121 → signal-t1-v4-az1.rtcxyz.com
2026-08-11T04:50:12.011788Z DEBUG meow_dns::resolver: DNS lookup: signal-t1-v4-az1.rtcxyz.com
2026-08-11T04:50:12.011824Z DEBUG meow_tunnel::tunnel: pre_handle_metadata: fake-ip 28.0.4.121 → signal-t1-v4-az1.rtcxyz.com
2026-08-11T04:50:12.049055Z DEBUG meow_tunnel::tunnel: pre_handle_metadata: fake-ip 28.0.4.121 → signal-t1-v4-az1.rtcxyz.com
2026-08-11T04:50:12.133365Z DEBUG meow_listener::socks5_udp: SOCKS5 UDP ASSOCIATE from 127.0.0.1:61684: relay bound on 127.0.0.1:54577
2026-08-11T04:50:12.133703Z DEBUG meow_tunnel::tunnel: pre_handle_metadata: fake-ip 28.0.0.147 → signal-t1-v4-az1-02.rtcxyz.com
2026-08-11T04:50:12.133747Z DEBUG meow_dns::resolver: DNS lookup: signal-t1-v4-az1-02.rtcxyz.com
2026-08-11T04:50:12.135254Z DEBUG meow_listener::socks5_udp: SOCKS5 UDP ASSOCIATE from 127.0.0.1:61685: relay bound on 127.0.0.1:64310
2026-08-11T04:50:12.135511Z DEBUG meow_tunnel::tunnel: pre_handle_metadata: fake-ip 28.0.3.231 → signal-t1-v6-az1-02.rtcxyz.com
2026-08-11T04:50:12.135531Z DEBUG meow_dns::resolver: DNS lookup: signal-t1-v6-az1-02.rtcxyz.com
2026-08-11T04:50:12.136070Z DEBUG meow_dns::server: DNS query: signal-t1-v6-az1.rtcxyz.com type=1
2026-08-11T04:50:12.136101Z DEBUG meow_dns::fakeip: fakeip: allocated signal-t1-v6-az1.rtcxyz.com → 28.0.4.122
2026-08-11T04:50:12.215131Z DEBUG meow_dns::server: DNS query: is.snssdk.com type=1
2026-08-11T04:50:12.217488Z DEBUG meow_listener::socks5: SOCKS5 CONNECT to 28.0.2.162:80
2026-08-11T04:50:12.217513Z DEBUG meow_tunnel::tunnel: pre_handle_metadata: fake-ip 28.0.2.162 → is.snssdk.com
2026-08-11T04:50:12.217547Z  INFO meow_listener::socks5: 127.0.0.1:61695 --> is.snssdk.com:80 match RULE-SET(reject-domain) using Block
2026-08-11T04:50:13.564455Z  INFO meow_ios_ffi::tun2socks: UDP reply reader idle (both directions) > 60s for (172.19.0.1:58036, 28.0.0.199:443); evicting session
2026-08-11T04:50:13.565080Z DEBUG meow_listener::socks5_udp: SOCKS5 UDP ASSOCIATE from 127.0.0.1:61347 closed; tearing down 1 sessions
2026-08-11T04:50:13.753315Z DEBUG meow_dns::server: DNS query: api5-core-zjg.amemv.com type=1
2026-08-11T04:50:13.754508Z DEBUG meow_listener::socks5_udp: SOCKS5 UDP ASSOCIATE from 127.0.0.1:61696: relay bound on 127.0.0.1:49463
2026-08-11T04:50:13.754666Z DEBUG meow_tunnel::tunnel: pre_handle_metadata: fake-ip 28.0.2.160 → api5-core-zjg.amemv.com
2026-08-11T04:50:13.802819Z DEBUG meow_tunnel::tunnel: pre_handle_metadata: fake-ip 28.0.2.160 → api5-core-zjg.amemv.com
2026-08-11T04:50:13.803175Z DEBUG meow_tunnel::tunnel: pre_handle_metadata: fake-ip 28.0.2.160 → api5-core-zjg.amemv.com
2026-08-11T04:50:13.803249Z DEBUG meow_tunnel::tunnel: pre_handle_metadata: fake-ip 28.0.2.160 → api5-core-zjg.amemv.com
2026-08-11T04:50:13.803300Z DEBUG meow_tunnel::tunnel: pre_handle_metadata: fake-ip 28.0.2.160 → api5-core-zjg.amemv.com
2026-08-11T04:50:13.803348Z DEBUG meow_tunnel::tunnel: pre_handle_metadata: fake-ip 28.0.2.160 → api5-core-zjg.amemv.com
2026-08-11T04:50:13.803392Z DEBUG meow_tunnel::tunnel: pre_handle_metadata: fake-ip 28.0.2.160 → api5-core-zjg.amemv.com
2026-08-11T04:50:13.828514Z DEBUG meow_tunnel::tunnel: pre_handle_metadata: fake-ip 28.0.4.121 → signal-t1-v4-az1.rtcxyz.com
2026-08-11T04:50:13.828966Z DEBUG meow_listener::socks5_udp: SOCKS5 UDP ASSOCIATE from 127.0.0.1:61697: relay bound on 127.0.0.1:62905
2026-08-11T04:50:13.829008Z DEBUG meow_listener::socks5_udp: SOCKS5 UDP ASSOCIATE from 127.0.0.1:61699: relay bound on 127.0.0.1:53911
2026-08-11T04:50:13.829066Z DEBUG meow_listener::socks5_udp: SOCKS5 UDP ASSOCIATE from 127.0.0.1:61698: relay bound on 127.0.0.1:49324
2026-08-11T04:50:13.829161Z DEBUG meow_tunnel::tunnel: pre_handle_metadata: fake-ip 28.0.4.121 → signal-t1-v4-az1.rtcxyz.com
2026-08-11T04:50:13.829170Z DEBUG meow_tunnel::tunnel: pre_handle_metadata: fake-ip 28.0.4.121 → signal-t1-v4-az1.rtcxyz.com
2026-08-11T04:50:13.829256Z DEBUG meow_tunnel::tunnel: pre_handle_metadata: fake-ip 28.0.4.121 → signal-t1-v4-az1.rtcxyz.com
2026-08-11T04:50:13.868993Z DEBUG meow_listener::socks5: SOCKS5 relay error: Connection reset by peer (os error 54)
2026-08-11T04:50:13.994255Z DEBUG meow_tunnel::tunnel: pre_handle_metadata: fake-ip 28.0.2.160 → api5-core-zjg.amemv.com
2026-08-11T04:50:14.020017Z DEBUG meow_tunnel::tunnel: pre_handle_metadata: fake-ip 28.0.2.160 → api5-core-zjg.amemv.com
2026-08-11T04:50:14.055138Z DEBUG meow_tunnel::tunnel: pre_handle_metadata: fake-ip 28.0.2.160 → api5-core-zjg.amemv.com
2026-08-11T04:50:14.087199Z DEBUG meow_tunnel::tunnel: pre_handle_metadata: fake-ip 28.0.2.160 → api5-core-zjg.amemv.com
2026-08-11T04:50:14.135991Z DEBUG meow_tunnel::tunnel: pre_handle_metadata: fake-ip 28.0.2.160 → api5-core-zjg.amemv.com
2026-08-11T04:50:15.356623Z DEBUG meow_listener::socks5: SOCKS5 relay closed: up=517 down=0
2026-08-11T04:50:15.765723Z DEBUG meow_listener::sniffer: sniffer: 127.0.0.1:61701 --> 28.0.3.204:443 (tcp) → mssdk3-normal-hj.zijieapi.com
2026-08-11T04:50:15.765777Z DEBUG meow_listener::socks5: SOCKS5 CONNECT to 28.0.3.204:443
2026-08-11T04:50:15.765803Z DEBUG meow_tunnel::tunnel: pre_handle_metadata: fake-ip 28.0.3.204 → mssdk3-normal-hj.zijieapi.com
2026-08-11T04:50:15.765852Z  INFO meow_listener::socks5: 127.0.0.1:61701 --> mssdk3-normal-hj.zijieapi.com:443 match RULE-SET(reject-domain) using Block
2026-08-11T04:50:16.706860Z DEBUG meow_listener::socks5: SOCKS5 CONNECT to 120.226.152.94:80
2026-08-11T04:50:16.706940Z  INFO meow_listener::socks5: 127.0.0.1:61703 --> 120.226.152.94:80 match MATCH() using DIRECT
2026-08-11T04:50:16.952977Z DEBUG meow_tunnel::tunnel: pre_handle_metadata: fake-ip 28.0.2.153 → api5-core-yz.amemv.com
2026-08-11T04:50:16.953078Z DEBUG meow_dns::resolver: DNS lookup: api5-core-yz.amemv.com
2026-08-11T04:50:17.027369Z DEBUG meow_tunnel::tunnel: pre_handle_metadata: fake-ip 28.0.2.153 → api5-core-yz.amemv.com
2026-08-11T04:50:17.291946Z DEBUG meow_tunnel::tunnel: pre_handle_metadata: fake-ip 28.0.0.199 → webcast5-normal-lf.amemv.com
2026-08-11T04:50:17.292027Z DEBUG meow_dns::resolver: DNS lookup: webcast5-normal-lf.amemv.com
2026-08-11T04:50:17.946497Z  INFO meow_ios_ffi::tun2socks: UDP reply reader idle (both directions) > 60s for (172.19.0.1:57044, 28.0.0.199:443); evicting session
2026-08-11T04:50:17.947184Z DEBUG meow_listener::socks5_udp: SOCKS5 UDP ASSOCIATE from 127.0.0.1:61353 closed; tearing down 1 sessions
2026-08-11T04:50:18.717306Z DEBUG meow_tunnel::tunnel: pre_handle_metadata: fake-ip 28.0.4.121 → signal-t1-v4-az1.rtcxyz.com
2026-08-11T04:50:18.717500Z DEBUG meow_tunnel::tunnel: pre_handle_metadata: fake-ip 28.0.4.121 → signal-t1-v4-az1.rtcxyz.com
2026-08-11T04:50:18.717962Z DEBUG meow_tunnel::tunnel: pre_handle_metadata: fake-ip 28.0.4.121 → signal-t1-v4-az1.rtcxyz.com
2026-08-11T04:50:20.999792Z DEBUG meow_tunnel::tunnel: pre_handle_metadata: fake-ip 28.0.4.121 → signal-t1-v4-az1.rtcxyz.com
2026-08-11T04:50:21.000086Z DEBUG meow_tunnel::tunnel: pre_handle_metadata: fake-ip 28.0.4.121 → signal-t1-v4-az1.rtcxyz.com
2026-08-11T04:50:21.000362Z DEBUG meow_tunnel::tunnel: pre_handle_metadata: fake-ip 28.0.4.121 → signal-t1-v4-az1.rtcxyz.com
2026-08-11T04:50:21.000452Z DEBUG meow_tunnel::tunnel: pre_handle_metadata: fake-ip 28.0.4.121 → signal-t1-v4-az1.rtcxyz.com
2026-08-11T04:50:21.029623Z DEBUG meow_listener::socks5: SOCKS5 relay error: Connection reset by peer (os error 54)
2026-08-11T04:50:22.014344Z  WARN meow_ios_ffi::tun2socks: UDP first-reply deadline exceeded for (172.19.0.1:65062, 28.0.4.121:9681) after 10000 ms; evicting session
2026-08-11T04:50:22.014854Z DEBUG meow_listener::socks5_udp: SOCKS5 UDP ASSOCIATE from 127.0.0.1:61678 closed; tearing down 1 sessions
2026-08-11T04:50:22.046451Z DEBUG meow_listener::socks5: SOCKS5 CONNECT to 28.0.0.148:443
2026-08-11T04:50:22.046531Z DEBUG meow_tunnel::tunnel: pre_handle_metadata: fake-ip 28.0.0.148 → www.bytedance.com
2026-08-11T04:50:22.046607Z  INFO meow_listener::socks5: 127.0.0.1:61798 --> www.bytedance.com:443 match RULE-SET(reject-domain) using Block
2026-08-11T04:50:22.139118Z  WARN meow_ios_ffi::tun2socks: UDP first-reply deadline exceeded for (172.19.0.1:8774, 28.0.3.231:9681) after 10000 ms; evicting session
2026-08-11T04:50:22.140575Z DEBUG meow_listener::socks5_udp: SOCKS5 UDP ASSOCIATE from 127.0.0.1:61685 closed; tearing down 1 sessions
2026-08-11T04:50:22.485591Z DEBUG meow_listener::socks5: SOCKS5 relay closed: up=0 down=0
2026-08-11T04:50:22.541775Z DEBUG meow_listener::socks5: SOCKS5 relay closed: up=1745 down=374197
2026-08-11T04:50:23.831094Z  WARN meow_ios_ffi::tun2socks: UDP first-reply deadline exceeded for (172.19.0.1:8774, 28.0.4.121:9681) after 10000 ms; evicting session
2026-08-11T04:50:23.831114Z  WARN meow_ios_ffi::tun2socks: UDP first-reply deadline exceeded for (172.19.0.1:8774, 28.0.4.121:9681) after 10000 ms; evicting session
2026-08-11T04:50:23.831649Z  WARN meow_ios_ffi::tun2socks: UDP first-reply deadline exceeded for (172.19.0.1:8774, 28.0.4.121:9681) after 10000 ms; evicting session
2026-08-11T04:50:23.831709Z DEBUG meow_listener::socks5_udp: SOCKS5 UDP ASSOCIATE from 127.0.0.1:61698 closed; tearing down 1 sessions
2026-08-11T04:50:23.831910Z DEBUG meow_listener::socks5_udp: SOCKS5 UDP ASSOCIATE from 127.0.0.1:61699 closed; tearing down 1 sessions
2026-08-11T04:50:23.832127Z DEBUG meow_listener::socks5_udp: SOCKS5 UDP ASSOCIATE from 127.0.0.1:61697 closed; tearing down 1 sessions
2026-08-11T04:50:24.050497Z DEBUG meow_listener::socks5: SOCKS5 CONNECT to 111.31.36.96:80
2026-08-11T04:50:24.050616Z  INFO meow_listener::socks5: 127.0.0.1:61843 --> orzonera.yingt.fun:80 match MATCH() using DIRECT
2026-08-11T04:50:24.234275Z DEBUG meow_listener::socks5: SOCKS5 relay closed: up=1488 down=1075
2026-08-11T04:50:25.575664Z  INFO meow_ios_ffi::tun2socks: UDP reply reader idle (both directions) > 60s for (172.19.0.1:63350, 120.232.164.184:9929); evicting session
2026-08-11T04:50:25.576104Z DEBUG meow_listener::socks5_udp: SOCKS5 UDP ASSOCIATE from 127.0.0.1:61543 closed; tearing down 1 sessions
2026-08-11T04:50:25.983499Z DEBUG meow_listener::socks5: SOCKS5 relay closed: up=1693 down=29854
2026-08-11T04:50:26.780014Z  INFO meow_ios_ffi::tun2socks: UDP reply reader idle (both directions) > 60s for (172.19.0.1:63350, 120.232.164.184:9929); evicting session
2026-08-11T04:50:26.780638Z DEBUG meow_listener::socks5_udp: SOCKS5 UDP ASSOCIATE from 127.0.0.1:61542 closed; tearing down 1 sessions
2026-08-11T04:50:27.418475Z  INFO meow_ios_ffi::tun2socks: UDP reply reader idle (both directions) > 60s for (172.19.0.1:54523, 28.0.0.189:443); evicting session
2026-08-11T04:50:27.419194Z DEBUG meow_listener::socks5_udp: SOCKS5 UDP ASSOCIATE from 127.0.0.1:61358 closed; tearing down 1 sessions
2026-08-11T04:50:27.647015Z  INFO meow_ios_ffi::tun2socks: UDP reply reader idle (both directions) > 60s for (172.19.0.1:61981, 28.0.0.199:443); evicting session
2026-08-11T04:50:27.647546Z DEBUG meow_listener::socks5_udp: SOCKS5 UDP ASSOCIATE from 127.0.0.1:61363 closed; tearing down 1 sessions
2026-08-11T04:50:27.796287Z DEBUG meow_listener::socks5: SOCKS5 relay closed: up=1624 down=21860
2026-08-11T04:50:28.884282Z  INFO meow_ios_ffi::tun2socks: UDP reply reader idle (both directions) > 60s for (172.19.0.1:63843, 28.0.0.194:443); evicting session
2026-08-11T04:50:28.885081Z DEBUG meow_listener::socks5_udp: SOCKS5 UDP ASSOCIATE from 127.0.0.1:61481 closed; tearing down 2 sessions
2026-08-11T04:50:28.998720Z DEBUG meow_listener::socks5: SOCKS5 relay closed: up=2496 down=317174
2026-08-11T04:50:29.321402Z  INFO meow_ios_ffi::tun2socks: UDP reply reader idle (both directions) > 60s for (172.19.0.1:57385, 183.216.175.244:9926); evicting session
2026-08-11T04:50:29.321881Z DEBUG meow_listener::socks5_udp: SOCKS5 UDP ASSOCIATE from 127.0.0.1:61544 closed; tearing down 1 sessions
2026-08-11T04:50:33.805673Z DEBUG meow_tunnel::tunnel: pre_handle_metadata: fake-ip 28.0.2.160 → api5-core-zjg.amemv.com
2026-08-11T04:50:33.805808Z DEBUG meow_dns::resolver: DNS lookup: api5-core-zjg.amemv.com
2026-08-11T04:50:33.916695Z DEBUG meow_tunnel::tunnel: pre_handle_metadata: fake-ip 28.0.2.160 → api5-core-zjg.amemv.com
2026-08-11T04:50:34.585454Z DEBUG meow_dns::server: DNS query: time.apple.com type=1
2026-08-11T04:50:34.587632Z DEBUG meow_listener::socks5_udp: SOCKS5 UDP ASSOCIATE from 127.0.0.1:61946: relay bound on 127.0.0.1:50828
2026-08-11T04:50:34.587896Z DEBUG meow_tunnel::tunnel: pre_handle_metadata: fake-ip 28.0.0.119 → time.apple.com
2026-08-11T04:50:34.587947Z DEBUG meow_dns::resolver: DNS lookup: time.apple.com
2026-08-11T04:50:34.736036Z DEBUG meow_tunnel::tunnel: pre_handle_metadata: fake-ip 28.0.0.119 → time.apple.com
2026-08-11T04:50:34.839972Z DEBUG meow_tunnel::tunnel: pre_handle_metadata: fake-ip 28.0.0.119 → time.apple.com
2026-08-11T04:50:37.513739Z DEBUG meow_listener::socks5: SOCKS5 CONNECT to 28.0.0.148:443
2026-08-11T04:50:37.513800Z DEBUG meow_tunnel::tunnel: pre_handle_metadata: fake-ip 28.0.0.148 → www.bytedance.com
2026-08-11T04:50:37.513866Z  INFO meow_listener::socks5: 127.0.0.1:62000 --> www.bytedance.com:443 match RULE-SET(reject-domain) using Block
2026-08-11T04:50:38.153358Z DEBUG meow_listener::sniffer: sniffer: 127.0.0.1:62006 --> 28.0.4.101:443 (tcp) → p3-dy-gm-yp-sign.byteimg.com
2026-08-11T04:50:38.153541Z DEBUG meow_listener::socks5: SOCKS5 CONNECT to 28.0.4.101:443
2026-08-11T04:50:38.153558Z DEBUG meow_tunnel::tunnel: pre_handle_metadata: fake-ip 28.0.4.101 → p3-dy-gm-yp-sign.byteimg.com
2026-08-11T04:50:38.153619Z  INFO meow_listener::socks5: 127.0.0.1:62006 --> p3-dy-gm-yp-sign.byteimg.com:443 match MATCH() using DIRECT
2026-08-11T04:50:38.153661Z DEBUG meow_dns::resolver: DNS lookup: p3-dy-gm-yp-sign.byteimg.com
2026-08-11T04:50:38.159748Z DEBUG meow_listener::socks5: SOCKS5 CONNECT to 120.226.152.94:80
2026-08-11T04:50:38.159802Z  INFO meow_listener::socks5: 127.0.0.1:62012 --> 120.226.152.94:80 match MATCH() using DIRECT
2026-08-11T04:50:38.688985Z DEBUG meow_listener::socks5_udp: SOCKS5 UDP ASSOCIATE from 127.0.0.1:62023: relay bound on 127.0.0.1:63566
2026-08-11T04:50:38.689247Z DEBUG meow_tunnel::tunnel: pre_handle_metadata: fake-ip 28.0.0.179 → ecom5-normal-hl.ecombdapi.com
2026-08-11T04:50:38.689281Z DEBUG meow_dns::resolver: DNS lookup: ecom5-normal-hl.ecombdapi.com
2026-08-11T04:50:38.692668Z DEBUG meow_listener::socks5_udp: SOCKS5 UDP ASSOCIATE from 127.0.0.1:62032: relay bound on 127.0.0.1:61066
2026-08-11T04:50:38.692936Z DEBUG meow_tunnel::tunnel: pre_handle_metadata: fake-ip 28.0.0.189 → search5-search-hl.amemv.com
2026-08-11T04:50:38.692968Z DEBUG meow_dns::resolver: DNS lookup: search5-search-hl.amemv.com
2026-08-11T04:50:38.695229Z DEBUG meow_listener::socks5_udp: SOCKS5 UDP ASSOCIATE from 127.0.0.1:62039: relay bound on 127.0.0.1:64801
2026-08-11T04:50:38.695358Z DEBUG meow_tunnel::tunnel: pre_handle_metadata: fake-ip 28.0.0.194 → webcast5-core-hl.amemv.com
2026-08-11T04:50:38.695373Z DEBUG meow_dns::resolver: DNS lookup: webcast5-core-hl.amemv.com
2026-08-11T04:50:38.697637Z DEBUG meow_listener::sniffer: sniffer: 127.0.0.1:62016 --> 28.0.0.168:443 (tcp) → api-normal-m.amemv.com
2026-08-11T04:50:38.697662Z DEBUG meow_listener::socks5: SOCKS5 CONNECT to 28.0.0.168:443
2026-08-11T04:50:38.697676Z DEBUG meow_tunnel::tunnel: pre_handle_metadata: fake-ip 28.0.0.168 → api-normal-m.amemv.com
2026-08-11T04:50:38.697730Z  INFO meow_listener::socks5: 127.0.0.1:62016 --> api-normal-m.amemv.com:443 match MATCH() using DIRECT
2026-08-11T04:50:38.697815Z DEBUG meow_listener::socks5_udp: SOCKS5 UDP ASSOCIATE from 127.0.0.1:62046: relay bound on 127.0.0.1:52317
2026-08-11T04:50:38.697828Z DEBUG meow_dns::resolver: DNS lookup: api-normal-m.amemv.com
2026-08-11T04:50:38.697973Z DEBUG meow_listener::sniffer: sniffer: 127.0.0.1:62018 --> 28.0.0.170:443 (tcp) → api5-social-m-hl.amemv.com
2026-08-11T04:50:38.698000Z DEBUG meow_listener::socks5: SOCKS5 CONNECT to 28.0.0.170:443
2026-08-11T04:50:38.698012Z DEBUG meow_tunnel::tunnel: pre_handle_metadata: fake-ip 28.0.0.170 → api5-social-m-hl.amemv.com
2026-08-11T04:50:38.698034Z  INFO meow_listener::socks5: 127.0.0.1:62018 --> api5-social-m-hl.amemv.com:443 match MATCH() using DIRECT
2026-08-11T04:50:38.698063Z DEBUG meow_dns::resolver: DNS lookup: api5-social-m-hl.amemv.com
2026-08-11T04:50:38.699548Z DEBUG meow_listener::sniffer: sniffer: 127.0.0.1:62020 --> 28.0.0.172:443 (tcp) → api5-hl.qishui.com
2026-08-11T04:50:38.699576Z DEBUG meow_listener::socks5: SOCKS5 CONNECT to 28.0.0.172:443
2026-08-11T04:50:38.699596Z DEBUG meow_tunnel::tunnel: pre_handle_metadata: fake-ip 28.0.0.172 → api5-hl.qishui.com
2026-08-11T04:50:38.699620Z  INFO meow_listener::socks5: 127.0.0.1:62020 --> api5-hl.qishui.com:443 match MATCH() using DIRECT
2026-08-11T04:50:38.699708Z DEBUG meow_dns::resolver: DNS lookup: api5-hl.qishui.com
2026-08-11T04:50:38.700047Z DEBUG meow_listener::sniffer: sniffer: 127.0.0.1:62022 --> 28.0.0.175:443 (tcp) → ecom-normal-m.ecombdapi.com
2026-08-11T04:50:38.700057Z DEBUG meow_listener::socks5: SOCKS5 CONNECT to 28.0.0.175:443
2026-08-11T04:50:38.700066Z DEBUG meow_tunnel::tunnel: pre_handle_metadata: fake-ip 28.0.0.175 → ecom-normal-m.ecombdapi.com
2026-08-11T04:50:38.700082Z  INFO meow_listener::socks5: 127.0.0.1:62022 --> ecom-normal-m.ecombdapi.com:443 match MATCH() using DIRECT
2026-08-11T04:50:38.700116Z DEBUG meow_dns::resolver: DNS lookup: ecom-normal-m.ecombdapi.com
2026-08-11T04:50:38.700640Z DEBUG meow_listener::sniffer: sniffer: 127.0.0.1:62038 --> 28.0.0.191:443 (tcp) → webcast-core-m.amemv.com
2026-08-11T04:50:38.700652Z DEBUG meow_listener::socks5: SOCKS5 CONNECT to 28.0.0.191:443
2026-08-11T04:50:38.700661Z DEBUG meow_tunnel::tunnel: pre_handle_metadata: fake-ip 28.0.0.191 → webcast-core-m.amemv.com
2026-08-11T04:50:38.700675Z  INFO meow_listener::socks5: 127.0.0.1:62038 --> webcast-core-m.amemv.com:443 match MATCH() using DIRECT
2026-08-11T04:50:38.700706Z DEBUG meow_dns::resolver: DNS lookup: webcast-core-m.amemv.com
2026-08-11T04:50:38.700976Z DEBUG meow_listener::sniffer: sniffer: 127.0.0.1:62031 --> 28.0.0.187:443 (tcp) → ma5-normal-hl.zijieapi.com
2026-08-11T04:50:38.700992Z DEBUG meow_listener::socks5: SOCKS5 CONNECT to 28.0.0.187:443
2026-08-11T04:50:38.701003Z DEBUG meow_tunnel::tunnel: pre_handle_metadata: fake-ip 28.0.0.187 → ma5-normal-hl.zijieapi.com
2026-08-11T04:50:38.701023Z  INFO meow_listener::socks5: 127.0.0.1:62031 --> ma5-normal-hl.zijieapi.com:443 match RULE-SET(reject-domain) using Block
2026-08-11T04:50:38.701058Z DEBUG meow_listener::sniffer: sniffer: 127.0.0.1:62027 --> 28.0.0.181:443 (tcp) → life5-normal-m-hl.amemv.com
2026-08-11T04:50:38.701068Z DEBUG meow_listener::socks5: SOCKS5 CONNECT to 28.0.0.181:443
2026-08-11T04:50:38.701078Z DEBUG meow_tunnel::tunnel: pre_handle_metadata: fake-ip 28.0.0.181 → life5-normal-m-hl.amemv.com
2026-08-11T04:50:38.701094Z  INFO meow_listener::socks5: 127.0.0.1:62027 --> life5-normal-m-hl.amemv.com:443 match MATCH() using DIRECT
2026-08-11T04:50:38.701153Z DEBUG meow_dns::resolver: DNS lookup: life5-normal-m-hl.amemv.com
2026-08-11T04:50:38.702069Z DEBUG meow_listener::sniffer: sniffer: 127.0.0.1:62045 --> 28.0.0.195:443 (tcp) → webcast-normal-m.amemv.com
2026-08-11T04:50:38.702085Z DEBUG meow_listener::socks5: SOCKS5 CONNECT to 28.0.0.195:443
2026-08-11T04:50:38.702096Z DEBUG meow_tunnel::tunnel: pre_handle_metadata: fake-ip 28.0.0.195 → webcast-normal-m.amemv.com
2026-08-11T04:50:38.702113Z  INFO meow_listener::socks5: 127.0.0.1:62045 --> webcast-normal-m.amemv.com:443 match MATCH() using DIRECT
2026-08-11T04:50:38.702139Z DEBUG meow_dns::resolver: DNS lookup: webcast-normal-m.amemv.com
2026-08-11T04:50:38.702457Z DEBUG meow_tunnel::tunnel: pre_handle_metadata: fake-ip 28.0.0.199 → webcast5-normal-lf.amemv.com
2026-08-11T04:50:38.736452Z DEBUG meow_tunnel::tunnel: pre_handle_metadata: fake-ip 28.0.0.199 → webcast5-normal-lf.amemv.com
2026-08-11T04:50:38.772808Z DEBUG meow_tunnel::tunnel: pre_handle_metadata: fake-ip 28.0.0.179 → ecom5-normal-hl.ecombdapi.com
2026-08-11T04:50:38.775247Z DEBUG meow_tunnel::tunnel: pre_handle_metadata: fake-ip 28.0.0.189 → search5-search-hl.amemv.com
2026-08-11T04:50:38.780006Z DEBUG meow_tunnel::tunnel: pre_handle_metadata: fake-ip 28.0.0.194 → webcast5-core-hl.amemv.com
2026-08-11T04:50:39.409397Z DEBUG meow_dns::server: DNS query: signal-t1-v6-az2-01.rtcxyz.com type=1
2026-08-11T04:50:39.856792Z DEBUG meow_listener::sniffer: sniffer: 127.0.0.1:62084 --> 183.240.225.141:443 (tcp) → lf3-static.bytednsdoc.com
2026-08-11T04:50:39.856822Z DEBUG meow_listener::socks5: SOCKS5 CONNECT to 183.240.225.141:443
2026-08-11T04:50:39.856863Z  INFO meow_listener::socks5: 127.0.0.1:62084 --> lf3-static.bytednsdoc.com:443 match MATCH() using DIRECT
2026-08-11T04:50:39.869544Z DEBUG meow_listener::socks5: SOCKS5 relay error: Connection reset by peer (os error 54)
2026-08-11T04:50:39.982288Z DEBUG meow_listener::sniffer: sniffer: 127.0.0.1:62088 --> 39.136.113.249:443 (tcp) → v95-bjb-mc-cold.douyinvod.com
2026-08-11T04:50:39.982313Z DEBUG meow_listener::socks5: SOCKS5 CONNECT to 39.136.113.249:443
2026-08-11T04:50:39.982351Z  INFO meow_listener::socks5: 127.0.0.1:62088 --> 39.136.113.249:443 match MATCH() using DIRECT
2026-08-11T04:50:39.983652Z DEBUG meow_dns::server: DNS query: v5-se-ws-cold.douyinvod.com type=1
2026-08-11T04:50:39.985787Z DEBUG meow_listener::sniffer: sniffer: 127.0.0.1:62091 --> 28.0.3.238:443 (tcp) → v5-se-ws-cold.douyinvod.com
2026-08-11T04:50:39.985832Z DEBUG meow_listener::socks5: SOCKS5 CONNECT to 28.0.3.238:443
2026-08-11T04:50:39.985858Z DEBUG meow_tunnel::tunnel: pre_handle_metadata: fake-ip 28.0.3.238 → v5-se-ws-cold.douyinvod.com
2026-08-11T04:50:39.985905Z  INFO meow_listener::socks5: 127.0.0.1:62091 --> v5-se-ws-cold.douyinvod.com:443 match MATCH() using DIRECT
2026-08-11T04:50:39.985966Z DEBUG meow_dns::resolver: DNS lookup: v5-se-ws-cold.douyinvod.com
2026-08-11T04:50:40.140846Z DEBUG meow_listener::socks5_udp: SOCKS5 UDP ASSOCIATE from 127.0.0.1:62097: relay bound on 127.0.0.1:54554
2026-08-11T04:50:40.141011Z DEBUG meow_tunnel::tunnel: pre_handle_metadata: fake-ip 28.0.3.241 → vc-brain-hl.ndcpp.com
2026-08-11T04:50:40.145968Z DEBUG meow_dns::server: DNS query: orzonera.yingt.fun type=1
2026-08-11T04:50:40.148629Z DEBUG meow_listener::sniffer: sniffer: 127.0.0.1:62099 --> 28.0.3.250:443 (tcp) → orzonera.yingt.fun
2026-08-11T04:50:40.148647Z DEBUG meow_listener::socks5: SOCKS5 CONNECT to 28.0.3.250:443
2026-08-11T04:50:40.148657Z DEBUG meow_tunnel::tunnel: pre_handle_metadata: fake-ip 28.0.3.250 → orzonera.yingt.fun
2026-08-11T04:50:40.148688Z  INFO meow_listener::socks5: 127.0.0.1:62099 --> orzonera.yingt.fun:443 match MATCH() using DIRECT
2026-08-11T04:50:40.250021Z  INFO meow_ios_ffi::tun2socks: UDP reply reader idle (both directions) > 60s for (172.19.0.1:57517, 28.0.2.160:443); evicting session
2026-08-11T04:50:40.250448Z DEBUG meow_listener::socks5_udp: SOCKS5 UDP ASSOCIATE from 127.0.0.1:61327 closed; tearing down 1 sessions
2026-08-11T04:50:40.383140Z DEBUG meow_listener::socks5: SOCKS5 relay closed: up=2077 down=4629
2026-08-11T04:50:40.385789Z DEBUG meow_listener::socks5: SOCKS5 CONNECT to 111.31.36.96:80
2026-08-11T04:50:40.385863Z  INFO meow_listener::socks5: 127.0.0.1:62102 --> orzonera.yingt.fun:80 match MATCH() using DIRECT
2026-08-11T04:50:40.551899Z DEBUG meow_listener::socks5: SOCKS5 relay closed: up=1524 down=1529
2026-08-11T04:50:40.554447Z DEBUG meow_listener::socks5: SOCKS5 CONNECT to 223.84.211.231:35002
2026-08-11T04:50:40.554513Z  INFO meow_listener::socks5: 127.0.0.1:62106 --> 223.84.211.231:35002 match MATCH() using DIRECT
2026-08-11T04:50:40.554884Z DEBUG meow_listener::socks5: SOCKS5 CONNECT to 223.84.176.213:35019
2026-08-11T04:50:40.554908Z  INFO meow_listener::socks5: 127.0.0.1:62107 --> 223.84.176.213:35019 match MATCH() using DIRECT
2026-08-11T04:50:40.643699Z DEBUG meow_tunnel::tunnel: pre_handle_metadata: fake-ip 28.0.3.241 → vc-brain-hl.ndcpp.com
2026-08-11T04:50:40.714422Z DEBUG meow_listener::socks5: SOCKS5 relay closed: up=517 down=0
2026-08-11T04:50:40.818567Z DEBUG meow_tunnel::tunnel: pre_handle_metadata: fake-ip 28.0.3.241 → vc-brain-hl.ndcpp.com
2026-08-11T04:50:40.822781Z DEBUG meow_listener::sniffer: sniffer: 127.0.0.1:62111 --> 28.0.3.250:443 (tcp) → orzonera.yingt.fun
2026-08-11T04:50:40.822812Z DEBUG meow_listener::socks5: SOCKS5 CONNECT to 28.0.3.250:443
2026-08-11T04:50:40.822829Z DEBUG meow_tunnel::tunnel: pre_handle_metadata: fake-ip 28.0.3.250 → orzonera.yingt.fun
2026-08-11T04:50:40.822875Z  INFO meow_listener::socks5: 127.0.0.1:62111 --> orzonera.yingt.fun:443 match MATCH() using DIRECT
2026-08-11T04:50:41.051732Z DEBUG meow_listener::socks5: SOCKS5 relay closed: up=2058 down=4628
2026-08-11T04:50:41.053683Z DEBUG meow_listener::socks5: SOCKS5 CONNECT to 111.31.36.96:80
2026-08-11T04:50:41.053760Z  INFO meow_listener::socks5: 127.0.0.1:62114 --> orzonera.yingt.fun:80 match MATCH() using DIRECT
2026-08-11T04:50:41.147378Z DEBUG meow_tunnel::tunnel: pre_handle_metadata: fake-ip 28.0.3.241 → vc-brain-hl.ndcpp.com
2026-08-11T04:50:41.176816Z DEBUG meow_tunnel::tunnel: pre_handle_metadata: fake-ip 28.0.3.241 → vc-brain-hl.ndcpp.com
2026-08-11T04:50:41.182442Z DEBUG meow_listener::sniffer: sniffer: 127.0.0.1:62117 --> 28.0.3.250:443 (tcp) → orzonera.yingt.fun
2026-08-11T04:50:41.182469Z DEBUG meow_listener::socks5: SOCKS5 CONNECT to 28.0.3.250:443
2026-08-11T04:50:41.182484Z DEBUG meow_tunnel::tunnel: pre_handle_metadata: fake-ip 28.0.3.250 → orzonera.yingt.fun
2026-08-11T04:50:41.182524Z  INFO meow_listener::socks5: 127.0.0.1:62117 --> orzonera.yingt.fun:443 match MATCH() using DIRECT
2026-08-11T04:50:41.225885Z DEBUG meow_listener::socks5: SOCKS5 relay closed: up=1505 down=1120
2026-08-11T04:50:41.228431Z DEBUG meow_listener::socks5: SOCKS5 CONNECT to 120.241.157.4:2017
2026-08-11T04:50:41.228491Z  INFO meow_listener::socks5: 127.0.0.1:62121 --> 120.241.157.4:2017 match MATCH() using DIRECT
2026-08-11T04:50:41.228874Z DEBUG meow_listener::socks5: SOCKS5 CONNECT to 223.84.155.185:35010
2026-08-11T04:50:41.228898Z  INFO meow_listener::socks5: 127.0.0.1:62122 --> 223.84.155.185:35010 match MATCH() using DIRECT
2026-08-11T04:50:41.320312Z DEBUG meow_tunnel::tunnel: pre_handle_metadata: fake-ip 28.0.3.241 → vc-brain-hl.ndcpp.com
2026-08-11T04:50:41.417814Z DEBUG meow_listener::socks5: SOCKS5 relay closed: up=2072 down=4629
2026-08-11T04:50:41.420225Z DEBUG meow_listener::socks5: SOCKS5 CONNECT to 111.31.36.96:80
2026-08-11T04:50:41.420301Z  INFO meow_listener::socks5: 127.0.0.1:62126 --> orzonera.yingt.fun:80 match MATCH() using DIRECT
2026-08-11T04:50:41.573536Z DEBUG meow_listener::socks5: SOCKS5 relay closed: up=1519 down=1164
2026-08-11T04:50:41.576772Z DEBUG meow_listener::socks5: SOCKS5 CONNECT to 120.232.16.98:2012
2026-08-11T04:50:41.576836Z  INFO meow_listener::socks5: 127.0.0.1:62130 --> 120.232.16.98:2012 match MATCH() using DIRECT
2026-08-11T04:50:41.576928Z DEBUG meow_listener::socks5: SOCKS5 CONNECT to 223.84.233.241:35005
2026-08-11T04:50:41.576950Z  INFO meow_listener::socks5: 127.0.0.1:62131 --> 223.84.233.241:35005 match MATCH() using DIRECT
2026-08-11T04:50:41.648492Z DEBUG meow_tunnel::tunnel: pre_handle_metadata: fake-ip 28.0.3.241 → vc-brain-hl.ndcpp.com
2026-08-11T04:50:41.680504Z DEBUG meow_tunnel::tunnel: pre_handle_metadata: fake-ip 28.0.3.241 → vc-brain-hl.ndcpp.com
2026-08-11T04:50:41.774217Z DEBUG meow_tunnel::tunnel: pre_handle_metadata: fake-ip 28.0.3.241 → vc-brain-hl.ndcpp.com
2026-08-11T04:50:41.774325Z DEBUG meow_tunnel::tunnel: pre_handle_metadata: fake-ip 28.0.3.241 → vc-brain-hl.ndcpp.com
2026-08-11T04:50:41.825623Z DEBUG meow_tunnel::tunnel: pre_handle_metadata: fake-ip 28.0.3.241 → vc-brain-hl.ndcpp.com
2026-08-11T04:50:42.154049Z DEBUG meow_tunnel::tunnel: pre_handle_metadata: fake-ip 28.0.3.241 → vc-brain-hl.ndcpp.com
2026-08-11T04:50:42.182084Z DEBUG meow_tunnel::tunnel: pre_handle_metadata: fake-ip 28.0.3.241 → vc-brain-hl.ndcpp.com
2026-08-11T04:50:42.277058Z DEBUG meow_tunnel::tunnel: pre_handle_metadata: fake-ip 28.0.3.241 → vc-brain-hl.ndcpp.com
2026-08-11T04:50:42.277146Z DEBUG meow_tunnel::tunnel: pre_handle_metadata: fake-ip 28.0.3.241 → vc-brain-hl.ndcpp.com
2026-08-11T04:50:42.330622Z DEBUG meow_tunnel::tunnel: pre_handle_metadata: fake-ip 28.0.3.241 → vc-brain-hl.ndcpp.com
2026-08-11T04:50:42.687333Z DEBUG meow_tunnel::tunnel: pre_handle_metadata: fake-ip 28.0.3.241 → vc-brain-hl.ndcpp.com
2026-08-11T04:50:42.781813Z DEBUG meow_tunnel::tunnel: pre_handle_metadata: fake-ip 28.0.3.241 → vc-brain-hl.ndcpp.com
2026-08-11T04:50:42.781907Z DEBUG meow_tunnel::tunnel: pre_handle_metadata: fake-ip 28.0.3.241 → vc-brain-hl.ndcpp.com
2026-08-11T04:50:42.833425Z DEBUG meow_tunnel::tunnel: pre_handle_metadata: fake-ip 28.0.3.241 → vc-brain-hl.ndcpp.com
2026-08-11T04:50:43.283624Z DEBUG meow_tunnel::tunnel: pre_handle_metadata: fake-ip 28.0.3.241 → vc-brain-hl.ndcpp.com
2026-08-11T04:50:43.696565Z  WARN meow_ios_ffi::tun2socks: tun2socks: idle TTL (600000 ms) exceeded, closing flow 438 172.19.0.1:59035 -> 28.0.0.125:443
2026-08-11T04:50:43.696694Z  WARN meow_ios_ffi::tun2socks: tun2socks: idle TTL (600000 ms) exceeded, closing flow 439 172.19.0.1:59041 -> 28.0.0.125:443
2026-08-11T04:50:43.696727Z  WARN meow_ios_ffi::tun2socks: tun2socks: idle TTL (600000 ms) exceeded, closing flow 440 172.19.0.1:59045 -> 28.0.0.15:443
2026-08-11T04:50:43.759044Z DEBUG meow_listener::sniffer: sniffer: 127.0.0.1:62135 --> 28.0.3.204:443 (tcp) → mssdk3-normal-hj.zijieapi.com
2026-08-11T04:50:43.759078Z DEBUG meow_listener::socks5: SOCKS5 CONNECT to 28.0.3.204:443
2026-08-11T04:50:43.759105Z DEBUG meow_tunnel::tunnel: pre_handle_metadata: fake-ip 28.0.3.204 → mssdk3-normal-hj.zijieapi.com
2026-08-11T04:50:43.759155Z  INFO meow_listener::socks5: 127.0.0.1:62135 --> mssdk3-normal-hj.zijieapi.com:443 match RULE-SET(reject-domain) using Block
2026-08-11T04:50:43.786527Z DEBUG meow_tunnel::tunnel: pre_handle_metadata: fake-ip 28.0.3.241 → vc-brain-hl.ndcpp.com
2026-08-11T04:50:44.289493Z DEBUG meow_tunnel::tunnel: pre_handle_metadata: fake-ip 28.0.3.241 → vc-brain-hl.ndcpp.com
2026-08-11T04:50:44.794849Z DEBUG meow_tunnel::tunnel: pre_handle_metadata: fake-ip 28.0.3.241 → vc-brain-hl.ndcpp.com
2026-08-11T04:50:44.995763Z DEBUG meow_listener::socks5_udp: SOCKS5 UDP ASSOCIATE from 127.0.0.1:62136: relay bound on 127.0.0.1:51638
2026-08-11T04:50:44.996063Z DEBUG meow_tunnel::tunnel: pre_handle_metadata: fake-ip 28.0.3.220 → vc-brain.ndcpp.com
2026-08-11T04:50:44.996127Z DEBUG meow_dns::resolver: DNS lookup: vc-brain.ndcpp.com
2026-08-11T04:50:45.297259Z DEBUG meow_tunnel::tunnel: pre_handle_metadata: fake-ip 28.0.3.241 → vc-brain-hl.ndcpp.com
2026-08-11T04:50:45.554873Z DEBUG meow_listener::socks5: SOCKS5 relay closed: up=517 down=0
2026-08-11T04:50:45.782941Z DEBUG meow_listener::socks5: SOCKS5 relay closed: up=1788 down=209
2026-08-11T04:50:45.970667Z DEBUG meow_listener::sniffer: sniffer: 127.0.0.1:62142 --> 28.0.3.204:443 (tcp) → mssdk3-normal-hj.zijieapi.com
2026-08-11T04:50:45.970713Z DEBUG meow_listener::socks5: SOCKS5 CONNECT to 28.0.3.204:443
2026-08-11T04:50:45.970733Z DEBUG meow_tunnel::tunnel: pre_handle_metadata: fake-ip 28.0.3.204 → mssdk3-normal-hj.zijieapi.com
2026-08-11T04:50:45.970773Z  INFO meow_listener::socks5: 127.0.0.1:62142 --> mssdk3-normal-hj.zijieapi.com:443 match RULE-SET(reject-domain) using Block
2026-08-11T04:50:48.008890Z DEBUG meow_listener::socks5: SOCKS5 relay closed: up=7783 down=4207030
2026-08-11T04:50:48.858571Z  INFO meow_ios_ffi::tun2socks: UDP reply reader idle (both directions) > 60s for (172.19.0.1:53546, 28.0.0.179:443); evicting session
2026-08-11T04:50:48.859219Z DEBUG meow_listener::socks5_udp: SOCKS5 UDP ASSOCIATE from 127.0.0.1:61470 closed; tearing down 1 sessions
2026-08-11T04:50:50.136963Z  WARN meow_ios_ffi::tun2socks: UDP first-reply deadline exceeded for (172.19.0.1:8568, 28.0.3.241:9681) after 10000 ms; evicting session
2026-08-11T04:50:50.137348Z DEBUG meow_listener::socks5_udp: SOCKS5 UDP ASSOCIATE from 127.0.0.1:62097 closed; tearing down 1 sessions
2026-08-11T04:50:50.389060Z DEBUG meow_listener::socks5: SOCKS5 CONNECT to 123.88.128.26:2001
2026-08-11T04:50:50.389127Z DEBUG meow_listener::socks5: SOCKS5 CONNECT to 223.84.211.231:35002
2026-08-11T04:50:50.389147Z  INFO meow_listener::socks5: 127.0.0.1:62145 --> 123.88.128.26:2001 match MATCH() using DIRECT
2026-08-11T04:50:50.389181Z  INFO meow_listener::socks5: 127.0.0.1:62146 --> 223.84.211.231:35002 match MATCH() using DIRECT
2026-08-11T04:50:52.020806Z DEBUG meow_listener::socks5: SOCKS5 relay closed: up=0 down=0
2026-08-11T04:50:52.128053Z DEBUG meow_listener::socks5: SOCKS5 CONNECT to 28.0.0.148:443
2026-08-11T04:50:52.128131Z DEBUG meow_tunnel::tunnel: pre_handle_metadata: fake-ip 28.0.0.148 → www.bytedance.com
2026-08-11T04:50:52.128208Z  INFO meow_listener::socks5: 127.0.0.1:62150 --> www.bytedance.com:443 match RULE-SET(reject-domain) using Block
2026-08-11T04:50:53.790317Z  WARN meow_ios_ffi::tun2socks: tun2socks: mixed-listener dial deadline exceeded for 172.19.0.1:62134 -> 28.0.3.204:443 after 10000 ms; dropping flow
2026-08-11T04:50:53.797741Z DEBUG meow_listener::sniffer: sniffer: 127.0.0.1:62152 --> 28.0.3.204:443 (tcp) → mssdk3-normal-hj.zijieapi.com
2026-08-11T04:50:53.797799Z DEBUG meow_listener::socks5: SOCKS5 CONNECT to 28.0.3.204:443
2026-08-11T04:50:53.797842Z DEBUG meow_tunnel::tunnel: pre_handle_metadata: fake-ip 28.0.3.204 → mssdk3-normal-hj.zijieapi.com
2026-08-11T04:50:53.797910Z  INFO meow_listener::socks5: 127.0.0.1:62152 --> mssdk3-normal-hj.zijieapi.com:443 match RULE-SET(reject-domain) using Block
2026-08-11T04:50:53.920229Z DEBUG meow_listener::socks5: SOCKS5 relay closed: up=517 down=0
2026-08-11T04:50:54.047548Z DEBUG meow_listener::socks5: SOCKS5 CONNECT to 111.31.36.96:80
2026-08-11T04:50:54.047665Z  INFO meow_listener::socks5: 127.0.0.1:62154 --> orzonera.yingt.fun:80 match MATCH() using DIRECT
2026-08-11T04:50:54.194998Z DEBUG meow_listener::socks5: SOCKS5 relay closed: up=1489 down=1075
2026-08-11T04:50:54.661629Z DEBUG meow_listener::socks5_udp: SOCKS5 UDP ASSOCIATE from 127.0.0.1:62156: relay bound on 127.0.0.1:49485
2026-08-11T04:50:54.662287Z DEBUG meow_tunnel::tunnel: pre_handle_metadata: fake-ip 28.0.3.241 → vc-brain-hl.ndcpp.com
2026-08-11T04:50:54.994713Z  WARN meow_ios_ffi::tun2socks: UDP first-reply deadline exceeded for (172.19.0.1:8567, 28.0.3.220:9681) after 10000 ms; evicting session
2026-08-11T04:50:54.995012Z DEBUG meow_listener::socks5_udp: SOCKS5 UDP ASSOCIATE from 127.0.0.1:62136 closed; tearing down 1 sessions
2026-08-11T04:50:55.161251Z DEBUG meow_tunnel::tunnel: pre_handle_metadata: fake-ip 28.0.3.241 → vc-brain-hl.ndcpp.com
2026-08-11T04:50:55.281483Z DEBUG meow_tunnel::tunnel: pre_handle_metadata: fake-ip 28.0.3.241 → vc-brain-hl.ndcpp.com
2026-08-11T04:50:55.338019Z DEBUG meow_tunnel::tunnel: pre_handle_metadata: fake-ip 28.0.3.241 → vc-brain-hl.ndcpp.com
2026-08-11T04:50:55.666981Z DEBUG meow_tunnel::tunnel: pre_handle_metadata: fake-ip 28.0.3.241 → vc-brain-hl.ndcpp.com
2026-08-11T04:50:55.786197Z DEBUG meow_tunnel::tunnel: pre_handle_metadata: fake-ip 28.0.3.241 → vc-brain-hl.ndcpp.com
2026-08-11T04:50:55.842874Z DEBUG meow_tunnel::tunnel: pre_handle_metadata: fake-ip 28.0.3.241 → vc-brain-hl.ndcpp.com
2026-08-11T04:50:56.172701Z DEBUG meow_tunnel::tunnel: pre_handle_metadata: fake-ip 28.0.3.241 → vc-brain-hl.ndcpp.com
2026-08-11T04:50:56.291748Z DEBUG meow_tunnel::tunnel: pre_handle_metadata: fake-ip 28.0.3.241 → vc-brain-hl.ndcpp.com
2026-08-11T04:50:56.344336Z DEBUG meow_tunnel::tunnel: pre_handle_metadata: fake-ip 28.0.3.241 → vc-brain-hl.ndcpp.com
2026-08-11T04:50:56.677781Z DEBUG meow_tunnel::tunnel: pre_handle_metadata: fake-ip 28.0.3.241 → vc-brain-hl.ndcpp.com
2026-08-11T04:50:56.794314Z DEBUG meow_tunnel::tunnel: pre_handle_metadata: fake-ip 28.0.3.241 → vc-brain-hl.ndcpp.com
2026-08-11T04:50:56.848334Z DEBUG meow_tunnel::tunnel: pre_handle_metadata: fake-ip 28.0.3.241 → vc-brain-hl.ndcpp.com
2026-08-11T04:50:57.299892Z DEBUG meow_tunnel::tunnel: pre_handle_metadata: fake-ip 28.0.3.241 → vc-brain-hl.ndcpp.com
2026-08-11T04:50:57.353435Z DEBUG meow_tunnel::tunnel: pre_handle_metadata: fake-ip 28.0.3.241 → vc-brain-hl.ndcpp.com
2026-08-11T04:50:57.713065Z DEBUG meow_listener::socks5: SOCKS5 relay error: Broken pipe (os error 32)
2026-08-11T04:50:57.974482Z DEBUG meow_listener::socks5: SOCKS5 relay closed: up=3582 down=2360733
2026-08-11T04:50:58.733178Z DEBUG meow_dns::server: DNS query: signal-t1-v4-az1.rtcxyz.com type=1
2026-08-11T04:50:58.737962Z DEBUG meow_tunnel::tunnel: pre_handle_metadata: fake-ip 28.0.0.199 → webcast5-normal-lf.amemv.com
2026-08-11T04:50:58.738037Z DEBUG meow_dns::resolver: DNS lookup: webcast5-normal-lf.amemv.com
2026-08-11T04:50:58.738161Z DEBUG meow_dns::server: DNS query: signal-t1-v4-az2-01.rtcxyz.com type=1
2026-08-11T04:50:58.743703Z DEBUG meow_dns::server: DNS query: vcl-brain.ndcpp.com type=1
2026-08-11T04:50:58.773587Z DEBUG meow_tunnel::tunnel: pre_handle_metadata: fake-ip 28.0.0.179 → ecom5-normal-hl.ecombdapi.com
2026-08-11T04:50:58.773630Z DEBUG meow_dns::resolver: DNS lookup: ecom5-normal-hl.ecombdapi.com
2026-08-11T04:50:58.775952Z DEBUG meow_tunnel::tunnel: pre_handle_metadata: fake-ip 28.0.0.189 → search5-search-hl.amemv.com
2026-08-11T04:50:58.775990Z DEBUG meow_dns::resolver: DNS lookup: search5-search-hl.amemv.com
2026-08-11T04:50:58.780897Z DEBUG meow_tunnel::tunnel: pre_handle_metadata: fake-ip 28.0.0.194 → webcast5-core-hl.amemv.com
2026-08-11T04:50:58.780929Z DEBUG meow_dns::resolver: DNS lookup: webcast5-core-hl.amemv.com
2026-08-11T04:51:00.395547Z DEBUG meow_listener::socks5: SOCKS5 CONNECT to 223.84.176.213:35019
2026-08-11T04:51:00.395696Z  INFO meow_listener::socks5: 127.0.0.1:62174 --> 223.84.176.213:35019 match MATCH() using DIRECT
2026-08-11T04:51:00.606404Z DEBUG meow_listener::socks5: SOCKS5 relay closed: up=1788 down=209
2026-08-11T04:51:04.662492Z  WARN meow_ios_ffi::tun2socks: UDP first-reply deadline exceeded for (172.19.0.1:8568, 28.0.3.241:9681) after 10000 ms; evicting session
2026-08-11T04:51:04.662990Z DEBUG meow_listener::socks5_udp: SOCKS5 UDP ASSOCIATE from 127.0.0.1:62156 closed; tearing down 1 sessions
2026-08-11T04:51:05.397034Z DEBUG meow_listener::socks5: SOCKS5 CONNECT to 223.84.176.213:35019
2026-08-11T04:51:05.397169Z  INFO meow_listener::socks5: 127.0.0.1:62177 --> 223.84.176.213:35019 match MATCH() using DIRECT
2026-08-11T04:51:05.619344Z DEBUG meow_listener::socks5: SOCKS5 relay closed: up=1788 down=209
2026-08-11T04:51:07.543439Z DEBUG meow_listener::socks5: SOCKS5 CONNECT to 28.0.0.148:443
2026-08-11T04:51:07.543523Z DEBUG meow_tunnel::tunnel: pre_handle_metadata: fake-ip 28.0.0.148 → www.bytedance.com
2026-08-11T04:51:07.543596Z  INFO meow_listener::socks5: 127.0.0.1:62180 --> www.bytedance.com:443 match RULE-SET(reject-domain) using Block
2026-08-11T04:51:07.987226Z DEBUG meow_listener::socks5: SOCKS5 relay closed: up=0 down=0
2026-08-11T04:51:09.186306Z DEBUG meow_listener::socks5_udp: SOCKS5 UDP ASSOCIATE from 127.0.0.1:62181: relay bound on 127.0.0.1:54156
2026-08-11T04:51:09.187045Z DEBUG meow_tunnel::tunnel: pre_handle_metadata: fake-ip 28.0.3.241 → vc-brain-hl.ndcpp.com
2026-08-11T04:51:09.691952Z DEBUG meow_tunnel::tunnel: pre_handle_metadata: fake-ip 28.0.3.241 → vc-brain-hl.ndcpp.com
2026-08-11T04:51:09.793525Z DEBUG meow_tunnel::tunnel: pre_handle_metadata: fake-ip 28.0.3.241 → vc-brain-hl.ndcpp.com
2026-08-11T04:51:09.860188Z DEBUG meow_tunnel::tunnel: pre_handle_metadata: fake-ip 28.0.3.241 → vc-brain-hl.ndcpp.com
2026-08-11T04:51:10.196001Z DEBUG meow_tunnel::tunnel: pre_handle_metadata: fake-ip 28.0.3.241 → vc-brain-hl.ndcpp.com
2026-08-11T04:51:10.299248Z DEBUG meow_tunnel::tunnel: pre_handle_metadata: fake-ip 28.0.3.241 → vc-brain-hl.ndcpp.com
2026-08-11T04:51:10.361465Z DEBUG meow_tunnel::tunnel: pre_handle_metadata: fake-ip 28.0.3.241 → vc-brain-hl.ndcpp.com
2026-08-11T04:51:10.378550Z DEBUG meow_listener::socks5: SOCKS5 CONNECT to 111.31.36.96:80
2026-08-11T04:51:10.378666Z  INFO meow_listener::socks5: 127.0.0.1:62183 --> orzonera.yingt.fun:80 match MATCH() using DIRECT
2026-08-11T04:51:10.397537Z DEBUG meow_listener::socks5: SOCKS5 CONNECT to 223.84.211.231:35002
2026-08-11T04:51:10.397613Z  INFO meow_listener::socks5: 127.0.0.1:62186 --> 223.84.211.231:35002 match MATCH() using DIRECT
2026-08-11T04:51:10.541415Z DEBUG meow_listener::socks5: SOCKS5 relay closed: up=1524 down=709
2026-08-11T04:51:10.701551Z DEBUG meow_tunnel::tunnel: pre_handle_metadata: fake-ip 28.0.3.241 → vc-brain-hl.ndcpp.com
2026-08-11T04:51:10.799692Z DEBUG meow_tunnel::tunnel: pre_handle_metadata: fake-ip 28.0.3.241 → vc-brain-hl.ndcpp.com
2026-08-11T04:51:10.867237Z DEBUG meow_tunnel::tunnel: pre_handle_metadata: fake-ip 28.0.3.241 → vc-brain-hl.ndcpp.com
2026-08-11T04:51:11.204040Z DEBUG meow_tunnel::tunnel: pre_handle_metadata: fake-ip 28.0.3.241 → vc-brain-hl.ndcpp.com
2026-08-11T04:51:11.305446Z DEBUG meow_tunnel::tunnel: pre_handle_metadata: fake-ip 28.0.3.241 → vc-brain-hl.ndcpp.com
2026-08-11T04:51:11.372740Z DEBUG meow_tunnel::tunnel: pre_handle_metadata: fake-ip 28.0.3.241 → vc-brain-hl.ndcpp.com
2026-08-11T04:51:11.722208Z DEBUG meow_listener::socks5: SOCKS5 relay closed: up=517 down=0
2026-08-11T04:51:11.810491Z DEBUG meow_tunnel::tunnel: pre_handle_metadata: fake-ip 28.0.3.241 → vc-brain-hl.ndcpp.com
2026-08-11T04:51:11.875790Z DEBUG meow_tunnel::tunnel: pre_handle_metadata: fake-ip 28.0.3.241 → vc-brain-hl.ndcpp.com
2026-08-11T04:51:12.208793Z DEBUG meow_listener::socks5: SOCKS5 relay closed: up=268 down=0
2026-08-11T04:51:12.260798Z  INFO meow_ios_ffi::tun2socks: UDP reply reader idle (both directions) > 60s for (172.19.0.1:8774, 28.0.0.147:9681); evicting session
2026-08-11T04:51:12.261841Z DEBUG meow_listener::socks5_udp: SOCKS5 UDP ASSOCIATE from 127.0.0.1:61684 closed; tearing down 1 sessions
2026-08-11T04:51:12.610027Z DEBUG meow_dns::server: DNS query: signal-t1-v6-az1.rtcxyz.com type=1
2026-08-11T04:51:13.691475Z DEBUG meow_listener::socks5: SOCKS5 relay closed: up=263 down=148
2026-08-11T04:51:13.691894Z DEBUG meow_listener::socks5: SOCKS5 relay closed: up=797 down=268
2026-08-11T04:51:14.147328Z DEBUG meow_listener::socks5: SOCKS5 relay closed: up=1620 down=10334
2026-08-11T04:51:15.756363Z DEBUG meow_listener::socks5: SOCKS5 relay closed: up=517 down=0
2026-08-11T04:51:16.295243Z DEBUG meow_listener::socks5: SOCKS5 relay closed: up=1788 down=686
2026-08-11T04:51:17.028980Z  INFO meow_ios_ffi::tun2socks: UDP reply reader idle (both directions) > 60s for (172.19.0.1:63340, 28.0.2.153:443); evicting session
2026-08-11T04:51:17.029649Z DEBUG meow_listener::socks5_udp: SOCKS5 UDP ASSOCIATE from 127.0.0.1:61638 closed; tearing down 2 sessions
2026-08-11T04:51:17.370421Z  INFO meow_ios_ffi::tun2socks: UDP reply reader idle (both directions) > 60s for (172.19.0.1:56478, 28.0.0.199:443); evicting session
2026-08-11T04:51:17.371018Z DEBUG meow_listener::socks5_udp: SOCKS5 UDP ASSOCIATE from 127.0.0.1:61643 closed; tearing down 2 sessions
2026-08-11T04:51:18.713742Z DEBUG meow_listener::sniffer: sniffer: 127.0.0.1:62189 --> 28.0.3.250:443 (tcp) → orzonera.yingt.fun
2026-08-11T04:51:18.713823Z DEBUG meow_listener::socks5: SOCKS5 CONNECT to 28.0.3.250:443
2026-08-11T04:51:18.713862Z DEBUG meow_tunnel::tunnel: pre_handle_metadata: fake-ip 28.0.3.250 → orzonera.yingt.fun
2026-08-11T04:51:18.713936Z  INFO meow_listener::socks5: 127.0.0.1:62189 --> orzonera.yingt.fun:443 match MATCH() using DIRECT
2026-08-11T04:51:18.714029Z DEBUG meow_dns::resolver: DNS lookup: orzonera.yingt.fun
2026-08-11T04:51:19.149807Z DEBUG meow_listener::socks5: SOCKS5 relay closed: up=1091 down=7576
2026-08-11T04:51:19.188204Z  WARN meow_ios_ffi::tun2socks: UDP first-reply deadline exceeded for (172.19.0.1:8568, 28.0.3.241:9681) after 10000 ms; evicting session
2026-08-11T04:51:19.188681Z DEBUG meow_listener::socks5_udp: SOCKS5 UDP ASSOCIATE from 127.0.0.1:62181 closed; tearing down 1 sessions
2026-08-11T04:51:19.792159Z DEBUG meow_listener::sniffer: sniffer: 127.0.0.1:62196 --> 28.0.3.204:443 (tcp) → mssdk3-normal-hj.zijieapi.com
2026-08-11T04:51:19.792211Z DEBUG meow_listener::socks5: SOCKS5 CONNECT to 28.0.3.204:443
2026-08-11T04:51:19.792234Z DEBUG meow_tunnel::tunnel: pre_handle_metadata: fake-ip 28.0.3.204 → mssdk3-normal-hj.zijieapi.com
2026-08-11T04:51:19.792278Z  INFO meow_listener::socks5: 127.0.0.1:62196 --> mssdk3-normal-hj.zijieapi.com:443 match RULE-SET(reject-domain) using Block
2026-08-11T04:51:22.036927Z DEBUG meow_listener::socks5: SOCKS5 relay closed: up=0 down=0
2026-08-11T04:51:24.006553Z DEBUG meow_listener::sniffer: sniffer: 127.0.0.1:62198 --> 28.0.3.204:443 (tcp) → mssdk3-normal-hj.zijieapi.com
2026-08-11T04:51:24.006665Z DEBUG meow_listener::socks5: SOCKS5 CONNECT to 28.0.3.204:443
2026-08-11T04:51:24.006709Z DEBUG meow_tunnel::tunnel: pre_handle_metadata: fake-ip 28.0.3.204 → mssdk3-normal-hj.zijieapi.com
2026-08-11T04:51:24.006781Z  INFO meow_listener::socks5: 127.0.0.1:62198 --> mssdk3-normal-hj.zijieapi.com:443 match RULE-SET(reject-domain) using Block
2026-08-11T04:51:24.320169Z DEBUG meow_listener::socks5_udp: SOCKS5 UDP ASSOCIATE from 127.0.0.1:62199: relay bound on 127.0.0.1:52303
2026-08-11T04:51:24.320749Z DEBUG meow_tunnel::tunnel: pre_handle_metadata: fake-ip 28.0.3.241 → vc-brain-hl.ndcpp.com
2026-08-11T04:51:24.825368Z DEBUG meow_tunnel::tunnel: pre_handle_metadata: fake-ip 28.0.3.241 → vc-brain-hl.ndcpp.com
2026-08-11T04:51:25.327469Z DEBUG meow_tunnel::tunnel: pre_handle_metadata: fake-ip 28.0.3.241 → vc-brain-hl.ndcpp.com
2026-08-11T04:51:25.833195Z DEBUG meow_tunnel::tunnel: pre_handle_metadata: fake-ip 28.0.3.241 → vc-brain-hl.ndcpp.com
2026-08-11T04:51:26.338876Z DEBUG meow_tunnel::tunnel: pre_handle_metadata: fake-ip 28.0.3.241 → vc-brain-hl.ndcpp.com
2026-08-11T04:51:28.797218Z  INFO meow_ios_ffi::tun2socks: UDP reply reader idle (both directions) > 60s for (172.19.0.1:65062, 28.0.4.121:9681); evicting session
2026-08-11T04:51:28.797905Z DEBUG meow_listener::socks5_udp: SOCKS5 UDP ASSOCIATE from 127.0.0.1:61679 closed; tearing down 1 sessions
2026-08-11T04:51:32.464067Z DEBUG meow_listener::socks5: SOCKS5 CONNECT to 28.0.0.148:443
2026-08-11T04:51:32.464153Z DEBUG meow_tunnel::tunnel: pre_handle_metadata: fake-ip 28.0.0.148 → www.bytedance.com
2026-08-11T04:51:32.464227Z  INFO meow_listener::socks5: 127.0.0.1:62201 --> www.bytedance.com:443 match RULE-SET(reject-domain) using Block
2026-08-11T04:51:32.691027Z DEBUG meow_listener::socks5: SOCKS5 relay closed: up=1758 down=2681
2026-08-11T04:51:34.322639Z  WARN meow_ios_ffi::tun2socks: UDP first-reply deadline exceeded for (172.19.0.1:8568, 28.0.3.241:9681) after 10000 ms; evicting session
2026-08-11T04:51:34.323191Z DEBUG meow_listener::socks5_udp: SOCKS5 UDP ASSOCIATE from 127.0.0.1:62199 closed; tearing down 1 sessions
2026-08-11T04:51:37.503819Z DEBUG meow_listener::socks5: SOCKS5 relay closed: up=0 down=0
2026-08-11T04:51:38.691767Z DEBUG meow_listener::socks5: SOCKS5 relay closed: up=517 down=0
2026-08-11T04:51:38.822489Z DEBUG meow_listener::socks5: SOCKS5 relay closed: up=675 down=658
2026-08-11T04:51:38.822529Z DEBUG meow_listener::socks5: SOCKS5 relay closed: up=705 down=4961
2026-08-11T04:51:38.846098Z DEBUG meow_listener::socks5_udp: SOCKS5 UDP ASSOCIATE from 127.0.0.1:62202: relay bound on 127.0.0.1:60399
2026-08-11T04:51:38.846652Z DEBUG meow_tunnel::tunnel: pre_handle_metadata: fake-ip 28.0.3.241 → vc-brain-hl.ndcpp.com
2026-08-11T04:51:39.350634Z DEBUG meow_tunnel::tunnel: pre_handle_metadata: fake-ip 28.0.3.241 → vc-brain-hl.ndcpp.com
2026-08-11T04:51:39.539060Z DEBUG meow_listener::socks5: SOCKS5 relay closed: up=1788 down=0
2026-08-11T04:51:39.813768Z DEBUG meow_dns::server: DNS query: signal-t1-v6-az2-01.rtcxyz.com type=1
2026-08-11T04:51:39.813959Z DEBUG meow_dns::server: DNS query: _dns.resolver.arpa type=64
2026-08-11T04:51:39.813987Z DEBUG meow_dns::server: DNS forward (generic): _dns.resolver.arpa type=SVCB
2026-08-11T04:51:39.851289Z DEBUG meow_tunnel::tunnel: pre_handle_metadata: fake-ip 28.0.3.241 → vc-brain-hl.ndcpp.com
2026-08-11T04:51:40.353416Z DEBUG meow_tunnel::tunnel: pre_handle_metadata: fake-ip 28.0.3.241 → vc-brain-hl.ndcpp.com
2026-08-11T04:51:40.859173Z DEBUG meow_tunnel::tunnel: pre_handle_metadata: fake-ip 28.0.3.241 → vc-brain-hl.ndcpp.com
2026-08-11T04:51:41.009181Z DEBUG meow_listener::socks5: SOCKS5 relay closed: up=8788 down=5463039
2026-08-11T04:51:41.565823Z DEBUG meow_listener::socks5: SOCKS5 relay closed: up=1768 down=684
2026-08-11T04:51:41.626272Z DEBUG meow_listener::socks5: SOCKS5 relay closed: up=1768 down=632
2026-08-11T04:51:43.020577Z DEBUG meow_listener::socks5: SOCKS5 relay closed: up=1432 down=1595522
2026-08-11T04:51:43.753389Z DEBUG meow_listener::socks5: SOCKS5 relay closed: up=517 down=0
2026-08-11T04:51:43.925724Z  INFO meow_ios_ffi::tun2socks: UDP reply reader idle (both directions) > 60s for (172.19.0.1:64336, 28.0.2.160:443); evicting session
2026-08-11T04:51:43.926246Z DEBUG meow_listener::socks5_udp: SOCKS5 UDP ASSOCIATE from 127.0.0.1:61696 closed; tearing down 0 sessions
2026-08-11T04:51:44.938683Z  INFO meow_ios_ffi::tun2socks: UDP reply reader idle (both directions) > 60s for (172.19.0.1:123, 28.0.0.119:123); evicting session
2026-08-11T04:51:44.939240Z DEBUG meow_listener::socks5_udp: SOCKS5 UDP ASSOCIATE from 127.0.0.1:61946 closed; tearing down 1 sessions
2026-08-11T04:51:45.966735Z DEBUG meow_listener::socks5: SOCKS5 relay closed: up=517 down=0
2026-08-11T04:51:48.849114Z  WARN meow_ios_ffi::tun2socks: UDP first-reply deadline exceeded for (172.19.0.1:8568, 28.0.3.241:9681) after 10000 ms; evicting session
2026-08-11T04:51:48.849636Z DEBUG meow_listener::socks5_udp: SOCKS5 UDP ASSOCIATE from 127.0.0.1:62202 closed; tearing down 1 sessions
2026-08-11T04:51:50.598193Z DEBUG meow_listener::socks5: SOCKS5 relay closed: up=1788 down=946
2026-08-11T04:51:52.126666Z DEBUG meow_listener::socks5: SOCKS5 relay closed: up=0 down=0
2026-08-11T04:51:52.376511Z DEBUG meow_listener::socks5: SOCKS5 relay closed: up=1024 down=1313
2026-08-11T04:51:52.377697Z DEBUG meow_listener::sniffer: sniffer: 127.0.0.1:62210 --> 28.0.2.183:443 (tcp) → p11-webcast-sign.douyinpic.com
2026-08-11T04:51:52.377715Z DEBUG meow_listener::socks5: SOCKS5 CONNECT to 28.0.2.183:443
2026-08-11T04:51:52.377730Z DEBUG meow_tunnel::tunnel: pre_handle_metadata: fake-ip 28.0.2.183 → p11-webcast-sign.douyinpic.com
2026-08-11T04:51:52.377766Z  INFO meow_listener::socks5: 127.0.0.1:62210 --> p11-webcast-sign.douyinpic.com:443 match MATCH() using DIRECT
2026-08-11T04:51:52.377805Z DEBUG meow_dns::resolver: DNS lookup: p11-webcast-sign.douyinpic.com
2026-08-11T04:51:52.415686Z DEBUG meow_listener::socks5: SOCKS5 relay closed: up=699 down=316
2026-08-11T04:51:52.415810Z DEBUG meow_listener::socks5: SOCKS5 relay closed: up=723 down=316
2026-08-11T04:51:52.416129Z DEBUG meow_listener::socks5: SOCKS5 relay closed: up=719 down=316
2026-08-11T04:51:52.416239Z DEBUG meow_listener::socks5: SOCKS5 relay closed: up=692 down=4942
2026-08-11T04:51:52.430711Z DEBUG meow_listener::socks5: SOCKS5 relay closed: up=1113 down=41915
2026-08-11T04:51:52.432360Z DEBUG meow_listener::socks5: SOCKS5 CONNECT to 8.134.241.5:443
2026-08-11T04:51:52.432408Z  INFO meow_listener::socks5: 127.0.0.1:62217 --> 8.134.241.5:443 match MATCH() using DIRECT
2026-08-11T04:51:52.678014Z DEBUG meow_listener::socks5: SOCKS5 CONNECT to 120.240.44.82:80
2026-08-11T04:51:52.678066Z  INFO meow_listener::socks5: 127.0.0.1:62220 --> 120.240.44.82:80 match MATCH() using DIRECT
2026-08-11T04:51:52.767376Z DEBUG meow_listener::socks5: SOCKS5 relay closed: up=549 down=1501
2026-08-11T04:51:52.802264Z DEBUG meow_listener::socks5: SOCKS5 CONNECT to 218.206.154.50:80
2026-08-11T04:51:52.802324Z  INFO meow_listener::socks5: 127.0.0.1:62223 --> 218.206.154.50:80 match MATCH() using DIRECT
2026-08-11T04:51:52.932208Z DEBUG meow_dns::server: DNS query: lf3-effect-aweme.byteeffecttos.com type=1
2026-08-11T04:51:52.932326Z DEBUG meow_dns::fakeip: fakeip: allocated lf3-effect-aweme.byteeffecttos.com → 28.0.4.123
2026-08-11T04:51:52.934131Z DEBUG meow_listener::sniffer: sniffer: 127.0.0.1:62226 --> 28.0.4.123:443 (tcp) → lf3-effect-aweme.byteeffecttos.com
2026-08-11T04:51:52.934191Z DEBUG meow_listener::socks5: SOCKS5 CONNECT to 28.0.4.123:443
2026-08-11T04:51:52.934206Z DEBUG meow_tunnel::tunnel: pre_handle_metadata: fake-ip 28.0.4.123 → lf3-effect-aweme.byteeffecttos.com
2026-08-11T04:51:52.934250Z  INFO meow_listener::socks5: 127.0.0.1:62226 --> lf3-effect-aweme.byteeffecttos.com:443 match MATCH() using DIRECT
2026-08-11T04:51:52.934281Z DEBUG meow_dns::resolver: DNS lookup: lf3-effect-aweme.byteeffecttos.com
2026-08-11T04:51:52.935751Z DEBUG meow_listener::sniffer: sniffer: 127.0.0.1:62232 --> 28.0.4.123:443 (tcp) → lf3-effect-aweme.byteeffecttos.com
2026-08-11T04:51:52.935766Z DEBUG meow_listener::socks5: SOCKS5 CONNECT to 28.0.4.123:443
2026-08-11T04:51:52.935774Z DEBUG meow_tunnel::tunnel: pre_handle_metadata: fake-ip 28.0.4.123 → lf3-effect-aweme.byteeffecttos.com
2026-08-11T04:51:52.935793Z  INFO meow_listener::socks5: 127.0.0.1:62232 --> lf3-effect-aweme.byteeffecttos.com:443 match MATCH() using DIRECT
2026-08-11T04:51:52.937133Z DEBUG meow_listener::sniffer: sniffer: 127.0.0.1:62234 --> 28.0.4.123:443 (tcp) → lf3-effect-aweme.byteeffecttos.com
2026-08-11T04:51:52.937146Z DEBUG meow_listener::socks5: SOCKS5 CONNECT to 28.0.4.123:443
2026-08-11T04:51:52.937153Z DEBUG meow_tunnel::tunnel: pre_handle_metadata: fake-ip 28.0.4.123 → lf3-effect-aweme.byteeffecttos.com
2026-08-11T04:51:52.937177Z  INFO meow_listener::socks5: 127.0.0.1:62234 --> lf3-effect-aweme.byteeffecttos.com:443 match MATCH() using DIRECT
2026-08-11T04:51:53.080398Z DEBUG meow_listener::socks5: SOCKS5 relay error: Broken pipe (os error 32)
2026-08-11T04:51:53.097946Z DEBUG meow_listener::socks5: SOCKS5 relay closed: up=1121 down=4806
2026-08-11T04:51:53.796879Z DEBUG meow_listener::socks5: SOCKS5 relay closed: up=517 down=0
2026-08-11T04:51:54.975364Z DEBUG meow_listener::socks5_udp: SOCKS5 UDP ASSOCIATE from 127.0.0.1:62239: relay bound on 127.0.0.1:56474
2026-08-11T04:51:54.975697Z DEBUG meow_listener::socks5_udp: SOCKS5 UDP ASSOCIATE from 127.0.0.1:62241: relay bound on 127.0.0.1:50514
2026-08-11T04:51:54.976089Z DEBUG meow_tunnel::tunnel: pre_handle_metadata: fake-ip 28.0.0.149 → signal-t1-v4-az2-01.rtcxyz.com
2026-08-11T04:51:54.976530Z DEBUG meow_tunnel::tunnel: pre_handle_metadata: fake-ip 28.0.0.149 → signal-t1-v4-az2-01.rtcxyz.com
2026-08-11T04:51:54.978023Z DEBUG meow_listener::socks5_udp: SOCKS5 UDP ASSOCIATE from 127.0.0.1:62240: relay bound on 127.0.0.1:53428
2026-08-11T04:51:54.978631Z DEBUG meow_tunnel::tunnel: pre_handle_metadata: fake-ip 28.0.0.149 → signal-t1-v4-az2-01.rtcxyz.com
2026-08-11T04:51:54.979442Z DEBUG meow_dns::server: DNS query: signal-t1-v4-az2-01.rtcxyz.com type=1
2026-08-11T04:51:55.925826Z DEBUG meow_dns::server: DNS query: is.snssdk.com type=1
2026-08-11T04:51:55.932152Z DEBUG meow_listener::socks5: SOCKS5 CONNECT to 28.0.2.162:80
2026-08-11T04:51:55.932253Z DEBUG meow_tunnel::tunnel: pre_handle_metadata: fake-ip 28.0.2.162 → is.snssdk.com
2026-08-11T04:51:55.932398Z  INFO meow_listener::socks5: 127.0.0.1:62243 --> is.snssdk.com:80 match RULE-SET(reject-domain) using Block
2026-08-11T04:51:57.164648Z DEBUG meow_listener::sniffer: sniffer: 127.0.0.1:62246 --> 36.147.55.119:443 (tcp) → v6-cold.douyinvod.com
2026-08-11T04:51:57.164691Z DEBUG meow_listener::socks5: SOCKS5 CONNECT to 36.147.55.119:443
2026-08-11T04:51:57.164750Z  INFO meow_listener::socks5: 127.0.0.1:62246 --> 36.147.55.119:443 match MATCH() using DIRECT
2026-08-11T04:51:57.959182Z DEBUG meow_listener::socks5_udp: SOCKS5 UDP ASSOCIATE from 127.0.0.1:62249: relay bound on 127.0.0.1:62583
2026-08-11T04:51:57.959746Z DEBUG meow_tunnel::tunnel: pre_handle_metadata: fake-ip 28.0.3.241 → vc-brain-hl.ndcpp.com
2026-08-11T04:51:57.964385Z DEBUG meow_listener::socks5: SOCKS5 relay closed: up=1914 down=33053
2026-08-11T04:51:57.964690Z DEBUG meow_dns::server: DNS query: orzonera.yingt.fun type=1
2026-08-11T04:51:57.967833Z DEBUG meow_listener::sniffer: sniffer: 127.0.0.1:62251 --> 28.0.3.250:443 (tcp) → orzonera.yingt.fun
2026-08-11T04:51:57.967879Z DEBUG meow_listener::socks5: SOCKS5 CONNECT to 28.0.3.250:443
2026-08-11T04:51:57.967903Z DEBUG meow_tunnel::tunnel: pre_handle_metadata: fake-ip 28.0.3.250 → orzonera.yingt.fun
2026-08-11T04:51:57.968005Z  INFO meow_listener::socks5: 127.0.0.1:62251 --> orzonera.yingt.fun:443 match MATCH() using DIRECT
2026-08-11T04:51:57.968646Z DEBUG meow_listener::socks5: SOCKS5 relay closed: up=1790 down=126049
2026-08-11T04:51:57.970245Z DEBUG meow_listener::sniffer: sniffer: 127.0.0.1:62254 --> 28.0.3.202:443 (tcp) → api-play-zjg.amemv.com
2026-08-11T04:51:57.970273Z DEBUG meow_listener::socks5: SOCKS5 CONNECT to 28.0.3.202:443
2026-08-11T04:51:57.970292Z DEBUG meow_tunnel::tunnel: pre_handle_metadata: fake-ip 28.0.3.202 → api-play-zjg.amemv.com
2026-08-11T04:51:57.970333Z  INFO meow_listener::socks5: 127.0.0.1:62254 --> api-play-zjg.amemv.com:443 match MATCH() using DIRECT
2026-08-11T04:51:57.970390Z DEBUG meow_dns::resolver: DNS lookup: api-play-zjg.amemv.com
2026-08-11T04:51:58.202458Z DEBUG meow_listener::socks5: SOCKS5 relay closed: up=2077 down=4628
2026-08-11T04:51:58.206029Z DEBUG meow_listener::socks5: SOCKS5 CONNECT to 111.31.36.96:80
2026-08-11T04:51:58.206145Z  INFO meow_listener::socks5: 127.0.0.1:62261 --> orzonera.yingt.fun:80 match MATCH() using DIRECT
2026-08-11T04:51:58.258833Z DEBUG meow_listener::sniffer: sniffer: 127.0.0.1:62264 --> 183.232.132.81:443 (tcp) → v5-se-ws-cold.douyinvod.com
2026-08-11T04:51:58.258864Z DEBUG meow_listener::socks5: SOCKS5 CONNECT to 183.232.132.81:443
2026-08-11T04:51:58.258909Z  INFO meow_listener::socks5: 127.0.0.1:62264 --> v5-se-ws-cold.douyinvod.com:443 match MATCH() using DIRECT
2026-08-11T04:51:58.367516Z DEBUG meow_listener::socks5: SOCKS5 relay closed: up=1524 down=1587
2026-08-11T04:51:58.368594Z DEBUG meow_listener::socks5: SOCKS5 CONNECT to 223.84.176.213:35019
2026-08-11T04:51:58.368637Z  INFO meow_listener::socks5: 127.0.0.1:62269 --> 223.84.176.213:35019 match MATCH() using DIRECT
2026-08-11T04:51:58.368960Z DEBUG meow_listener::socks5: SOCKS5 CONNECT to 223.82.161.113:35019
2026-08-11T04:51:58.368981Z  INFO meow_listener::socks5: 127.0.0.1:62268 --> 223.82.161.113:35019 match MATCH() using DIRECT
2026-08-11T04:51:58.460809Z DEBUG meow_tunnel::tunnel: pre_handle_metadata: fake-ip 28.0.3.241 → vc-brain-hl.ndcpp.com
2026-08-11T04:51:58.632026Z DEBUG meow_listener::socks5: SOCKS5 relay closed: up=1792 down=209
2026-08-11T04:51:58.828152Z  INFO meow_ios_ffi::tun2socks: UDP reply reader idle (both directions) > 60s for (172.19.0.1:49796, 28.0.0.199:443); evicting session
2026-08-11T04:51:58.828482Z DEBUG meow_listener::socks5_udp: SOCKS5 UDP ASSOCIATE from 127.0.0.1:62046 closed; tearing down 2 sessions
2026-08-11T04:51:58.852335Z  INFO meow_ios_ffi::tun2socks: UDP reply reader idle (both directions) > 60s for (172.19.0.1:62935, 28.0.0.194:443); evicting session
2026-08-11T04:51:58.852330Z  INFO meow_ios_ffi::tun2socks: UDP reply reader idle (both directions) > 60s for (172.19.0.1:63021, 28.0.0.189:443); evicting session
2026-08-11T04:51:58.852526Z  INFO meow_ios_ffi::tun2socks: UDP reply reader idle (both directions) > 60s for (172.19.0.1:56339, 28.0.0.179:443); evicting session
2026-08-11T04:51:58.852577Z DEBUG meow_listener::socks5_udp: SOCKS5 UDP ASSOCIATE from 127.0.0.1:62039 closed; tearing down 2 sessions
2026-08-11T04:51:58.852603Z DEBUG meow_listener::socks5_udp: SOCKS5 UDP ASSOCIATE from 127.0.0.1:62032 closed; tearing down 2 sessions
2026-08-11T04:51:58.852707Z DEBUG meow_listener::socks5_udp: SOCKS5 UDP ASSOCIATE from 127.0.0.1:62023 closed; tearing down 2 sessions
2026-08-11T04:51:58.964783Z DEBUG meow_tunnel::tunnel: pre_handle_metadata: fake-ip 28.0.3.241 → vc-brain-hl.ndcpp.com
2026-08-11T04:51:59.199802Z DEBUG meow_listener::socks5: SOCKS5 relay closed: up=1349 down=49508
2026-08-11T04:51:59.323538Z DEBUG meow_listener::socks5_udp: SOCKS5 UDP ASSOCIATE from 127.0.0.1:62273: relay bound on 127.0.0.1:49290
2026-08-11T04:51:59.323599Z DEBUG meow_listener::socks5_udp: SOCKS5 UDP ASSOCIATE from 127.0.0.1:62272: relay bound on 127.0.0.1:59007
2026-08-11T04:51:59.324095Z DEBUG meow_tunnel::tunnel: pre_handle_metadata: fake-ip 28.0.0.149 → signal-t1-v4-az2-01.rtcxyz.com
2026-08-11T04:51:59.324602Z DEBUG meow_tunnel::tunnel: pre_handle_metadata: fake-ip 28.0.0.149 → signal-t1-v4-az2-01.rtcxyz.com
2026-08-11T04:51:59.415545Z DEBUG meow_tunnel::tunnel: pre_handle_metadata: fake-ip 28.0.0.149 → signal-t1-v4-az2-01.rtcxyz.com
2026-08-11T04:51:59.416160Z DEBUG meow_tunnel::tunnel: pre_handle_metadata: fake-ip 28.0.0.149 → signal-t1-v4-az2-01.rtcxyz.com
2026-08-11T04:51:59.416711Z DEBUG meow_listener::socks5_udp: SOCKS5 UDP ASSOCIATE from 127.0.0.1:62274: relay bound on 127.0.0.1:64317
2026-08-11T04:51:59.417347Z DEBUG meow_listener::socks5_udp: SOCKS5 UDP ASSOCIATE from 127.0.0.1:62275: relay bound on 127.0.0.1:60738
2026-08-11T04:51:59.418348Z DEBUG meow_tunnel::tunnel: pre_handle_metadata: fake-ip 28.0.0.149 → signal-t1-v4-az2-01.rtcxyz.com
2026-08-11T04:51:59.419390Z DEBUG meow_listener::socks5_udp: SOCKS5 UDP ASSOCIATE from 127.0.0.1:62276: relay bound on 127.0.0.1:59459
2026-08-11T04:51:59.468507Z DEBUG meow_tunnel::tunnel: pre_handle_metadata: fake-ip 28.0.3.241 → vc-brain-hl.ndcpp.com
2026-08-11T04:51:59.824565Z DEBUG meow_dns::server: DNS query: mssdk3-normal-hj.zijieapi.com type=1
2026-08-11T04:51:59.827106Z DEBUG meow_listener::sniffer: sniffer: 127.0.0.1:62278 --> 28.0.3.204:443 (tcp) → mssdk3-normal-hj.zijieapi.com
2026-08-11T04:51:59.827138Z DEBUG meow_listener::socks5: SOCKS5 CONNECT to 28.0.3.204:443
2026-08-11T04:51:59.827157Z DEBUG meow_tunnel::tunnel: pre_handle_metadata: fake-ip 28.0.3.204 → mssdk3-normal-hj.zijieapi.com
2026-08-11T04:51:59.827199Z  INFO meow_listener::socks5: 127.0.0.1:62278 --> mssdk3-normal-hj.zijieapi.com:443 match RULE-SET(reject-domain) using Block
2026-08-11T04:51:59.946748Z DEBUG meow_tunnel::tunnel: pre_handle_metadata: fake-ip 28.0.0.149 → signal-t1-v4-az2-01.rtcxyz.com
2026-08-11T04:51:59.947764Z DEBUG meow_listener::socks5_udp: SOCKS5 UDP ASSOCIATE from 127.0.0.1:62279: relay bound on 127.0.0.1:57769
2026-08-11T04:51:59.948310Z DEBUG meow_tunnel::tunnel: pre_handle_metadata: fake-ip 28.0.2.181 → signal-t1-v6-az2-01.rtcxyz.com
2026-08-11T04:51:59.974270Z DEBUG meow_tunnel::tunnel: pre_handle_metadata: fake-ip 28.0.3.241 → vc-brain-hl.ndcpp.com
2026-08-11T04:52:00.453810Z DEBUG meow_tunnel::tunnel: pre_handle_metadata: fake-ip 28.0.0.149 → signal-t1-v4-az2-01.rtcxyz.com
2026-08-11T04:52:00.454117Z DEBUG meow_tunnel::tunnel: pre_handle_metadata: fake-ip 28.0.0.149 → signal-t1-v4-az2-01.rtcxyz.com
2026-08-11T04:52:00.454621Z DEBUG meow_tunnel::tunnel: pre_handle_metadata: fake-ip 28.0.0.149 → signal-t1-v4-az2-01.rtcxyz.com
2026-08-11T04:52:01.461512Z DEBUG meow_tunnel::tunnel: pre_handle_metadata: fake-ip 28.0.0.149 → signal-t1-v4-az2-01.rtcxyz.com
2026-08-11T04:52:01.584339Z DEBUG meow_tunnel::tunnel: pre_handle_metadata: fake-ip 28.0.0.149 → signal-t1-v4-az2-01.rtcxyz.com
2026-08-11T04:52:01.585036Z DEBUG meow_tunnel::tunnel: pre_handle_metadata: fake-ip 28.0.0.149 → signal-t1-v4-az2-01.rtcxyz.com
2026-08-11T04:52:01.585857Z DEBUG meow_tunnel::tunnel: pre_handle_metadata: fake-ip 28.0.0.149 → signal-t1-v4-az2-01.rtcxyz.com
2026-08-11T04:52:01.586130Z DEBUG meow_tunnel::tunnel: pre_handle_metadata: fake-ip 28.0.0.149 → signal-t1-v4-az2-01.rtcxyz.com
2026-08-11T04:52:01.586353Z DEBUG meow_listener::socks5_udp: SOCKS5 UDP ASSOCIATE from 127.0.0.1:62280: relay bound on 127.0.0.1:61980
2026-08-11T04:52:01.586893Z DEBUG meow_listener::socks5_udp: SOCKS5 UDP ASSOCIATE from 127.0.0.1:62281: relay bound on 127.0.0.1:53900
2026-08-11T04:52:01.587593Z DEBUG meow_listener::socks5_udp: SOCKS5 UDP ASSOCIATE from 127.0.0.1:62282: relay bound on 127.0.0.1:49232
2026-08-11T04:52:01.587841Z DEBUG meow_tunnel::tunnel: pre_handle_metadata: fake-ip 28.0.0.149 → signal-t1-v4-az2-01.rtcxyz.com
2026-08-11T04:52:01.588368Z DEBUG meow_listener::socks5_udp: SOCKS5 UDP ASSOCIATE from 127.0.0.1:62283: relay bound on 127.0.0.1:52853
2026-08-11T04:52:01.588587Z DEBUG meow_tunnel::tunnel: pre_handle_metadata: fake-ip 28.0.0.149 → signal-t1-v4-az2-01.rtcxyz.com
2026-08-11T04:52:01.589797Z DEBUG meow_listener::socks5_udp: SOCKS5 UDP ASSOCIATE from 127.0.0.1:62284: relay bound on 127.0.0.1:55549
2026-08-11T04:52:01.590151Z DEBUG meow_listener::socks5_udp: SOCKS5 UDP ASSOCIATE from 127.0.0.1:62285: relay bound on 127.0.0.1:56994
2026-08-11T04:52:01.673328Z DEBUG meow_listener::socks5_udp: SOCKS5 UDP ASSOCIATE from 127.0.0.1:62286: relay bound on 127.0.0.1:62348
2026-08-11T04:52:01.674839Z DEBUG meow_listener::socks5_udp: SOCKS5 UDP ASSOCIATE from 127.0.0.1:62288: relay bound on 127.0.0.1:64081
2026-08-11T04:52:01.675055Z DEBUG meow_listener::socks5_udp: SOCKS5 UDP ASSOCIATE from 127.0.0.1:62287: relay bound on 127.0.0.1:55740
2026-08-11T04:52:02.468111Z DEBUG meow_tunnel::tunnel: pre_handle_metadata: fake-ip 28.0.0.149 → signal-t1-v4-az2-01.rtcxyz.com
2026-08-11T04:52:02.468263Z DEBUG meow_tunnel::tunnel: pre_handle_metadata: fake-ip 28.0.0.149 → signal-t1-v4-az2-01.rtcxyz.com
2026-08-11T04:52:02.468339Z DEBUG meow_tunnel::tunnel: pre_handle_metadata: fake-ip 28.0.0.149 → signal-t1-v4-az2-01.rtcxyz.com
2026-08-11T04:52:02.646515Z DEBUG meow_dns::server: DNS query: p11.douyinpic.com type=1
2026-08-11T04:52:02.648527Z DEBUG meow_listener::sniffer: sniffer: 127.0.0.1:62290 --> 28.0.2.158:443 (tcp) → p11.douyinpic.com
2026-08-11T04:52:02.648546Z DEBUG meow_listener::socks5: SOCKS5 CONNECT to 28.0.2.158:443
2026-08-11T04:52:02.648571Z DEBUG meow_tunnel::tunnel: pre_handle_metadata: fake-ip 28.0.2.158 → p11.douyinpic.com
2026-08-11T04:52:02.648601Z  INFO meow_listener::socks5: 127.0.0.1:62290 --> p11.douyinpic.com:443 match MATCH() using DIRECT
2026-08-11T04:52:02.648635Z DEBUG meow_dns::resolver: DNS lookup: p11.douyinpic.com
2026-08-11T04:52:02.682840Z DEBUG meow_tunnel::tunnel: pre_handle_metadata: fake-ip 28.0.0.149 → signal-t1-v4-az2-01.rtcxyz.com
2026-08-11T04:52:02.683243Z DEBUG meow_tunnel::tunnel: pre_handle_metadata: fake-ip 28.0.0.149 → signal-t1-v4-az2-01.rtcxyz.com
2026-08-11T04:52:02.683336Z DEBUG meow_tunnel::tunnel: pre_handle_metadata: fake-ip 28.0.0.149 → signal-t1-v4-az2-01.rtcxyz.com
2026-08-11T04:52:02.683464Z DEBUG meow_tunnel::tunnel: pre_handle_metadata: fake-ip 28.0.0.149 → signal-t1-v4-az2-01.rtcxyz.com
2026-08-11T04:52:02.721841Z DEBUG meow_listener::socks5: SOCKS5 relay error: Broken pipe (os error 32)
2026-08-11T04:52:02.724520Z DEBUG meow_listener::sniffer: sniffer: 127.0.0.1:62297 --> 120.233.85.41:443 (tcp) → v5-se-bd-daily-cold.douyinvod.com
2026-08-11T04:52:02.724538Z DEBUG meow_listener::socks5: SOCKS5 CONNECT to 120.233.85.41:443
2026-08-11T04:52:02.724574Z  INFO meow_listener::socks5: 127.0.0.1:62297 --> 120.233.85.41:443 match MATCH() using DIRECT
2026-08-11T04:52:02.908320Z DEBUG meow_dns::server: DNS query: s65n7jfvsy1fn.v1d.pkoplink.com type=1
2026-08-11T04:52:02.908375Z DEBUG meow_dns::fakeip: fakeip: allocated s65n7jfvsy1fn.v1d.pkoplink.com → 28.0.4.124
2026-08-11T04:52:02.911952Z DEBUG meow_listener::sniffer: sniffer: 127.0.0.1:62300 --> 28.0.4.124:443 (tcp) → s65n7jfvsy1fn.v1d.pkoplink.com
2026-08-11T04:52:02.911981Z DEBUG meow_listener::socks5: SOCKS5 CONNECT to 28.0.4.124:443
2026-08-11T04:52:02.911998Z DEBUG meow_tunnel::tunnel: pre_handle_metadata: fake-ip 28.0.4.124 → s65n7jfvsy1fn.v1d.pkoplink.com
2026-08-11T04:52:02.912047Z  INFO meow_listener::socks5: 127.0.0.1:62300 --> s65n7jfvsy1fn.v1d.pkoplink.com:443 match MATCH() using DIRECT
2026-08-11T04:52:02.912098Z DEBUG meow_dns::resolver: DNS lookup: s65n7jfvsy1fn.v1d.pkoplink.com
2026-08-11T04:52:03.592021Z DEBUG meow_tunnel::tunnel: pre_handle_metadata: fake-ip 28.0.3.241 → vc-brain-hl.ndcpp.com
2026-08-11T04:52:03.595681Z DEBUG meow_listener::sniffer: sniffer: 127.0.0.1:62307 --> 28.0.3.250:443 (tcp) → orzonera.yingt.fun
2026-08-11T04:52:03.595701Z DEBUG meow_listener::socks5: SOCKS5 CONNECT to 28.0.3.250:443
2026-08-11T04:52:03.595712Z DEBUG meow_tunnel::tunnel: pre_handle_metadata: fake-ip 28.0.3.250 → orzonera.yingt.fun
2026-08-11T04:52:03.595737Z  INFO meow_listener::socks5: 127.0.0.1:62307 --> orzonera.yingt.fun:443 match MATCH() using DIRECT
2026-08-11T04:52:03.617512Z DEBUG meow_listener::socks5: SOCKS5 relay closed: up=3646 down=1058194
2026-08-11T04:52:03.753547Z DEBUG meow_listener::socks5: SOCKS5 relay closed: up=517 down=3344
2026-08-11T04:52:03.773564Z DEBUG meow_dns::server: DNS query: search5-search-hl.amemv.com type=1
2026-08-11T04:52:03.774290Z DEBUG meow_listener::socks5_udp: SOCKS5 UDP ASSOCIATE from 127.0.0.1:62309: relay bound on 127.0.0.1:61893
2026-08-11T04:52:03.774460Z DEBUG meow_tunnel::tunnel: pre_handle_metadata: fake-ip 28.0.0.189 → search5-search-hl.amemv.com
2026-08-11T04:52:03.774484Z DEBUG meow_dns::resolver: DNS lookup: search5-search-hl.amemv.com
2026-08-11T04:52:03.796810Z DEBUG meow_dns::server: DNS query: p11-sign.douyinpic.com type=1
2026-08-11T04:52:03.798281Z DEBUG meow_listener::sniffer: sniffer: 127.0.0.1:62315 --> 28.0.0.74:443 (tcp) → p11-sign.douyinpic.com
2026-08-11T04:52:03.798299Z DEBUG meow_listener::socks5: SOCKS5 CONNECT to 28.0.0.74:443
2026-08-11T04:52:03.798310Z DEBUG meow_tunnel::tunnel: pre_handle_metadata: fake-ip 28.0.0.74 → p11-sign.douyinpic.com
2026-08-11T04:52:03.798345Z  INFO meow_listener::socks5: 127.0.0.1:62315 --> p11-sign.douyinpic.com:443 match MATCH() using DIRECT
2026-08-11T04:52:03.798380Z DEBUG meow_dns::resolver: DNS lookup: p11-sign.douyinpic.com
2026-08-11T04:52:03.805475Z DEBUG meow_tunnel::tunnel: pre_handle_metadata: fake-ip 28.0.0.189 → search5-search-hl.amemv.com
2026-08-11T04:52:03.805659Z DEBUG meow_tunnel::tunnel: pre_handle_metadata: fake-ip 28.0.0.189 → search5-search-hl.amemv.com
2026-08-11T04:52:03.805813Z DEBUG meow_tunnel::tunnel: pre_handle_metadata: fake-ip 28.0.0.189 → search5-search-hl.amemv.com
2026-08-11T04:52:03.805955Z DEBUG meow_tunnel::tunnel: pre_handle_metadata: fake-ip 28.0.0.189 → search5-search-hl.amemv.com
2026-08-11T04:52:03.806089Z DEBUG meow_tunnel::tunnel: pre_handle_metadata: fake-ip 28.0.0.189 → search5-search-hl.amemv.com
2026-08-11T04:52:03.833124Z DEBUG meow_tunnel::tunnel: pre_handle_metadata: fake-ip 28.0.0.189 → search5-search-hl.amemv.com
2026-08-11T04:52:03.841391Z DEBUG meow_tunnel::tunnel: pre_handle_metadata: fake-ip 28.0.0.189 → search5-search-hl.amemv.com
2026-08-11T04:52:03.980478Z DEBUG meow_tunnel::tunnel: pre_handle_metadata: fake-ip 28.0.0.189 → search5-search-hl.amemv.com
2026-08-11T04:52:04.094421Z DEBUG meow_tunnel::tunnel: pre_handle_metadata: fake-ip 28.0.3.241 → vc-brain-hl.ndcpp.com
2026-08-11T04:52:04.600368Z DEBUG meow_tunnel::tunnel: pre_handle_metadata: fake-ip 28.0.3.241 → vc-brain-hl.ndcpp.com
2026-08-11T04:52:04.755957Z DEBUG meow_dns::server: DNS query: cky5apawmyjec.v1d.pkoplink.com type=1
2026-08-11T04:52:04.756074Z DEBUG meow_dns::fakeip: fakeip: allocated cky5apawmyjec.v1d.pkoplink.com → 28.0.4.125
2026-08-11T04:52:04.765449Z DEBUG meow_listener::sniffer: sniffer: 127.0.0.1:62322 --> 28.0.4.125:443 (tcp) → cky5apawmyjec.v1d.pkoplink.com
2026-08-11T04:52:04.765495Z DEBUG meow_listener::socks5: SOCKS5 CONNECT to 28.0.4.125:443
2026-08-11T04:52:04.765531Z DEBUG meow_tunnel::tunnel: pre_handle_metadata: fake-ip 28.0.4.125 → cky5apawmyjec.v1d.pkoplink.com
2026-08-11T04:52:04.765590Z  INFO meow_listener::socks5: 127.0.0.1:62322 --> cky5apawmyjec.v1d.pkoplink.com:443 match MATCH() using DIRECT
2026-08-11T04:52:04.765651Z DEBUG meow_dns::resolver: DNS lookup: cky5apawmyjec.v1d.pkoplink.com
2026-08-11T04:52:04.978096Z  WARN meow_ios_ffi::tun2socks: UDP first-reply deadline exceeded for (172.19.0.1:65062, 28.0.0.149:9681) after 10000 ms; evicting session
2026-08-11T04:52:04.978798Z DEBUG meow_listener::socks5_udp: SOCKS5 UDP ASSOCIATE from 127.0.0.1:62239 closed; tearing down 1 sessions
2026-08-11T04:52:05.102642Z DEBUG meow_tunnel::tunnel: pre_handle_metadata: fake-ip 28.0.3.241 → vc-brain-hl.ndcpp.com
2026-08-11T04:52:05.608712Z DEBUG meow_tunnel::tunnel: pre_handle_metadata: fake-ip 28.0.3.241 → vc-brain-hl.ndcpp.com
2026-08-11T04:52:07.545177Z DEBUG meow_listener::socks5: SOCKS5 relay closed: up=0 down=0
2026-08-11T04:52:07.927874Z DEBUG meow_listener::socks5: SOCKS5 relay closed: up=1788 down=686
2026-08-11T04:52:07.962062Z  WARN meow_ios_ffi::tun2socks: UDP first-reply deadline exceeded for (172.19.0.1:8568, 28.0.3.241:9681) after 10000 ms; evicting session
2026-08-11T04:52:07.962780Z DEBUG meow_listener::socks5_udp: SOCKS5 UDP ASSOCIATE from 127.0.0.1:62249 closed; tearing down 1 sessions
2026-08-11T04:52:08.696185Z DEBUG meow_dns::server: DNS query: api-normal-m.amemv.com type=1
2026-08-11T04:52:08.699538Z DEBUG meow_dns::server: DNS query: api5-social-m-hl.amemv.com type=1
2026-08-11T04:52:08.702321Z DEBUG meow_dns::server: DNS query: api5-hl.qishui.com type=1
2026-08-11T04:52:08.706171Z DEBUG meow_dns::server: DNS query: ecom-normal-m.ecombdapi.com type=1
2026-08-11T04:52:08.709900Z DEBUG meow_dns::server: DNS query: ecom5-normal-hl.ecombdapi.com type=1
2026-08-11T04:52:08.711993Z DEBUG meow_listener::socks5_udp: SOCKS5 UDP ASSOCIATE from 127.0.0.1:62334: relay bound on 127.0.0.1:64261
2026-08-11T04:52:08.712167Z DEBUG meow_tunnel::tunnel: pre_handle_metadata: fake-ip 28.0.0.179 → ecom5-normal-hl.ecombdapi.com
2026-08-11T04:52:08.712198Z DEBUG meow_dns::resolver: DNS lookup: ecom5-normal-hl.ecombdapi.com
2026-08-11T04:52:08.714704Z DEBUG meow_dns::server: DNS query: life5-normal-m-hl.amemv.com type=1
2026-08-11T04:52:08.726049Z DEBUG meow_listener::socks5_udp: SOCKS5 UDP ASSOCIATE from 127.0.0.1:62343: relay bound on 127.0.0.1:59303
2026-08-11T04:52:08.726495Z DEBUG meow_tunnel::tunnel: pre_handle_metadata: fake-ip 28.0.0.194 → webcast5-core-hl.amemv.com
2026-08-11T04:52:08.726569Z DEBUG meow_dns::resolver: DNS lookup: webcast5-core-hl.amemv.com
2026-08-11T04:52:08.731476Z DEBUG meow_listener::socks5_udp: SOCKS5 UDP ASSOCIATE from 127.0.0.1:62350: relay bound on 127.0.0.1:56759
2026-08-11T04:52:08.731492Z DEBUG meow_listener::sniffer: sniffer: 127.0.0.1:62329 --> 28.0.0.168:443 (tcp) → api-normal-m.amemv.com
2026-08-11T04:52:08.731532Z DEBUG meow_listener::socks5: SOCKS5 CONNECT to 28.0.0.168:443
2026-08-11T04:52:08.731560Z DEBUG meow_tunnel::tunnel: pre_handle_metadata: fake-ip 28.0.0.168 → api-normal-m.amemv.com
2026-08-11T04:52:08.731664Z  INFO meow_listener::socks5: 127.0.0.1:62329 --> api-normal-m.amemv.com:443 match MATCH() using DIRECT
2026-08-11T04:52:08.731828Z DEBUG meow_dns::resolver: DNS lookup: api-normal-m.amemv.com
2026-08-11T04:52:08.732009Z DEBUG meow_dns::server: DNS query: ma5-normal-hl.zijieapi.com type=1
2026-08-11T04:52:08.733044Z DEBUG meow_tunnel::tunnel: pre_handle_metadata: fake-ip 28.0.0.199 → webcast5-normal-lf.amemv.com
2026-08-11T04:52:08.733157Z DEBUG meow_dns::resolver: DNS lookup: webcast5-normal-lf.amemv.com
2026-08-11T04:52:08.735612Z DEBUG meow_listener::sniffer: sniffer: 127.0.0.1:62331 --> 28.0.0.170:443 (tcp) → api5-social-m-hl.amemv.com
2026-08-11T04:52:08.735718Z DEBUG meow_listener::socks5: SOCKS5 CONNECT to 28.0.0.170:443
2026-08-11T04:52:08.735739Z DEBUG meow_tunnel::tunnel: pre_handle_metadata: fake-ip 28.0.0.170 → api5-social-m-hl.amemv.com
2026-08-11T04:52:08.735780Z  INFO meow_listener::socks5: 127.0.0.1:62331 --> api5-social-m-hl.amemv.com:443 match MATCH() using DIRECT
2026-08-11T04:52:08.735839Z DEBUG meow_dns::resolver: DNS lookup: api5-social-m-hl.amemv.com
2026-08-11T04:52:08.736113Z DEBUG meow_dns::server: DNS query: webcast-core-m.amemv.com type=1
2026-08-11T04:52:08.737093Z DEBUG meow_listener::sniffer: sniffer: 127.0.0.1:62333 --> 28.0.0.175:443 (tcp) → ecom-normal-m.ecombdapi.com
2026-08-11T04:52:08.737122Z DEBUG meow_listener::socks5: SOCKS5 CONNECT to 28.0.0.175:443
2026-08-11T04:52:08.737161Z DEBUG meow_tunnel::tunnel: pre_handle_metadata: fake-ip 28.0.0.175 → ecom-normal-m.ecombdapi.com
2026-08-11T04:52:08.737215Z  INFO meow_listener::socks5: 127.0.0.1:62333 --> ecom-normal-m.ecombdapi.com:443 match MATCH() using DIRECT
2026-08-11T04:52:08.737325Z DEBUG meow_dns::resolver: DNS lookup: ecom-normal-m.ecombdapi.com
2026-08-11T04:52:08.738113Z DEBUG meow_listener::sniffer: sniffer: 127.0.0.1:62342 --> 28.0.0.191:443 (tcp) → webcast-core-m.amemv.com
2026-08-11T04:52:08.738129Z DEBUG meow_listener::socks5: SOCKS5 CONNECT to 28.0.0.191:443
2026-08-11T04:52:08.738142Z DEBUG meow_tunnel::tunnel: pre_handle_metadata: fake-ip 28.0.0.191 → webcast-core-m.amemv.com
2026-08-11T04:52:08.738191Z  INFO meow_listener::socks5: 127.0.0.1:62342 --> webcast-core-m.amemv.com:443 match MATCH() using DIRECT
2026-08-11T04:52:08.738235Z DEBUG meow_dns::resolver: DNS lookup: webcast-core-m.amemv.com
2026-08-11T04:52:08.738833Z DEBUG meow_listener::sniffer: sniffer: 127.0.0.1:62348 --> 28.0.0.195:443 (tcp) → webcast-normal-m.amemv.com
2026-08-11T04:52:08.738856Z DEBUG meow_listener::socks5: SOCKS5 CONNECT to 28.0.0.195:443
2026-08-11T04:52:08.738869Z DEBUG meow_tunnel::tunnel: pre_handle_metadata: fake-ip 28.0.0.195 → webcast-normal-m.amemv.com
2026-08-11T04:52:08.738890Z  INFO meow_listener::socks5: 127.0.0.1:62348 --> webcast-normal-m.amemv.com:443 match MATCH() using DIRECT
2026-08-11T04:52:08.738956Z DEBUG meow_dns::resolver: DNS lookup: webcast-normal-m.amemv.com
2026-08-11T04:52:08.739648Z DEBUG meow_listener::sniffer: sniffer: 127.0.0.1:62340 --> 28.0.0.181:443 (tcp) → life5-normal-m-hl.amemv.com
2026-08-11T04:52:08.739669Z DEBUG meow_listener::socks5: SOCKS5 CONNECT to 28.0.0.181:443
2026-08-11T04:52:08.739682Z DEBUG meow_tunnel::tunnel: pre_handle_metadata: fake-ip 28.0.0.181 → life5-normal-m-hl.amemv.com
2026-08-11T04:52:08.739704Z  INFO meow_listener::socks5: 127.0.0.1:62340 --> life5-normal-m-hl.amemv.com:443 match MATCH() using DIRECT
2026-08-11T04:52:08.739739Z DEBUG meow_dns::resolver: DNS lookup: life5-normal-m-hl.amemv.com
2026-08-11T04:52:08.740822Z DEBUG meow_dns::server: DNS query: webcast-normal-m.amemv.com type=1
2026-08-11T04:52:08.741810Z DEBUG meow_dns::server: DNS query: webcast5-core-hl.amemv.com type=1
2026-08-11T04:52:08.741875Z DEBUG meow_dns::server: DNS query: webcast5-normal-lf.amemv.com type=1
2026-08-11T04:52:08.743849Z DEBUG meow_listener::sniffer: sniffer: 127.0.0.1:62368 --> 28.0.0.181:443 (tcp) → life5-normal-m-hl.amemv.com
2026-08-11T04:52:08.743918Z DEBUG meow_listener::socks5: SOCKS5 CONNECT to 28.0.0.181:443
2026-08-11T04:52:08.743947Z DEBUG meow_tunnel::tunnel: pre_handle_metadata: fake-ip 28.0.0.181 → life5-normal-m-hl.amemv.com
2026-08-11T04:52:08.743980Z  INFO meow_listener::socks5: 127.0.0.1:62368 --> life5-normal-m-hl.amemv.com:443 match MATCH() using DIRECT
2026-08-11T04:52:08.744223Z DEBUG meow_listener::sniffer: sniffer: 127.0.0.1:62354 --> 28.0.0.168:443 (tcp) → api-normal-m.amemv.com
2026-08-11T04:52:08.744239Z DEBUG meow_listener::socks5: SOCKS5 CONNECT to 28.0.0.168:443
2026-08-11T04:52:08.744251Z DEBUG meow_tunnel::tunnel: pre_handle_metadata: fake-ip 28.0.0.168 → api-normal-m.amemv.com
2026-08-11T04:52:08.744299Z  INFO meow_listener::socks5: 127.0.0.1:62354 --> api-normal-m.amemv.com:443 match MATCH() using DIRECT
2026-08-11T04:52:08.744645Z DEBUG meow_listener::sniffer: sniffer: 127.0.0.1:62365 --> 28.0.0.170:443 (tcp) → api5-social-m-hl.amemv.com
2026-08-11T04:52:08.744677Z DEBUG meow_listener::socks5: SOCKS5 CONNECT to 28.0.0.170:443
2026-08-11T04:52:08.744686Z DEBUG meow_listener::sniffer: sniffer: 127.0.0.1:62366 --> 28.0.0.172:443 (tcp) → api5-hl.qishui.com
2026-08-11T04:52:08.744691Z DEBUG meow_tunnel::tunnel: pre_handle_metadata: fake-ip 28.0.0.170 → api5-social-m-hl.amemv.com
2026-08-11T04:52:08.744702Z DEBUG meow_listener::socks5: SOCKS5 CONNECT to 28.0.0.172:443
2026-08-11T04:52:08.744713Z  INFO meow_listener::socks5: 127.0.0.1:62365 --> api5-social-m-hl.amemv.com:443 match MATCH() using DIRECT
2026-08-11T04:52:08.744720Z DEBUG meow_tunnel::tunnel: pre_handle_metadata: fake-ip 28.0.0.172 → api5-hl.qishui.com
2026-08-11T04:52:08.744742Z  INFO meow_listener::socks5: 127.0.0.1:62366 --> api5-hl.qishui.com:443 match MATCH() using DIRECT
2026-08-11T04:52:08.744795Z DEBUG meow_listener::sniffer: sniffer: 127.0.0.1:62367 --> 28.0.0.175:443 (tcp) → ecom-normal-m.ecombdapi.com
2026-08-11T04:52:08.744797Z DEBUG meow_dns::resolver: DNS lookup: api5-hl.qishui.com
2026-08-11T04:52:08.744807Z DEBUG meow_listener::socks5: SOCKS5 CONNECT to 28.0.0.175:443
2026-08-11T04:52:08.744817Z DEBUG meow_tunnel::tunnel: pre_handle_metadata: fake-ip 28.0.0.175 → ecom-normal-m.ecombdapi.com
2026-08-11T04:52:08.744836Z  INFO meow_listener::socks5: 127.0.0.1:62367 --> ecom-normal-m.ecombdapi.com:443 match MATCH() using DIRECT
2026-08-11T04:52:08.744934Z DEBUG meow_listener::sniffer: sniffer: 127.0.0.1:62378 --> 28.0.0.187:443 (tcp) → ma5-normal-hl.zijieapi.com
2026-08-11T04:52:08.744945Z DEBUG meow_listener::socks5: SOCKS5 CONNECT to 28.0.0.187:443
2026-08-11T04:52:08.744955Z DEBUG meow_tunnel::tunnel: pre_handle_metadata: fake-ip 28.0.0.187 → ma5-normal-hl.zijieapi.com
2026-08-11T04:52:08.744975Z  INFO meow_listener::socks5: 127.0.0.1:62378 --> ma5-normal-hl.zijieapi.com:443 match RULE-SET(reject-domain) using Block
2026-08-11T04:52:08.745238Z DEBUG meow_listener::sniffer: sniffer: 127.0.0.1:62393 --> 28.0.0.191:443 (tcp) → webcast-core-m.amemv.com
2026-08-11T04:52:08.745271Z DEBUG meow_listener::socks5: SOCKS5 CONNECT to 28.0.0.191:443
2026-08-11T04:52:08.745282Z DEBUG meow_tunnel::tunnel: pre_handle_metadata: fake-ip 28.0.0.191 → webcast-core-m.amemv.com
2026-08-11T04:52:08.745297Z  INFO meow_listener::socks5: 127.0.0.1:62393 --> webcast-core-m.amemv.com:443 match MATCH() using DIRECT
2026-08-11T04:52:08.745513Z DEBUG meow_listener::sniffer: sniffer: 127.0.0.1:62395 --> 28.0.0.195:443 (tcp) → webcast-normal-m.amemv.com
2026-08-11T04:52:08.745527Z DEBUG meow_listener::socks5: SOCKS5 CONNECT to 28.0.0.195:443
2026-08-11T04:52:08.745535Z DEBUG meow_tunnel::tunnel: pre_handle_metadata: fake-ip 28.0.0.195 → webcast-normal-m.amemv.com
2026-08-11T04:52:08.745549Z  INFO meow_listener::socks5: 127.0.0.1:62395 --> webcast-normal-m.amemv.com:443 match MATCH() using DIRECT
2026-08-11T04:52:08.768404Z DEBUG meow_tunnel::tunnel: pre_handle_metadata: fake-ip 28.0.0.179 → ecom5-normal-hl.ecombdapi.com
2026-08-11T04:52:08.788474Z DEBUG meow_tunnel::tunnel: pre_handle_metadata: fake-ip 28.0.0.199 → webcast5-normal-lf.amemv.com
2026-08-11T04:52:08.793945Z DEBUG meow_tunnel::tunnel: pre_handle_metadata: fake-ip 28.0.0.194 → webcast5-core-hl.amemv.com
2026-08-11T04:52:08.822346Z DEBUG meow_tunnel::tunnel: pre_handle_metadata: fake-ip 28.0.0.199 → webcast5-normal-lf.amemv.com
2026-08-11T04:52:08.845436Z DEBUG meow_listener::socks5: SOCKS5 relay closed: up=719 down=254
2026-08-11T04:52:08.862035Z DEBUG meow_listener::socks5: SOCKS5 relay closed: up=724 down=254
2026-08-11T04:52:08.867362Z DEBUG meow_listener::socks5: SOCKS5 relay closed: up=724 down=254
2026-08-11T04:52:08.870224Z DEBUG meow_listener::socks5: SOCKS5 relay closed: up=675 down=533
2026-08-11T04:52:08.878268Z DEBUG meow_listener::socks5: SOCKS5 relay closed: up=723 down=254
2026-08-11T04:52:08.881985Z DEBUG meow_listener::socks5: SOCKS5 relay closed: up=673 down=4898
2026-08-11T04:52:09.418789Z  WARN meow_ios_ffi::tun2socks: UDP first-reply deadline exceeded for (172.19.0.1:8774, 39.172.138.22:3228) after 10000 ms; evicting session
2026-08-11T04:52:09.418808Z  WARN meow_ios_ffi::tun2socks: UDP first-reply deadline exceeded for (172.19.0.1:8774, 111.193.131.152:4500) after 10000 ms; evicting session
2026-08-11T04:52:09.419763Z DEBUG meow_listener::socks5_udp: SOCKS5 UDP ASSOCIATE from 127.0.0.1:62275 closed; tearing down 1 sessions
2026-08-11T04:52:09.419784Z DEBUG meow_listener::socks5_udp: SOCKS5 UDP ASSOCIATE from 127.0.0.1:62274 closed; tearing down 1 sessions
2026-08-11T04:52:09.421522Z  WARN meow_ios_ffi::tun2socks: UDP first-reply deadline exceeded for (172.19.0.1:8774, 182.200.23.34:15305) after 10000 ms; evicting session
2026-08-11T04:52:09.421800Z DEBUG meow_listener::socks5_udp: SOCKS5 UDP ASSOCIATE from 127.0.0.1:62276 closed; tearing down 1 sessions
2026-08-11T04:52:10.052071Z DEBUG meow_dns::server: DNS query: bsync3-normal-hj.zijieapi.com type=1
2026-08-11T04:52:10.053945Z DEBUG meow_listener::sniffer: sniffer: 127.0.0.1:62414 --> 28.0.1.54:443 (tcp) → bsync3-normal-hj.zijieapi.com
2026-08-11T04:52:10.053969Z DEBUG meow_listener::socks5: SOCKS5 CONNECT to 28.0.1.54:443
2026-08-11T04:52:10.053981Z DEBUG meow_tunnel::tunnel: pre_handle_metadata: fake-ip 28.0.1.54 → bsync3-normal-hj.zijieapi.com
2026-08-11T04:52:10.054012Z  INFO meow_listener::socks5: 127.0.0.1:62414 --> bsync3-normal-hj.zijieapi.com:443 match RULE-SET(reject-domain) using Block
2026-08-11T04:52:10.353453Z DEBUG meow_listener::socks5: SOCKS5 relay error: Connection reset by peer (os error 54)
2026-08-11T04:52:10.376291Z DEBUG meow_listener::sniffer: sniffer: 127.0.0.1:62416 --> 28.0.4.125:443 (tcp) → cky5apawmyjec.v1d.pkoplink.com
2026-08-11T04:52:10.376355Z DEBUG meow_listener::socks5: SOCKS5 CONNECT to 28.0.4.125:443
2026-08-11T04:52:10.376394Z DEBUG meow_tunnel::tunnel: pre_handle_metadata: fake-ip 28.0.4.125 → cky5apawmyjec.v1d.pkoplink.com
2026-08-11T04:52:10.376476Z  INFO meow_listener::socks5: 127.0.0.1:62416 --> cky5apawmyjec.v1d.pkoplink.com:443 match MATCH() using DIRECT
2026-08-11T04:52:11.079095Z DEBUG meow_listener::socks5: SOCKS5 relay closed: up=1792 down=670
2026-08-11T04:52:11.589526Z  WARN meow_ios_ffi::tun2socks: UDP first-reply deadline exceeded for (172.19.0.1:8774, 223.90.172.179:53258) after 10000 ms; evicting session
2026-08-11T04:52:11.589610Z  WARN meow_ios_ffi::tun2socks: UDP first-reply deadline exceeded for (172.19.0.1:8774, 39.162.152.139:34984) after 10000 ms; evicting session
2026-08-11T04:52:11.589963Z  WARN meow_ios_ffi::tun2socks: UDP first-reply deadline exceeded for (172.19.0.1:8774, 223.98.218.249:17667) after 10000 ms; evicting session
2026-08-11T04:52:11.590004Z  WARN meow_ios_ffi::tun2socks: UDP first-reply deadline exceeded for (172.19.0.1:8774, 117.151.191.165:57993) after 10000 ms; evicting session
2026-08-11T04:52:11.590134Z DEBUG meow_listener::socks5_udp: SOCKS5 UDP ASSOCIATE from 127.0.0.1:62281 closed; tearing down 1 sessions
2026-08-11T04:52:11.590342Z DEBUG meow_listener::socks5_udp: SOCKS5 UDP ASSOCIATE from 127.0.0.1:62283 closed; tearing down 1 sessions
2026-08-11T04:52:11.590420Z  WARN meow_ios_ffi::tun2socks: UDP first-reply deadline exceeded for (172.19.0.1:8774, 112.7.40.220:42285) after 10000 ms; evicting session
2026-08-11T04:52:11.590538Z DEBUG meow_listener::socks5_udp: SOCKS5 UDP ASSOCIATE from 127.0.0.1:62280 closed; tearing down 1 sessions
2026-08-11T04:52:11.590558Z DEBUG meow_listener::socks5_udp: SOCKS5 UDP ASSOCIATE from 127.0.0.1:62282 closed; tearing down 1 sessions
2026-08-11T04:52:11.590821Z DEBUG meow_listener::socks5_udp: SOCKS5 UDP ASSOCIATE from 127.0.0.1:62284 closed; tearing down 1 sessions
2026-08-11T04:52:11.592061Z  WARN meow_ios_ffi::tun2socks: UDP first-reply deadline exceeded for (172.19.0.1:8774, 223.96.98.103:2929) after 10000 ms; evicting session
2026-08-11T04:52:11.592409Z DEBUG meow_listener::socks5_udp: SOCKS5 UDP ASSOCIATE from 127.0.0.1:62285 closed; tearing down 1 sessions
2026-08-11T04:52:11.675326Z  WARN meow_ios_ffi::tun2socks: UDP first-reply deadline exceeded for (172.19.0.1:8774, 223.98.218.249:19568) after 10000 ms; evicting session
2026-08-11T04:52:11.675916Z DEBUG meow_listener::socks5_udp: SOCKS5 UDP ASSOCIATE from 127.0.0.1:62286 closed; tearing down 1 sessions
2026-08-11T04:52:11.676431Z  WARN meow_ios_ffi::tun2socks: UDP first-reply deadline exceeded for (172.19.0.1:8774, 117.151.191.165:58144) after 10000 ms; evicting session
2026-08-11T04:52:11.676523Z  WARN meow_ios_ffi::tun2socks: UDP first-reply deadline exceeded for (172.19.0.1:8774, 223.90.172.179:54114) after 10000 ms; evicting session
2026-08-11T04:52:11.676730Z DEBUG meow_listener::socks5_udp: SOCKS5 UDP ASSOCIATE from 127.0.0.1:62287 closed; tearing down 1 sessions
2026-08-11T04:52:11.676767Z DEBUG meow_listener::socks5_udp: SOCKS5 UDP ASSOCIATE from 127.0.0.1:62288 closed; tearing down 1 sessions
2026-08-11T04:52:11.782119Z DEBUG meow_listener::socks5_udp: SOCKS5 UDP ASSOCIATE from 127.0.0.1:62419: relay bound on 127.0.0.1:61100
2026-08-11T04:52:11.782150Z DEBUG meow_listener::socks5_udp: SOCKS5 UDP ASSOCIATE from 127.0.0.1:62418: relay bound on 127.0.0.1:55062
2026-08-11T04:52:11.782455Z DEBUG meow_tunnel::tunnel: pre_handle_metadata: fake-ip 28.0.3.241 → vc-brain-hl.ndcpp.com
2026-08-11T04:52:11.782595Z DEBUG meow_tunnel::tunnel: pre_handle_metadata: fake-ip 28.0.3.241 → vc-brain-hl.ndcpp.com
2026-08-11T04:52:12.285269Z DEBUG meow_tunnel::tunnel: pre_handle_metadata: fake-ip 28.0.3.241 → vc-brain-hl.ndcpp.com
2026-08-11T04:52:12.285341Z DEBUG meow_tunnel::tunnel: pre_handle_metadata: fake-ip 28.0.3.241 → vc-brain-hl.ndcpp.com
2026-08-11T04:52:12.787942Z DEBUG meow_tunnel::tunnel: pre_handle_metadata: fake-ip 28.0.3.241 → vc-brain-hl.ndcpp.com
2026-08-11T04:52:12.788065Z DEBUG meow_tunnel::tunnel: pre_handle_metadata: fake-ip 28.0.3.241 → vc-brain-hl.ndcpp.com
2026-08-11T04:52:13.049076Z DEBUG meow_dns::server: DNS query: signal-t1-v6-az1.rtcxyz.com type=1
2026-08-11T04:52:13.240362Z DEBUG meow_listener::socks5: SOCKS5 relay error: Broken pipe (os error 32)
2026-08-11T04:52:13.293046Z DEBUG meow_tunnel::tunnel: pre_handle_metadata: fake-ip 28.0.3.241 → vc-brain-hl.ndcpp.com
2026-08-11T04:52:13.322015Z DEBUG meow_listener::sniffer: sniffer: 127.0.0.1:62421 --> 28.0.4.125:443 (tcp) → cky5apawmyjec.v1d.pkoplink.com
2026-08-11T04:52:13.322067Z DEBUG meow_listener::socks5: SOCKS5 CONNECT to 28.0.4.125:443
2026-08-11T04:52:13.322091Z DEBUG meow_tunnel::tunnel: pre_handle_metadata: fake-ip 28.0.4.125 → cky5apawmyjec.v1d.pkoplink.com
2026-08-11T04:52:13.322146Z  INFO meow_listener::socks5: 127.0.0.1:62421 --> cky5apawmyjec.v1d.pkoplink.com:443 match MATCH() using DIRECT
2026-08-11T04:52:13.796562Z DEBUG meow_tunnel::tunnel: pre_handle_metadata: fake-ip 28.0.3.241 → vc-brain-hl.ndcpp.com
2026-08-11T04:52:14.297792Z DEBUG meow_tunnel::tunnel: pre_handle_metadata: fake-ip 28.0.3.241 → vc-brain-hl.ndcpp.com
2026-08-11T04:52:14.603095Z DEBUG meow_listener::sniffer: sniffer: 127.0.0.1:62424 --> 28.0.4.125:443 (tcp) → cky5apawmyjec.v1d.pkoplink.com
2026-08-11T04:52:14.603180Z DEBUG meow_listener::socks5: SOCKS5 CONNECT to 28.0.4.125:443
2026-08-11T04:52:14.603223Z DEBUG meow_tunnel::tunnel: pre_handle_metadata: fake-ip 28.0.4.125 → cky5apawmyjec.v1d.pkoplink.com
2026-08-11T04:52:14.603311Z  INFO meow_listener::socks5: 127.0.0.1:62424 --> cky5apawmyjec.v1d.pkoplink.com:443 match MATCH() using DIRECT
2026-08-11T04:52:14.613685Z DEBUG meow_listener::socks5: SOCKS5 relay closed: up=612 down=245
2026-08-11T04:52:14.803527Z DEBUG meow_tunnel::tunnel: pre_handle_metadata: fake-ip 28.0.3.241 → vc-brain-hl.ndcpp.com
2026-08-11T04:52:14.947154Z DEBUG meow_listener::socks5: SOCKS5 relay closed: up=1314 down=67290
2026-08-11T04:52:15.306729Z DEBUG meow_tunnel::tunnel: pre_handle_metadata: fake-ip 28.0.3.241 → vc-brain-hl.ndcpp.com
2026-08-11T04:52:15.841858Z DEBUG meow_listener::sniffer: sniffer: 127.0.0.1:62427 --> 28.0.4.125:443 (tcp) → cky5apawmyjec.v1d.pkoplink.com
2026-08-11T04:52:15.842017Z DEBUG meow_listener::socks5: SOCKS5 CONNECT to 28.0.4.125:443
2026-08-11T04:52:15.842063Z DEBUG meow_tunnel::tunnel: pre_handle_metadata: fake-ip 28.0.4.125 → cky5apawmyjec.v1d.pkoplink.com
2026-08-11T04:52:15.842150Z  INFO meow_listener::socks5: 127.0.0.1:62427 --> cky5apawmyjec.v1d.pkoplink.com:443 match MATCH() using DIRECT
2026-08-11T04:52:15.985524Z DEBUG meow_listener::socks5: SOCKS5 relay closed: up=612 down=245
2026-08-11T04:52:16.781078Z DEBUG meow_dns::server: DNS query: www.bytedance.com type=1
2026-08-11T04:52:16.785228Z DEBUG meow_listener::socks5: SOCKS5 CONNECT to 28.0.0.148:443
2026-08-11T04:52:16.785290Z DEBUG meow_tunnel::tunnel: pre_handle_metadata: fake-ip 28.0.0.148 → www.bytedance.com
2026-08-11T04:52:16.785733Z  INFO meow_listener::socks5: 127.0.0.1:62430 --> www.bytedance.com:443 match RULE-SET(reject-domain) using Block
2026-08-11T04:52:16.977113Z DEBUG meow_listener::socks5: SOCKS5 relay closed: up=642 down=3657
2026-08-11T04:52:19.794412Z DEBUG meow_listener::socks5: SOCKS5 relay closed: up=517 down=0
2026-08-11T04:52:20.094452Z  WARN meow_ios_ffi::tun2socks: tun2socks: mixed-listener dial deadline exceeded for 172.19.0.1:62413 -> 28.0.1.54:443 after 10000 ms; dropping flow
2026-08-11T04:52:20.100990Z DEBUG meow_listener::sniffer: sniffer: 127.0.0.1:62432 --> 28.0.1.54:443 (tcp) → bsync3-normal-hj.zijieapi.com
2026-08-11T04:52:20.101040Z DEBUG meow_listener::socks5: SOCKS5 CONNECT to 28.0.1.54:443
2026-08-11T04:52:20.101076Z DEBUG meow_tunnel::tunnel: pre_handle_metadata: fake-ip 28.0.1.54 → bsync3-normal-hj.zijieapi.com
2026-08-11T04:52:20.101136Z  INFO meow_listener::socks5: 127.0.0.1:62432 --> bsync3-normal-hj.zijieapi.com:443 match RULE-SET(reject-domain) using Block
2026-08-11T04:52:21.784305Z  WARN meow_ios_ffi::tun2socks: UDP first-reply deadline exceeded for (172.19.0.1:8568, 28.0.3.241:9681) after 10000 ms; evicting session
2026-08-11T04:52:21.784404Z  WARN meow_ios_ffi::tun2socks: UDP first-reply deadline exceeded for (172.19.0.1:8568, 28.0.3.241:9681) after 10000 ms; evicting session
2026-08-11T04:52:21.784829Z DEBUG meow_listener::socks5_udp: SOCKS5 UDP ASSOCIATE from 127.0.0.1:62418 closed; tearing down 1 sessions
2026-08-11T04:52:21.785096Z DEBUG meow_listener::socks5_udp: SOCKS5 UDP ASSOCIATE from 127.0.0.1:62419 closed; tearing down 1 sessions
2026-08-11T04:52:23.835388Z DEBUG meow_tunnel::tunnel: pre_handle_metadata: fake-ip 28.0.0.189 → search5-search-hl.amemv.com
2026-08-11T04:52:23.950393Z DEBUG meow_tunnel::tunnel: pre_handle_metadata: fake-ip 28.0.0.189 → search5-search-hl.amemv.com
2026-08-11T04:52:24.009359Z DEBUG meow_listener::socks5: SOCKS5 relay closed: up=517 down=0
2026-08-11T04:52:25.295779Z DEBUG meow_listener::socks5_udp: SOCKS5 UDP ASSOCIATE from 127.0.0.1:62433: relay bound on 127.0.0.1:55950
2026-08-11T04:52:25.296289Z DEBUG meow_tunnel::tunnel: pre_handle_metadata: fake-ip 28.0.3.241 → vc-brain-hl.ndcpp.com
2026-08-11T04:52:25.801097Z DEBUG meow_tunnel::tunnel: pre_handle_metadata: fake-ip 28.0.3.241 → vc-brain-hl.ndcpp.com
2026-08-11T04:52:26.306976Z DEBUG meow_tunnel::tunnel: pre_handle_metadata: fake-ip 28.0.3.241 → vc-brain-hl.ndcpp.com
2026-08-11T04:52:26.811765Z DEBUG meow_tunnel::tunnel: pre_handle_metadata: fake-ip 28.0.3.241 → vc-brain-hl.ndcpp.com
2026-08-11T04:52:27.314590Z DEBUG meow_tunnel::tunnel: pre_handle_metadata: fake-ip 28.0.3.241 → vc-brain-hl.ndcpp.com
2026-08-11T04:52:28.769366Z DEBUG meow_tunnel::tunnel: pre_handle_metadata: fake-ip 28.0.0.179 → ecom5-normal-hl.ecombdapi.com
2026-08-11T04:52:28.795159Z DEBUG meow_tunnel::tunnel: pre_handle_metadata: fake-ip 28.0.0.194 → webcast5-core-hl.amemv.com
2026-08-11T04:52:28.824438Z DEBUG meow_tunnel::tunnel: pre_handle_metadata: fake-ip 28.0.0.199 → webcast5-normal-lf.amemv.com
2026-08-11T04:52:31.848869Z DEBUG meow_listener::sniffer: sniffer: 127.0.0.1:62435 --> 28.0.3.204:443 (tcp) → mssdk3-normal-hj.zijieapi.com
2026-08-11T04:52:31.848917Z DEBUG meow_listener::socks5: SOCKS5 CONNECT to 28.0.3.204:443
2026-08-11T04:52:31.848942Z DEBUG meow_tunnel::tunnel: pre_handle_metadata: fake-ip 28.0.3.204 → mssdk3-normal-hj.zijieapi.com
2026-08-11T04:52:31.848990Z  INFO meow_listener::socks5: 127.0.0.1:62435 --> mssdk3-normal-hj.zijieapi.com:443 match RULE-SET(reject-domain) using Block
2026-08-11T04:52:32.466431Z DEBUG meow_listener::socks5: SOCKS5 relay closed: up=0 down=0
2026-08-11T04:52:34.361344Z DEBUG meow_listener::socks5_udp: SOCKS5 UDP ASSOCIATE from 127.0.0.1:62436: relay bound on 127.0.0.1:57197
2026-08-11T04:52:34.361485Z DEBUG meow_listener::socks5_udp: SOCKS5 UDP ASSOCIATE from 127.0.0.1:62437: relay bound on 127.0.0.1:52336
2026-08-11T04:52:34.470430Z DEBUG meow_listener::socks5_udp: SOCKS5 UDP ASSOCIATE from 127.0.0.1:62438: relay bound on 127.0.0.1:56437
2026-08-11T04:52:34.664331Z DEBUG meow_listener::socks5: SOCKS5 relay closed: up=517 down=2760
2026-08-11T04:52:35.297474Z  WARN meow_ios_ffi::tun2socks: UDP first-reply deadline exceeded for (172.19.0.1:8568, 28.0.3.241:9681) after 10000 ms; evicting session
2026-08-11T04:52:35.298026Z DEBUG meow_listener::socks5_udp: SOCKS5 UDP ASSOCIATE from 127.0.0.1:62433 closed; tearing down 1 sessions
2026-08-11T04:52:36.901976Z DEBUG meow_dns::server: DNS query: api5-core-zjg.amemv.com type=1
2026-08-11T04:52:36.903305Z DEBUG meow_listener::socks5_udp: SOCKS5 UDP ASSOCIATE from 127.0.0.1:62439: relay bound on 127.0.0.1:57394
2026-08-11T04:52:36.903753Z DEBUG meow_tunnel::tunnel: pre_handle_metadata: fake-ip 28.0.2.160 → api5-core-zjg.amemv.com
2026-08-11T04:52:36.903807Z DEBUG meow_dns::resolver: DNS lookup: api5-core-zjg.amemv.com
2026-08-11T04:52:36.960780Z DEBUG meow_tunnel::tunnel: pre_handle_metadata: fake-ip 28.0.2.160 → api5-core-zjg.amemv.com
2026-08-11T04:52:36.984188Z DEBUG meow_tunnel::tunnel: pre_handle_metadata: fake-ip 28.0.2.160 → api5-core-zjg.amemv.com
2026-08-11T04:52:36.985470Z DEBUG meow_tunnel::tunnel: pre_handle_metadata: fake-ip 28.0.2.160 → api5-core-zjg.amemv.com
2026-08-11T04:52:36.985753Z DEBUG meow_tunnel::tunnel: pre_handle_metadata: fake-ip 28.0.2.160 → api5-core-zjg.amemv.com
2026-08-11T04:52:36.985866Z DEBUG meow_tunnel::tunnel: pre_handle_metadata: fake-ip 28.0.2.160 → api5-core-zjg.amemv.com
2026-08-11T04:52:36.985946Z DEBUG meow_tunnel::tunnel: pre_handle_metadata: fake-ip 28.0.2.160 → api5-core-zjg.amemv.com
2026-08-11T04:52:36.986023Z DEBUG meow_tunnel::tunnel: pre_handle_metadata: fake-ip 28.0.2.160 → api5-core-zjg.amemv.com
2026-08-11T04:52:37.057291Z DEBUG meow_listener::socks5_udp: SOCKS5 UDP ASSOCIATE from 127.0.0.1:62444: relay bound on 127.0.0.1:62367
2026-08-11T04:52:37.057298Z DEBUG meow_listener::socks5_udp: SOCKS5 UDP ASSOCIATE from 127.0.0.1:62446: relay bound on 127.0.0.1:59999
2026-08-11T04:52:37.057457Z DEBUG meow_listener::socks5_udp: SOCKS5 UDP ASSOCIATE from 127.0.0.1:62445: relay bound on 127.0.0.1:59361
2026-08-11T04:52:37.169730Z DEBUG meow_tunnel::tunnel: pre_handle_metadata: fake-ip 28.0.2.160 → api5-core-zjg.amemv.com
2026-08-11T04:52:37.195048Z DEBUG meow_tunnel::tunnel: pre_handle_metadata: fake-ip 28.0.2.160 → api5-core-zjg.amemv.com
2026-08-11T04:52:37.241280Z DEBUG meow_tunnel::tunnel: pre_handle_metadata: fake-ip 28.0.2.160 → api5-core-zjg.amemv.com
2026-08-11T04:52:38.427494Z DEBUG meow_listener::socks5: SOCKS5 relay closed: up=1142 down=7114
2026-08-11T04:52:39.813698Z DEBUG meow_listener::socks5_udp: SOCKS5 UDP ASSOCIATE from 127.0.0.1:62447: relay bound on 127.0.0.1:59441
2026-08-11T04:52:39.814173Z DEBUG meow_tunnel::tunnel: pre_handle_metadata: fake-ip 28.0.3.241 → vc-brain-hl.ndcpp.com
2026-08-11T04:52:40.255003Z DEBUG meow_dns::server: DNS query: signal-t1-v6-az2-01.rtcxyz.com type=1
2026-08-11T04:52:40.318777Z DEBUG meow_tunnel::tunnel: pre_handle_metadata: fake-ip 28.0.3.241 → vc-brain-hl.ndcpp.com
2026-08-11T04:52:40.822107Z DEBUG meow_tunnel::tunnel: pre_handle_metadata: fake-ip 28.0.3.241 → vc-brain-hl.ndcpp.com
2026-08-11T04:52:41.328076Z DEBUG meow_tunnel::tunnel: pre_handle_metadata: fake-ip 28.0.3.241 → vc-brain-hl.ndcpp.com
2026-08-11T04:52:41.829992Z DEBUG meow_tunnel::tunnel: pre_handle_metadata: fake-ip 28.0.3.241 → vc-brain-hl.ndcpp.com
2026-08-11T04:52:41.892731Z  WARN meow_ios_ffi::tun2socks: tun2socks: mixed-listener dial deadline exceeded for 172.19.0.1:62434 -> 28.0.3.204:443 after 10000 ms; dropping flow
2026-08-11T04:52:41.897218Z DEBUG meow_listener::sniffer: sniffer: 127.0.0.1:62449 --> 28.0.3.204:443 (tcp) → mssdk3-normal-hj.zijieapi.com
2026-08-11T04:52:41.897256Z DEBUG meow_listener::socks5: SOCKS5 CONNECT to 28.0.3.204:443
2026-08-11T04:52:41.897283Z DEBUG meow_tunnel::tunnel: pre_handle_metadata: fake-ip 28.0.3.204 → mssdk3-normal-hj.zijieapi.com
2026-08-11T04:52:41.897325Z  INFO meow_listener::socks5: 127.0.0.1:62449 --> mssdk3-normal-hj.zijieapi.com:443 match RULE-SET(reject-domain) using Block
2026-08-11T04:52:43.837132Z DEBUG meow_tunnel::tunnel: pre_handle_metadata: fake-ip 28.0.0.189 → search5-search-hl.amemv.com
2026-08-11T04:52:43.837244Z DEBUG meow_dns::resolver: DNS lookup: search5-search-hl.amemv.com
2026-08-11T04:52:46.900407Z DEBUG meow_listener::socks5: SOCKS5 CONNECT to 28.0.0.148:443
2026-08-11T04:52:46.900479Z DEBUG meow_tunnel::tunnel: pre_handle_metadata: fake-ip 28.0.0.148 → www.bytedance.com
2026-08-11T04:52:46.900542Z  INFO meow_listener::socks5: 127.0.0.1:62455 --> www.bytedance.com:443 match RULE-SET(reject-domain) using Block
2026-08-11T04:52:47.059828Z  WARN meow_ios_ffi::tun2socks: UDP first-reply deadline exceeded for (172.19.0.1:61077, 39.135.60.229:8000) after 10000 ms; evicting session
2026-08-11T04:52:47.059844Z  WARN meow_ios_ffi::tun2socks: UDP first-reply deadline exceeded for (172.19.0.1:61077, 39.135.60.229:8000) after 10000 ms; evicting session
2026-08-11T04:52:47.060195Z  WARN meow_ios_ffi::tun2socks: UDP first-reply deadline exceeded for (172.19.0.1:61077, 39.135.60.229:8000) after 10000 ms; evicting session
2026-08-11T04:52:47.060314Z DEBUG meow_listener::socks5_udp: SOCKS5 UDP ASSOCIATE from 127.0.0.1:62445 closed; tearing down 1 sessions
2026-08-11T04:52:47.060782Z DEBUG meow_listener::socks5_udp: SOCKS5 UDP ASSOCIATE from 127.0.0.1:62446 closed; tearing down 1 sessions
2026-08-11T04:52:47.061200Z DEBUG meow_listener::socks5_udp: SOCKS5 UDP ASSOCIATE from 127.0.0.1:62444 closed; tearing down 1 sessions
2026-08-11T04:52:48.771075Z DEBUG meow_tunnel::tunnel: pre_handle_metadata: fake-ip 28.0.0.179 → ecom5-normal-hl.ecombdapi.com
2026-08-11T04:52:48.796846Z DEBUG meow_tunnel::tunnel: pre_handle_metadata: fake-ip 28.0.0.194 → webcast5-core-hl.amemv.com
2026-08-11T04:52:48.796948Z DEBUG meow_dns::resolver: DNS lookup: webcast5-core-hl.amemv.com
2026-08-11T04:52:48.825749Z DEBUG meow_tunnel::tunnel: pre_handle_metadata: fake-ip 28.0.0.199 → webcast5-normal-lf.amemv.com
2026-08-11T04:52:48.825838Z DEBUG meow_dns::resolver: DNS lookup: webcast5-normal-lf.amemv.com
2026-08-11T04:52:49.816799Z  WARN meow_ios_ffi::tun2socks: UDP first-reply deadline exceeded for (172.19.0.1:8568, 28.0.3.241:9681) after 10000 ms; evicting session
2026-08-11T04:52:49.817557Z DEBUG meow_listener::socks5_udp: SOCKS5 UDP ASSOCIATE from 127.0.0.1:62447 closed; tearing down 1 sessions
2026-08-11T04:52:52.658752Z DEBUG meow_listener::socks5: SOCKS5 CONNECT to 28.0.0.148:443
2026-08-11T04:52:52.658853Z DEBUG meow_tunnel::tunnel: pre_handle_metadata: fake-ip 28.0.0.148 → www.bytedance.com
2026-08-11T04:52:52.658930Z  INFO meow_listener::socks5: 127.0.0.1:62465 --> www.bytedance.com:443 match RULE-SET(reject-domain) using Block
2026-08-11T04:52:52.757468Z DEBUG meow_listener::socks5: SOCKS5 relay closed: up=1278 down=13230
2026-08-11T04:52:52.859472Z DEBUG meow_tunnel::tunnel: pre_handle_metadata: fake-ip 28.0.2.160 → api5-core-zjg.amemv.com
2026-08-11T04:52:52.859966Z DEBUG meow_tunnel::tunnel: pre_handle_metadata: fake-ip 28.0.2.160 → api5-core-zjg.amemv.com
2026-08-11T04:52:52.860176Z DEBUG meow_tunnel::tunnel: pre_handle_metadata: fake-ip 28.0.2.160 → api5-core-zjg.amemv.com
2026-08-11T04:52:52.860432Z DEBUG meow_tunnel::tunnel: pre_handle_metadata: fake-ip 28.0.2.160 → api5-core-zjg.amemv.com
2026-08-11T04:52:52.860639Z DEBUG meow_tunnel::tunnel: pre_handle_metadata: fake-ip 28.0.2.160 → api5-core-zjg.amemv.com
2026-08-11T04:52:52.860808Z DEBUG meow_tunnel::tunnel: pre_handle_metadata: fake-ip 28.0.2.160 → api5-core-zjg.amemv.com
2026-08-11T04:52:52.897331Z DEBUG meow_tunnel::tunnel: pre_handle_metadata: fake-ip 28.0.2.160 → api5-core-zjg.amemv.com
2026-08-11T04:52:52.897499Z DEBUG meow_tunnel::tunnel: pre_handle_metadata: fake-ip 28.0.2.160 → api5-core-zjg.amemv.com
2026-08-11T04:52:53.045534Z DEBUG meow_tunnel::tunnel: pre_handle_metadata: fake-ip 28.0.2.160 → api5-core-zjg.amemv.com
2026-08-11T04:52:54.338038Z DEBUG meow_listener::socks5_udp: SOCKS5 UDP ASSOCIATE from 127.0.0.1:62466: relay bound on 127.0.0.1:63105
2026-08-11T04:52:54.338645Z DEBUG meow_tunnel::tunnel: pre_handle_metadata: fake-ip 28.0.3.241 → vc-brain-hl.ndcpp.com
2026-08-11T04:52:54.842864Z DEBUG meow_tunnel::tunnel: pre_handle_metadata: fake-ip 28.0.3.241 → vc-brain-hl.ndcpp.com
2026-08-11T04:52:55.046175Z  INFO meow_ios_ffi::tun2socks: UDP reply reader idle (both directions) > 60s for (172.19.0.1:65062, 28.0.0.149:9681); evicting session
2026-08-11T04:52:55.047077Z DEBUG meow_listener::socks5_udp: SOCKS5 UDP ASSOCIATE from 127.0.0.1:62241 closed; tearing down 1 sessions
2026-08-11T04:52:55.347922Z DEBUG meow_tunnel::tunnel: pre_handle_metadata: fake-ip 28.0.3.241 → vc-brain-hl.ndcpp.com
2026-08-11T04:52:55.853733Z DEBUG meow_tunnel::tunnel: pre_handle_metadata: fake-ip 28.0.3.241 → vc-brain-hl.ndcpp.com
2026-08-11T04:52:55.935344Z DEBUG meow_listener::socks5: SOCKS5 relay closed: up=268 down=0
2026-08-11T04:52:56.355956Z DEBUG meow_tunnel::tunnel: pre_handle_metadata: fake-ip 28.0.3.241 → vc-brain-hl.ndcpp.com
2026-08-11T04:52:58.694875Z DEBUG meow_listener::socks5: SOCKS5 relay closed: up=5550 down=1317632
2026-08-11T04:52:59.431936Z  INFO meow_ios_ffi::tun2socks: UDP reply reader idle (both directions) > 60s for (172.19.0.1:8774, 28.0.0.149:9681); evicting session
2026-08-11T04:52:59.432542Z DEBUG meow_listener::socks5_udp: SOCKS5 UDP ASSOCIATE from 127.0.0.1:62273 closed; tearing down 1 sessions
2026-08-11T04:52:59.830481Z DEBUG meow_listener::socks5: SOCKS5 relay closed: up=517 down=0
2026-08-11T04:53:00.025111Z  INFO meow_ios_ffi::tun2socks: UDP reply reader idle (both directions) > 60s for (172.19.0.1:8774, 28.0.2.181:9681); evicting session
2026-08-11T04:53:00.025785Z DEBUG meow_listener::socks5_udp: SOCKS5 UDP ASSOCIATE from 127.0.0.1:62279 closed; tearing down 1 sessions
2026-08-11T04:53:03.838878Z DEBUG meow_tunnel::tunnel: pre_handle_metadata: fake-ip 28.0.0.189 → search5-search-hl.amemv.com
2026-08-11T04:53:04.154437Z DEBUG meow_listener::socks5_udp: SOCKS5 UDP ASSOCIATE from 127.0.0.1:62472: relay bound on 127.0.0.1:51070
2026-08-11T04:53:04.154624Z DEBUG meow_listener::socks5_udp: SOCKS5 UDP ASSOCIATE from 127.0.0.1:62471: relay bound on 127.0.0.1:60789
2026-08-11T04:53:04.155528Z DEBUG meow_listener::socks5: SOCKS5 relay closed: up=1297 down=13489
2026-08-11T04:53:04.248329Z DEBUG meow_listener::socks5_udp: SOCKS5 UDP ASSOCIATE from 127.0.0.1:62473: relay bound on 127.0.0.1:65420
2026-08-11T04:53:04.340389Z  WARN meow_ios_ffi::tun2socks: UDP first-reply deadline exceeded for (172.19.0.1:8568, 28.0.3.241:9681) after 10000 ms; evicting session
2026-08-11T04:53:04.340569Z DEBUG meow_listener::socks5_udp: SOCKS5 UDP ASSOCIATE from 127.0.0.1:62466 closed; tearing down 1 sessions
2026-08-11T04:53:04.366838Z DEBUG meow_listener::socks5: SOCKS5 relay closed: up=1121 down=98380
2026-08-11T04:53:04.368210Z DEBUG meow_listener::sniffer: sniffer: 127.0.0.1:62475 --> 28.0.3.204:443 (tcp) → mssdk3-normal-hj.zijieapi.com
2026-08-11T04:53:04.368241Z DEBUG meow_listener::socks5: SOCKS5 CONNECT to 28.0.3.204:443
2026-08-11T04:53:04.368263Z DEBUG meow_tunnel::tunnel: pre_handle_metadata: fake-ip 28.0.3.204 → mssdk3-normal-hj.zijieapi.com
2026-08-11T04:53:04.368305Z  INFO meow_listener::socks5: 127.0.0.1:62475 --> mssdk3-normal-hj.zijieapi.com:443 match RULE-SET(reject-domain) using Block
2026-08-11T04:53:04.463088Z DEBUG meow_dns::server: DNS query: p11-webcast-sign.douyinpic.com type=1
2026-08-11T04:53:04.464997Z DEBUG meow_listener::sniffer: sniffer: 127.0.0.1:62477 --> 28.0.2.183:443 (tcp) → p11-webcast-sign.douyinpic.com
2026-08-11T04:53:04.465027Z DEBUG meow_listener::socks5: SOCKS5 CONNECT to 28.0.2.183:443
2026-08-11T04:53:04.465045Z DEBUG meow_tunnel::tunnel: pre_handle_metadata: fake-ip 28.0.2.183 → p11-webcast-sign.douyinpic.com
2026-08-11T04:53:04.465103Z  INFO meow_listener::socks5: 127.0.0.1:62477 --> p11-webcast-sign.douyinpic.com:443 match MATCH() using DIRECT
2026-08-11T04:53:04.465171Z DEBUG meow_dns::resolver: DNS lookup: p11-webcast-sign.douyinpic.com
2026-08-11T04:53:05.047385Z  INFO meow_ios_ffi::tun2socks: UDP reply reader idle (both directions) > 60s for (172.19.0.1:65062, 28.0.0.149:9681); evicting session
2026-08-11T04:53:05.047906Z DEBUG meow_listener::socks5_udp: SOCKS5 UDP ASSOCIATE from 127.0.0.1:62240 closed; tearing down 1 sessions
2026-08-11T04:53:08.747800Z DEBUG meow_listener::socks5: SOCKS5 relay closed: up=517 down=0
2026-08-11T04:53:08.766767Z DEBUG meow_listener::socks5: SOCKS5 relay error: Connection reset by peer (os error 54)
2026-08-11T04:53:08.771482Z DEBUG meow_tunnel::tunnel: pre_handle_metadata: fake-ip 28.0.0.179 → ecom5-normal-hl.ecombdapi.com
2026-08-11T04:53:08.771566Z DEBUG meow_dns::resolver: DNS lookup: ecom5-normal-hl.ecombdapi.com
2026-08-11T04:53:08.864265Z DEBUG meow_listener::socks5_udp: SOCKS5 UDP ASSOCIATE from 127.0.0.1:62488: relay bound on 127.0.0.1:60119
2026-08-11T04:53:08.864918Z DEBUG meow_tunnel::tunnel: pre_handle_metadata: fake-ip 28.0.3.241 → vc-brain-hl.ndcpp.com
2026-08-11T04:53:08.887301Z DEBUG meow_listener::socks5: SOCKS5 relay closed: up=675 down=658
2026-08-11T04:53:08.887285Z DEBUG meow_listener::socks5: SOCKS5 relay closed: up=673 down=4961
2026-08-11T04:53:09.365619Z DEBUG meow_tunnel::tunnel: pre_handle_metadata: fake-ip 28.0.3.241 → vc-brain-hl.ndcpp.com
2026-08-11T04:53:09.494905Z DEBUG meow_listener::socks5_udp: SOCKS5 UDP ASSOCIATE from 127.0.0.1:62491: relay bound on 127.0.0.1:58203
2026-08-11T04:53:09.494954Z DEBUG meow_listener::socks5_udp: SOCKS5 UDP ASSOCIATE from 127.0.0.1:62489: relay bound on 127.0.0.1:63966
2026-08-11T04:53:09.495144Z DEBUG meow_listener::socks5_udp: SOCKS5 UDP ASSOCIATE from 127.0.0.1:62490: relay bound on 127.0.0.1:54297
2026-08-11T04:53:09.495249Z DEBUG meow_listener::socks5_udp: SOCKS5 UDP ASSOCIATE from 127.0.0.1:62494: relay bound on 127.0.0.1:65049
2026-08-11T04:53:09.495509Z DEBUG meow_listener::socks5_udp: SOCKS5 UDP ASSOCIATE from 127.0.0.1:62493: relay bound on 127.0.0.1:63452
2026-08-11T04:53:09.495667Z DEBUG meow_listener::socks5_udp: SOCKS5 UDP ASSOCIATE from 127.0.0.1:62492: relay bound on 127.0.0.1:55717
2026-08-11T04:53:09.495944Z DEBUG meow_tunnel::tunnel: pre_handle_metadata: fake-ip 28.0.0.199 → webcast5-normal-lf.amemv.com
2026-08-11T04:53:09.495997Z DEBUG meow_dns::resolver: DNS lookup: webcast5-normal-lf.amemv.com
2026-08-11T04:53:09.496156Z DEBUG meow_tunnel::tunnel: pre_handle_metadata: fake-ip 28.0.0.199 → webcast5-normal-lf.amemv.com
2026-08-11T04:53:09.496357Z DEBUG meow_tunnel::tunnel: pre_handle_metadata: fake-ip 28.0.0.199 → webcast5-normal-lf.amemv.com
2026-08-11T04:53:09.496423Z DEBUG meow_tunnel::tunnel: pre_handle_metadata: fake-ip 28.0.0.199 → webcast5-normal-lf.amemv.com
2026-08-11T04:53:09.496669Z DEBUG meow_tunnel::tunnel: pre_handle_metadata: fake-ip 28.0.0.199 → webcast5-normal-lf.amemv.com
2026-08-11T04:53:09.496738Z DEBUG meow_tunnel::tunnel: pre_handle_metadata: fake-ip 28.0.0.199 → webcast5-normal-lf.amemv.com
2026-08-11T04:53:09.590335Z DEBUG meow_tunnel::tunnel: pre_handle_metadata: fake-ip 28.0.0.199 → webcast5-normal-lf.amemv.com
2026-08-11T04:53:09.744650Z DEBUG meow_tunnel::tunnel: pre_handle_metadata: fake-ip 28.0.0.189 → search5-search-hl.amemv.com
2026-08-11T04:53:09.745111Z DEBUG meow_tunnel::tunnel: pre_handle_metadata: fake-ip 28.0.0.189 → search5-search-hl.amemv.com
2026-08-11T04:53:09.745313Z DEBUG meow_tunnel::tunnel: pre_handle_metadata: fake-ip 28.0.0.189 → search5-search-hl.amemv.com
2026-08-11T04:53:09.745477Z DEBUG meow_tunnel::tunnel: pre_handle_metadata: fake-ip 28.0.0.189 → search5-search-hl.amemv.com
2026-08-11T04:53:09.821520Z DEBUG meow_listener::socks5_udp: SOCKS5 UDP ASSOCIATE from 127.0.0.1:62499: relay bound on 127.0.0.1:57481
2026-08-11T04:53:09.821837Z DEBUG meow_tunnel::tunnel: pre_handle_metadata: fake-ip 28.0.0.199 → webcast5-normal-lf.amemv.com
2026-08-11T04:53:09.822270Z DEBUG meow_tunnel::tunnel: pre_handle_metadata: fake-ip 28.0.0.199 → webcast5-normal-lf.amemv.com
2026-08-11T04:53:09.822384Z DEBUG meow_tunnel::tunnel: pre_handle_metadata: fake-ip 28.0.0.199 → webcast5-normal-lf.amemv.com
2026-08-11T04:53:09.822466Z DEBUG meow_tunnel::tunnel: pre_handle_metadata: fake-ip 28.0.0.199 → webcast5-normal-lf.amemv.com
2026-08-11T04:53:09.822544Z DEBUG meow_tunnel::tunnel: pre_handle_metadata: fake-ip 28.0.0.199 → webcast5-normal-lf.amemv.com
2026-08-11T04:53:09.822615Z DEBUG meow_tunnel::tunnel: pre_handle_metadata: fake-ip 28.0.0.199 → webcast5-normal-lf.amemv.com
2026-08-11T04:53:09.857179Z DEBUG meow_tunnel::tunnel: pre_handle_metadata: fake-ip 28.0.0.199 → webcast5-normal-lf.amemv.com
2026-08-11T04:53:09.857384Z DEBUG meow_tunnel::tunnel: pre_handle_metadata: fake-ip 28.0.0.199 → webcast5-normal-lf.amemv.com
2026-08-11T04:53:09.857527Z DEBUG meow_tunnel::tunnel: pre_handle_metadata: fake-ip 28.0.0.199 → webcast5-normal-lf.amemv.com
2026-08-11T04:53:09.867591Z DEBUG meow_tunnel::tunnel: pre_handle_metadata: fake-ip 28.0.0.199 → webcast5-normal-lf.amemv.com
2026-08-11T04:53:09.868041Z DEBUG meow_tunnel::tunnel: pre_handle_metadata: fake-ip 28.0.3.241 → vc-brain-hl.ndcpp.com
2026-08-11T04:53:09.924248Z DEBUG meow_tunnel::tunnel: pre_handle_metadata: fake-ip 28.0.0.189 → search5-search-hl.amemv.com
2026-08-11T04:53:10.019279Z DEBUG meow_tunnel::tunnel: pre_handle_metadata: fake-ip 28.0.0.199 → webcast5-normal-lf.amemv.com
2026-08-11T04:53:10.055562Z DEBUG meow_listener::socks5: SOCKS5 relay closed: up=517 down=0
2026-08-11T04:53:10.372534Z DEBUG meow_tunnel::tunnel: pre_handle_metadata: fake-ip 28.0.3.241 → vc-brain-hl.ndcpp.com
2026-08-11T04:53:10.877210Z DEBUG meow_tunnel::tunnel: pre_handle_metadata: fake-ip 28.0.3.241 → vc-brain-hl.ndcpp.com
2026-08-11T04:53:11.685068Z  INFO meow_ios_ffi::tun2socks: UDP reply reader idle (both directions) > 60s for (172.19.0.1:8774, 28.0.0.149:9681); evicting session
2026-08-11T04:53:11.685648Z DEBUG meow_listener::socks5_udp: SOCKS5 UDP ASSOCIATE from 127.0.0.1:62272 closed; tearing down 1 sessions
2026-08-11T04:53:12.107492Z DEBUG meow_listener::sniffer: sniffer: 127.0.0.1:62501 --> 28.0.3.204:443 (tcp) → mssdk3-normal-hj.zijieapi.com
2026-08-11T04:53:12.107555Z DEBUG meow_listener::socks5: SOCKS5 CONNECT to 28.0.3.204:443
2026-08-11T04:53:12.107588Z DEBUG meow_tunnel::tunnel: pre_handle_metadata: fake-ip 28.0.3.204 → mssdk3-normal-hj.zijieapi.com
2026-08-11T04:53:12.107652Z  INFO meow_listener::socks5: 127.0.0.1:62501 --> mssdk3-normal-hj.zijieapi.com:443 match RULE-SET(reject-domain) using Block
2026-08-11T04:53:12.130228Z DEBUG meow_listener::socks5: SOCKS5 relay closed: up=719 down=316
2026-08-11T04:53:12.131891Z DEBUG meow_listener::socks5: SOCKS5 relay closed: up=724 down=316
2026-08-11T04:53:12.132165Z DEBUG meow_listener::socks5: SOCKS5 relay closed: up=699 down=316
2026-08-11T04:53:12.133315Z DEBUG meow_listener::socks5: SOCKS5 relay closed: up=724 down=316
2026-08-11T04:53:12.137159Z DEBUG meow_listener::socks5: SOCKS5 relay closed: up=723 down=316
2026-08-11T04:53:12.860507Z DEBUG meow_tunnel::tunnel: pre_handle_metadata: fake-ip 28.0.2.160 → api5-core-zjg.amemv.com
2026-08-11T04:53:13.459695Z DEBUG meow_dns::server: DNS query: signal-t1-v6-az1.rtcxyz.com type=1
2026-08-11T04:53:13.749672Z DEBUG meow_listener::socks5_udp: SOCKS5 UDP ASSOCIATE from 127.0.0.1:62502: relay bound on 127.0.0.1:49169
2026-08-11T04:53:15.381835Z DEBUG meow_tunnel::tunnel: pre_handle_metadata: fake-ip 28.0.3.241 → vc-brain-hl.ndcpp.com
2026-08-11T04:53:15.390977Z DEBUG meow_dns::server: DNS query: orzonera.yingt.fun type=1
2026-08-11T04:53:15.394728Z DEBUG meow_listener::sniffer: sniffer: 127.0.0.1:62504 --> 28.0.3.250:443 (tcp) → orzonera.yingt.fun
2026-08-11T04:53:15.394766Z DEBUG meow_listener::socks5: SOCKS5 CONNECT to 28.0.3.250:443
2026-08-11T04:53:15.394786Z DEBUG meow_tunnel::tunnel: pre_handle_metadata: fake-ip 28.0.3.250 → orzonera.yingt.fun
2026-08-11T04:53:15.394833Z  INFO meow_listener::socks5: 127.0.0.1:62504 --> orzonera.yingt.fun:443 match MATCH() using DIRECT
2026-08-11T04:53:15.632330Z DEBUG meow_listener::socks5: SOCKS5 relay closed: up=2073 down=4626
2026-08-11T04:53:15.634382Z DEBUG meow_listener::socks5: SOCKS5 CONNECT to 111.31.36.96:80
2026-08-11T04:53:15.634521Z  INFO meow_listener::socks5: 127.0.0.1:62507 --> orzonera.yingt.fun:80 match MATCH() using DIRECT
2026-08-11T04:53:15.667809Z DEBUG meow_tunnel::tunnel: pre_handle_metadata: fake-ip 28.0.3.241 → vc-brain-hl.ndcpp.com
2026-08-11T04:53:15.787105Z DEBUG meow_listener::socks5: SOCKS5 relay closed: up=1520 down=1541
2026-08-11T04:53:15.792799Z DEBUG meow_listener::socks5: SOCKS5 CONNECT to 223.84.64.182:35004
2026-08-11T04:53:15.792891Z  INFO meow_listener::socks5: 127.0.0.1:62511 --> 223.84.64.182:35004 match MATCH() using DIRECT
2026-08-11T04:53:15.792974Z DEBUG meow_listener::socks5: SOCKS5 CONNECT to 120.232.16.98:2012
2026-08-11T04:53:15.793016Z  INFO meow_listener::socks5: 127.0.0.1:62512 --> 120.232.16.98:2012 match MATCH() using DIRECT
2026-08-11T04:53:15.885203Z DEBUG meow_tunnel::tunnel: pre_handle_metadata: fake-ip 28.0.3.241 → vc-brain-hl.ndcpp.com
2026-08-11T04:53:16.020757Z DEBUG meow_listener::socks5: SOCKS5 relay error: Broken pipe (os error 32)
2026-08-11T04:53:16.388748Z DEBUG meow_tunnel::tunnel: pre_handle_metadata: fake-ip 28.0.3.241 → vc-brain-hl.ndcpp.com
2026-08-11T04:53:16.789227Z DEBUG meow_listener::socks5: SOCKS5 relay closed: up=0 down=0
2026-08-11T04:53:16.826376Z DEBUG meow_listener::socks5: SOCKS5 relay closed: up=1788 down=686
2026-08-11T04:53:16.892113Z DEBUG meow_tunnel::tunnel: pre_handle_metadata: fake-ip 28.0.3.241 → vc-brain-hl.ndcpp.com
2026-08-11T04:53:17.395408Z DEBUG meow_tunnel::tunnel: pre_handle_metadata: fake-ip 28.0.3.241 → vc-brain-hl.ndcpp.com
2026-08-11T04:53:18.866511Z  WARN meow_ios_ffi::tun2socks: UDP first-reply deadline exceeded for (172.19.0.1:8568, 28.0.3.241:9681) after 10000 ms; evicting session
2026-08-11T04:53:18.867162Z DEBUG meow_listener::socks5_udp: SOCKS5 UDP ASSOCIATE from 127.0.0.1:62488 closed; tearing down 1 sessions
2026-08-11T04:53:19.498349Z  WARN meow_ios_ffi::tun2socks: UDP first-reply deadline exceeded for (172.19.0.1:59288, 28.0.0.199:443) after 10000 ms; evicting session
2026-08-11T04:53:19.498377Z  WARN meow_ios_ffi::tun2socks: UDP first-reply deadline exceeded for (172.19.0.1:59288, 28.0.0.199:443) after 10000 ms; evicting session
2026-08-11T04:53:19.498732Z  WARN meow_ios_ffi::tun2socks: UDP first-reply deadline exceeded for (172.19.0.1:59288, 28.0.0.199:443) after 10000 ms; evicting session
2026-08-11T04:53:19.498932Z DEBUG meow_listener::socks5_udp: SOCKS5 UDP ASSOCIATE from 127.0.0.1:62491 closed; tearing down 1 sessions
2026-08-11T04:53:19.498991Z DEBUG meow_listener::socks5_udp: SOCKS5 UDP ASSOCIATE from 127.0.0.1:62493 closed; tearing down 1 sessions
2026-08-11T04:53:19.499264Z DEBUG meow_listener::socks5_udp: SOCKS5 UDP ASSOCIATE from 127.0.0.1:62494 closed; tearing down 1 sessions
2026-08-11T04:53:20.103687Z DEBUG meow_listener::socks5: SOCKS5 relay closed: up=517 down=0
2026-08-11T04:53:23.751854Z  WARN meow_ios_ffi::tun2socks: UDP first-reply deadline exceeded for (172.19.0.1:49901, 120.233.179.120:8000) after 10000 ms; evicting session
2026-08-11T04:53:23.752268Z DEBUG meow_listener::socks5_udp: SOCKS5 UDP ASSOCIATE from 127.0.0.1:62502 closed; tearing down 1 sessions
2026-08-11T04:53:26.790508Z DEBUG meow_dns::server: DNS query: p26-sign.douyinpic.com type=1
2026-08-11T04:53:26.792867Z DEBUG meow_listener::sniffer: sniffer: 127.0.0.1:62516 --> 28.0.0.65:443 (tcp) → p26-sign.douyinpic.com
2026-08-11T04:53:26.792898Z DEBUG meow_listener::socks5: SOCKS5 CONNECT to 28.0.0.65:443
2026-08-11T04:53:26.792916Z DEBUG meow_tunnel::tunnel: pre_handle_metadata: fake-ip 28.0.0.65 → p26-sign.douyinpic.com
2026-08-11T04:53:26.792976Z  INFO meow_listener::socks5: 127.0.0.1:62516 --> p26-sign.douyinpic.com:443 match MATCH() using DIRECT
2026-08-11T04:53:26.793036Z DEBUG meow_dns::resolver: DNS lookup: p26-sign.douyinpic.com
2026-08-11T04:53:29.745883Z DEBUG meow_tunnel::tunnel: pre_handle_metadata: fake-ip 28.0.0.189 → search5-search-hl.amemv.com
2026-08-11T04:53:29.745966Z DEBUG meow_dns::resolver: DNS lookup: search5-search-hl.amemv.com
2026-08-11T04:53:29.859026Z DEBUG meow_tunnel::tunnel: pre_handle_metadata: fake-ip 28.0.0.199 → webcast5-normal-lf.amemv.com
2026-08-11T04:53:29.859133Z DEBUG meow_dns::resolver: DNS lookup: webcast5-normal-lf.amemv.com
2026-08-11T04:53:29.938767Z DEBUG meow_tunnel::tunnel: pre_handle_metadata: fake-ip 28.0.0.199 → webcast5-normal-lf.amemv.com
2026-08-11T04:53:31.613098Z DEBUG meow_tunnel::tunnel: pre_handle_metadata: fake-ip 28.0.2.160 → api5-core-zjg.amemv.com
2026-08-11T04:53:31.613196Z DEBUG meow_dns::resolver: DNS lookup: api5-core-zjg.amemv.com
2026-08-11T04:53:31.663504Z DEBUG meow_tunnel::tunnel: pre_handle_metadata: fake-ip 28.0.2.160 → api5-core-zjg.amemv.com
2026-08-11T04:53:31.663600Z DEBUG meow_tunnel::tunnel: pre_handle_metadata: fake-ip 28.0.2.160 → api5-core-zjg.amemv.com
2026-08-11T04:53:31.663652Z DEBUG meow_tunnel::tunnel: pre_handle_metadata: fake-ip 28.0.2.160 → api5-core-zjg.amemv.com
2026-08-11T04:53:31.852303Z DEBUG meow_listener::socks5: SOCKS5 relay closed: up=517 down=0
2026-08-11T04:53:31.900886Z DEBUG meow_listener::socks5_udp: SOCKS5 UDP ASSOCIATE from 127.0.0.1:62534: relay bound on 127.0.0.1:57171
2026-08-11T04:53:31.901114Z DEBUG meow_tunnel::tunnel: pre_handle_metadata: fake-ip 28.0.2.160 → api5-core-zjg.amemv.com
2026-08-11T04:53:31.980316Z DEBUG meow_tunnel::tunnel: pre_handle_metadata: fake-ip 28.0.2.160 → api5-core-zjg.amemv.com
2026-08-11T04:53:31.986013Z DEBUG meow_tunnel::tunnel: pre_handle_metadata: fake-ip 28.0.2.160 → api5-core-zjg.amemv.com
2026-08-11T04:53:31.986333Z DEBUG meow_tunnel::tunnel: pre_handle_metadata: fake-ip 28.0.2.160 → api5-core-zjg.amemv.com
2026-08-11T04:53:31.986584Z DEBUG meow_tunnel::tunnel: pre_handle_metadata: fake-ip 28.0.2.160 → api5-core-zjg.amemv.com
2026-08-11T04:53:31.986766Z DEBUG meow_tunnel::tunnel: pre_handle_metadata: fake-ip 28.0.2.160 → api5-core-zjg.amemv.com
2026-08-11T04:53:31.986915Z DEBUG meow_tunnel::tunnel: pre_handle_metadata: fake-ip 28.0.2.160 → api5-core-zjg.amemv.com
2026-08-11T04:53:31.987128Z DEBUG meow_tunnel::tunnel: pre_handle_metadata: fake-ip 28.0.2.160 → api5-core-zjg.amemv.com
2026-08-11T04:53:32.225078Z DEBUG meow_tunnel::tunnel: pre_handle_metadata: fake-ip 28.0.2.160 → api5-core-zjg.amemv.com
2026-08-11T04:53:32.227225Z DEBUG meow_tunnel::tunnel: pre_handle_metadata: fake-ip 28.0.2.160 → api5-core-zjg.amemv.com
2026-08-11T04:53:32.243145Z DEBUG meow_dns::server: DNS query: p3-sign.douyinpic.com type=1
2026-08-11T04:53:32.246577Z DEBUG meow_listener::sniffer: sniffer: 127.0.0.1:62536 --> 28.0.2.176:443 (tcp) → p3-sign.douyinpic.com
2026-08-11T04:53:32.246608Z DEBUG meow_listener::socks5: SOCKS5 CONNECT to 28.0.2.176:443
2026-08-11T04:53:32.246624Z DEBUG meow_tunnel::tunnel: pre_handle_metadata: fake-ip 28.0.2.176 → p3-sign.douyinpic.com
2026-08-11T04:53:32.246672Z  INFO meow_listener::socks5: 127.0.0.1:62536 --> p3-sign.douyinpic.com:443 match MATCH() using DIRECT
2026-08-11T04:53:32.246728Z DEBUG meow_dns::resolver: DNS lookup: p3-sign.douyinpic.com
2026-08-11T04:53:32.252622Z DEBUG meow_tunnel::tunnel: pre_handle_metadata: fake-ip 28.0.2.160 → api5-core-zjg.amemv.com
2026-08-11T04:53:32.566147Z DEBUG meow_tunnel::tunnel: pre_handle_metadata: fake-ip 28.0.2.160 → api5-core-zjg.amemv.com
2026-08-11T04:53:32.566642Z DEBUG meow_tunnel::tunnel: pre_handle_metadata: fake-ip 28.0.2.160 → api5-core-zjg.amemv.com
2026-08-11T04:53:32.566916Z DEBUG meow_tunnel::tunnel: pre_handle_metadata: fake-ip 28.0.2.160 → api5-core-zjg.amemv.com
2026-08-11T04:53:32.567163Z DEBUG meow_tunnel::tunnel: pre_handle_metadata: fake-ip 28.0.2.160 → api5-core-zjg.amemv.com
2026-08-11T04:53:32.567382Z DEBUG meow_tunnel::tunnel: pre_handle_metadata: fake-ip 28.0.2.160 → api5-core-zjg.amemv.com
2026-08-11T04:53:32.567560Z DEBUG meow_tunnel::tunnel: pre_handle_metadata: fake-ip 28.0.2.160 → api5-core-zjg.amemv.com
2026-08-11T04:53:32.567693Z DEBUG meow_tunnel::tunnel: pre_handle_metadata: fake-ip 28.0.2.160 → api5-core-zjg.amemv.com
2026-08-11T04:53:32.762953Z DEBUG meow_tunnel::tunnel: pre_handle_metadata: fake-ip 28.0.2.160 → api5-core-zjg.amemv.com
2026-08-11T04:53:34.509193Z  INFO meow_ios_ffi::tun2socks: UDP reply reader idle (both directions) > 60s for (172.19.0.1:50411, 39.135.60.229:8000); evicting session
2026-08-11T04:53:34.509664Z DEBUG meow_listener::socks5_udp: SOCKS5 UDP ASSOCIATE from 127.0.0.1:62436 closed; tearing down 1 sessions
2026-08-11T04:53:34.517844Z  INFO meow_ios_ffi::tun2socks: UDP reply reader idle (both directions) > 60s for (172.19.0.1:50411, 39.135.60.229:8000); evicting session
2026-08-11T04:53:34.518128Z DEBUG meow_listener::socks5_udp: SOCKS5 UDP ASSOCIATE from 127.0.0.1:62437 closed; tearing down 1 sessions
2026-08-11T04:53:35.390309Z DEBUG meow_listener::sniffer: sniffer: 127.0.0.1:62543 --> 28.0.3.204:443 (tcp) → mssdk3-normal-hj.zijieapi.com
2026-08-11T04:53:35.390395Z DEBUG meow_listener::socks5: SOCKS5 CONNECT to 28.0.3.204:443
2026-08-11T04:53:35.390440Z DEBUG meow_tunnel::tunnel: pre_handle_metadata: fake-ip 28.0.3.204 → mssdk3-normal-hj.zijieapi.com
2026-08-11T04:53:35.390533Z  INFO meow_listener::socks5: 127.0.0.1:62543 --> mssdk3-normal-hj.zijieapi.com:443 match RULE-SET(reject-domain) using Block
2026-08-11T04:53:38.698379Z DEBUG meow_listener::socks5_udp: SOCKS5 UDP ASSOCIATE from 127.0.0.1:62552: relay bound on 127.0.0.1:62133
2026-08-11T04:53:38.699182Z DEBUG meow_tunnel::tunnel: pre_handle_metadata: fake-ip 28.0.0.179 → ecom5-normal-hl.ecombdapi.com
2026-08-11T04:53:38.699243Z DEBUG meow_dns::resolver: DNS lookup: ecom5-normal-hl.ecombdapi.com
2026-08-11T04:53:38.704761Z DEBUG meow_listener::socks5_udp: SOCKS5 UDP ASSOCIATE from 127.0.0.1:62561: relay bound on 127.0.0.1:51043
2026-08-11T04:53:38.705353Z DEBUG meow_tunnel::tunnel: pre_handle_metadata: fake-ip 28.0.0.189 → search5-search-hl.amemv.com
2026-08-11T04:53:38.711224Z DEBUG meow_listener::sniffer: sniffer: 127.0.0.1:62547 --> 28.0.0.170:443 (tcp) → api5-social-m-hl.amemv.com
2026-08-11T04:53:38.711284Z DEBUG meow_listener::socks5: SOCKS5 CONNECT to 28.0.0.170:443
2026-08-11T04:53:38.711317Z DEBUG meow_tunnel::tunnel: pre_handle_metadata: fake-ip 28.0.0.170 → api5-social-m-hl.amemv.com
2026-08-11T04:53:38.711640Z  INFO meow_listener::socks5: 127.0.0.1:62547 --> api5-social-m-hl.amemv.com:443 match MATCH() using DIRECT
2026-08-11T04:53:38.711811Z DEBUG meow_dns::resolver: DNS lookup: api5-social-m-hl.amemv.com
2026-08-11T04:53:38.711989Z DEBUG meow_listener::sniffer: sniffer: 127.0.0.1:62545 --> 28.0.0.168:443 (tcp) → api-normal-m.amemv.com
2026-08-11T04:53:38.712022Z DEBUG meow_listener::socks5: SOCKS5 CONNECT to 28.0.0.168:443
2026-08-11T04:53:38.712047Z DEBUG meow_tunnel::tunnel: pre_handle_metadata: fake-ip 28.0.0.168 → api-normal-m.amemv.com
2026-08-11T04:53:38.712090Z  INFO meow_listener::socks5: 127.0.0.1:62545 --> api-normal-m.amemv.com:443 match MATCH() using DIRECT
2026-08-11T04:53:38.712153Z DEBUG meow_dns::resolver: DNS lookup: api-normal-m.amemv.com
2026-08-11T04:53:38.715606Z DEBUG meow_listener::sniffer: sniffer: 127.0.0.1:62549 --> 28.0.0.172:443 (tcp) → api5-hl.qishui.com
2026-08-11T04:53:38.715639Z DEBUG meow_listener::socks5: SOCKS5 CONNECT to 28.0.0.172:443
2026-08-11T04:53:38.715659Z DEBUG meow_tunnel::tunnel: pre_handle_metadata: fake-ip 28.0.0.172 → api5-hl.qishui.com
2026-08-11T04:53:38.715680Z DEBUG meow_listener::sniffer: sniffer: 127.0.0.1:62551 --> 28.0.0.175:443 (tcp) → ecom-normal-m.ecombdapi.com
2026-08-11T04:53:38.715698Z  INFO meow_listener::socks5: 127.0.0.1:62549 --> api5-hl.qishui.com:443 match MATCH() using DIRECT
2026-08-11T04:53:38.715703Z DEBUG meow_listener::socks5: SOCKS5 CONNECT to 28.0.0.175:443
2026-08-11T04:53:38.715722Z DEBUG meow_tunnel::tunnel: pre_handle_metadata: fake-ip 28.0.0.175 → ecom-normal-m.ecombdapi.com
2026-08-11T04:53:38.715748Z DEBUG meow_dns::resolver: DNS lookup: api5-hl.qishui.com
2026-08-11T04:53:38.715758Z  INFO meow_listener::socks5: 127.0.0.1:62551 --> ecom-normal-m.ecombdapi.com:443 match MATCH() using DIRECT
2026-08-11T04:53:38.715804Z DEBUG meow_dns::resolver: DNS lookup: ecom-normal-m.ecombdapi.com
2026-08-11T04:53:38.716748Z DEBUG meow_listener::sniffer: sniffer: 127.0.0.1:62555 --> 28.0.0.181:443 (tcp) → life5-normal-m-hl.amemv.com
2026-08-11T04:53:38.716761Z DEBUG meow_listener::socks5: SOCKS5 CONNECT to 28.0.0.181:443
2026-08-11T04:53:38.716769Z DEBUG meow_tunnel::tunnel: pre_handle_metadata: fake-ip 28.0.0.181 → life5-normal-m-hl.amemv.com
2026-08-11T04:53:38.716784Z  INFO meow_listener::socks5: 127.0.0.1:62555 --> life5-normal-m-hl.amemv.com:443 match MATCH() using DIRECT
2026-08-11T04:53:38.716864Z DEBUG meow_listener::sniffer: sniffer: 127.0.0.1:62563 --> 28.0.0.191:443 (tcp) → webcast-core-m.amemv.com
2026-08-11T04:53:38.716874Z DEBUG meow_listener::socks5: SOCKS5 CONNECT to 28.0.0.191:443
2026-08-11T04:53:38.716903Z DEBUG meow_tunnel::tunnel: pre_handle_metadata: fake-ip 28.0.0.191 → webcast-core-m.amemv.com
2026-08-11T04:53:38.716929Z DEBUG meow_dns::resolver: DNS lookup: life5-normal-m-hl.amemv.com
2026-08-11T04:53:38.716939Z  INFO meow_listener::socks5: 127.0.0.1:62563 --> webcast-core-m.amemv.com:443 match MATCH() using DIRECT
2026-08-11T04:53:38.716984Z DEBUG meow_dns::resolver: DNS lookup: webcast-core-m.amemv.com
2026-08-11T04:53:38.719597Z DEBUG meow_listener::sniffer: sniffer: 127.0.0.1:62559 --> 28.0.0.187:443 (tcp) → ma5-normal-hl.zijieapi.com
2026-08-11T04:53:38.719625Z DEBUG meow_listener::socks5: SOCKS5 CONNECT to 28.0.0.187:443
2026-08-11T04:53:38.719647Z DEBUG meow_tunnel::tunnel: pre_handle_metadata: fake-ip 28.0.0.187 → ma5-normal-hl.zijieapi.com
2026-08-11T04:53:38.719685Z  INFO meow_listener::socks5: 127.0.0.1:62559 --> ma5-normal-hl.zijieapi.com:443 match RULE-SET(reject-domain) using Block
2026-08-11T04:53:38.720358Z DEBUG meow_listener::socks5_udp: SOCKS5 UDP ASSOCIATE from 127.0.0.1:62564: relay bound on 127.0.0.1:50863
2026-08-11T04:53:38.721473Z DEBUG meow_listener::sniffer: sniffer: 127.0.0.1:62566 --> 28.0.0.195:443 (tcp) → webcast-normal-m.amemv.com
2026-08-11T04:53:38.721498Z DEBUG meow_listener::socks5: SOCKS5 CONNECT to 28.0.0.195:443
2026-08-11T04:53:38.721524Z DEBUG meow_tunnel::tunnel: pre_handle_metadata: fake-ip 28.0.0.195 → webcast-normal-m.amemv.com
2026-08-11T04:53:38.721564Z  INFO meow_listener::socks5: 127.0.0.1:62566 --> webcast-normal-m.amemv.com:443 match MATCH() using DIRECT
2026-08-11T04:53:38.721631Z DEBUG meow_dns::resolver: DNS lookup: webcast-normal-m.amemv.com
2026-08-11T04:53:38.722848Z DEBUG meow_tunnel::tunnel: pre_handle_metadata: fake-ip 28.0.0.194 → webcast5-core-hl.amemv.com
2026-08-11T04:53:38.722873Z DEBUG meow_dns::resolver: DNS lookup: webcast5-core-hl.amemv.com
2026-08-11T04:53:38.742391Z DEBUG meow_tunnel::tunnel: pre_handle_metadata: fake-ip 28.0.0.189 → search5-search-hl.amemv.com
2026-08-11T04:53:38.777740Z DEBUG meow_tunnel::tunnel: pre_handle_metadata: fake-ip 28.0.0.179 → ecom5-normal-hl.ecombdapi.com
2026-08-11T04:53:38.806813Z DEBUG meow_tunnel::tunnel: pre_handle_metadata: fake-ip 28.0.0.194 → webcast5-core-hl.amemv.com
2026-08-11T04:53:38.818404Z DEBUG meow_tunnel::tunnel: pre_handle_metadata: fake-ip 28.0.0.194 → webcast5-core-hl.amemv.com
2026-08-11T04:53:40.623929Z DEBUG meow_dns::server: DNS query: signal-t1-v6-az2-01.rtcxyz.com type=1
2026-08-11T04:53:41.900538Z DEBUG meow_listener::socks5: SOCKS5 relay closed: up=517 down=0
2026-08-11T04:53:42.312713Z DEBUG meow_listener::sniffer: sniffer: 127.0.0.1:62607 --> 28.0.3.204:443 (tcp) → mssdk3-normal-hj.zijieapi.com
2026-08-11T04:53:42.312771Z DEBUG meow_listener::socks5: SOCKS5 CONNECT to 28.0.3.204:443
2026-08-11T04:53:42.313008Z DEBUG meow_tunnel::tunnel: pre_handle_metadata: fake-ip 28.0.3.204 → mssdk3-normal-hj.zijieapi.com
2026-08-11T04:53:42.313106Z  INFO meow_listener::socks5: 127.0.0.1:62607 --> mssdk3-normal-hj.zijieapi.com:443 match RULE-SET(reject-domain) using Block
2026-08-11T04:53:42.454841Z DEBUG meow_dns::server: DNS query: p5-ex-gddgtc-sign.douyinpic.com type=1
2026-08-11T04:53:42.458043Z DEBUG meow_listener::sniffer: sniffer: 127.0.0.1:62609 --> 28.0.2.151:443 (tcp) → p5-ex-gddgtc-sign.douyinpic.com
2026-08-11T04:53:42.458099Z DEBUG meow_listener::socks5: SOCKS5 CONNECT to 28.0.2.151:443
2026-08-11T04:53:42.458133Z DEBUG meow_tunnel::tunnel: pre_handle_metadata: fake-ip 28.0.2.151 → p5-ex-gddgtc-sign.douyinpic.com
2026-08-11T04:53:42.458214Z  INFO meow_listener::socks5: 127.0.0.1:62609 --> p5-ex-gddgtc-sign.douyinpic.com:443 match MATCH() using DIRECT
2026-08-11T04:53:42.458362Z DEBUG meow_dns::resolver: DNS lookup: p5-ex-gddgtc-sign.douyinpic.com
2026-08-11T04:53:42.754905Z DEBUG meow_tunnel::tunnel: pre_handle_metadata: fake-ip 28.0.0.189 → search5-search-hl.amemv.com
2026-08-11T04:53:42.755226Z DEBUG meow_tunnel::tunnel: pre_handle_metadata: fake-ip 28.0.0.189 → search5-search-hl.amemv.com
2026-08-11T04:53:42.755483Z DEBUG meow_tunnel::tunnel: pre_handle_metadata: fake-ip 28.0.0.189 → search5-search-hl.amemv.com
2026-08-11T04:53:42.755678Z DEBUG meow_tunnel::tunnel: pre_handle_metadata: fake-ip 28.0.0.189 → search5-search-hl.amemv.com
2026-08-11T04:53:42.755835Z DEBUG meow_tunnel::tunnel: pre_handle_metadata: fake-ip 28.0.0.189 → search5-search-hl.amemv.com
2026-08-11T04:53:42.788135Z DEBUG meow_tunnel::tunnel: pre_handle_metadata: fake-ip 28.0.0.189 → search5-search-hl.amemv.com
2026-08-11T04:53:42.877877Z DEBUG meow_tunnel::tunnel: pre_handle_metadata: fake-ip 28.0.0.189 → search5-search-hl.amemv.com
2026-08-11T04:53:43.682683Z DEBUG meow_listener::socks5: SOCKS5 relay error: Operation timed out (os error 60)
2026-08-11T04:53:46.902602Z DEBUG meow_listener::socks5: SOCKS5 relay closed: up=0 down=0
2026-08-11T04:53:47.043154Z  INFO meow_ios_ffi::tun2socks: UDP reply reader idle (both directions) > 60s for (172.19.0.1:53019, 39.135.60.146:8037); evicting session
2026-08-11T04:53:47.043727Z DEBUG meow_listener::socks5_udp: SOCKS5 UDP ASSOCIATE from 127.0.0.1:62438 closed; tearing down 1 sessions
2026-08-11T04:53:48.886771Z  INFO meow_ios_ffi::tun2socks: UDP reply reader idle (both directions) > 60s for (172.19.0.1:58093, 28.0.0.194:443); evicting session
2026-08-11T04:53:48.887445Z DEBUG meow_listener::socks5_udp: SOCKS5 UDP ASSOCIATE from 127.0.0.1:62343 closed; tearing down 1 sessions
2026-08-11T04:53:48.890137Z  INFO meow_ios_ffi::tun2socks: UDP reply reader idle (both directions) > 60s for (172.19.0.1:64208, 28.0.0.199:443); evicting session
2026-08-11T04:53:48.890374Z DEBUG meow_listener::socks5_udp: SOCKS5 UDP ASSOCIATE from 127.0.0.1:62350 closed; tearing down 1 sessions
2026-08-11T04:53:49.860763Z DEBUG meow_tunnel::tunnel: pre_handle_metadata: fake-ip 28.0.0.199 → webcast5-normal-lf.amemv.com
2026-08-11T04:53:49.952265Z DEBUG meow_tunnel::tunnel: pre_handle_metadata: fake-ip 28.0.0.199 → webcast5-normal-lf.amemv.com
2026-08-11T04:53:51.988089Z DEBUG meow_tunnel::tunnel: pre_handle_metadata: fake-ip 28.0.2.160 → api5-core-zjg.amemv.com
2026-08-11T04:53:51.988207Z DEBUG meow_dns::resolver: DNS lookup: api5-core-zjg.amemv.com
2026-08-11T04:53:52.662659Z DEBUG meow_listener::socks5: SOCKS5 relay closed: up=0 down=0
2026-08-11T04:53:58.779664Z DEBUG meow_tunnel::tunnel: pre_handle_metadata: fake-ip 28.0.0.179 → ecom5-normal-hl.ecombdapi.com
2026-08-11T04:53:58.819718Z DEBUG meow_tunnel::tunnel: pre_handle_metadata: fake-ip 28.0.0.194 → webcast5-core-hl.amemv.com
2026-08-11T04:53:58.819805Z DEBUG meow_dns::resolver: DNS lookup: webcast5-core-hl.amemv.com
2026-08-11T04:53:59.988101Z DEBUG meow_listener::socks5: SOCKS5 relay closed: up=2083 down=7359
2026-08-11T04:54:02.016312Z DEBUG meow_listener::socks5: SOCKS5 relay closed: up=3250 down=146385
2026-08-11T04:54:02.635261Z DEBUG meow_listener::socks5: SOCKS5 CONNECT to 28.0.0.148:443
2026-08-11T04:54:02.635349Z DEBUG meow_tunnel::tunnel: pre_handle_metadata: fake-ip 28.0.0.148 → www.bytedance.com
2026-08-11T04:54:02.635424Z  INFO meow_listener::socks5: 127.0.0.1:62624 --> www.bytedance.com:443 match RULE-SET(reject-domain) using Block
2026-08-11T04:54:02.755529Z DEBUG meow_tunnel::tunnel: pre_handle_metadata: fake-ip 28.0.0.189 → search5-search-hl.amemv.com
2026-08-11T04:54:02.755641Z DEBUG meow_dns::resolver: DNS lookup: search5-search-hl.amemv.com
2026-08-11T04:54:03.554769Z DEBUG meow_listener::socks5: SOCKS5 relay closed: up=3291 down=79341
2026-08-11T04:54:04.275139Z  INFO meow_ios_ffi::tun2socks: UDP reply reader idle (both directions) > 60s for (172.19.0.1:52448, 120.233.179.120:8000); evicting session
2026-08-11T04:54:04.275808Z DEBUG meow_listener::socks5_udp: SOCKS5 UDP ASSOCIATE from 127.0.0.1:62472 closed; tearing down 1 sessions
2026-08-11T04:54:04.295362Z  INFO meow_ios_ffi::tun2socks: UDP reply reader idle (both directions) > 60s for (172.19.0.1:52448, 120.233.179.120:8000); evicting session
2026-08-11T04:54:04.295861Z DEBUG meow_listener::socks5_udp: SOCKS5 UDP ASSOCIATE from 127.0.0.1:62471 closed; tearing down 1 sessions
2026-08-11T04:54:04.371747Z DEBUG meow_listener::socks5: SOCKS5 relay closed: up=517 down=0
2026-08-11T04:54:04.848455Z DEBUG meow_listener::socks5: SOCKS5 relay closed: up=1253 down=8274
2026-08-11T04:54:08.842725Z  INFO meow_ios_ffi::tun2socks: UDP reply reader idle (both directions) > 60s for (172.19.0.1:63129, 28.0.0.179:443); evicting session
2026-08-11T04:54:08.843102Z DEBUG meow_listener::socks5_udp: SOCKS5 UDP ASSOCIATE from 127.0.0.1:62334 closed; tearing down 1 sessions
2026-08-11T04:54:09.432060Z DEBUG meow_listener::sniffer: sniffer: 127.0.0.1:62630 --> 28.0.3.204:443 (tcp) → mssdk3-normal-hj.zijieapi.com
2026-08-11T04:54:09.432107Z DEBUG meow_listener::socks5: SOCKS5 CONNECT to 28.0.3.204:443
2026-08-11T04:54:09.432133Z DEBUG meow_tunnel::tunnel: pre_handle_metadata: fake-ip 28.0.3.204 → mssdk3-normal-hj.zijieapi.com
2026-08-11T04:54:09.432178Z  INFO meow_listener::socks5: 127.0.0.1:62630 --> mssdk3-normal-hj.zijieapi.com:443 match RULE-SET(reject-domain) using Block
2026-08-11T04:54:09.600799Z  INFO meow_ios_ffi::tun2socks: UDP reply reader idle (both directions) > 60s for (172.19.0.1:59288, 28.0.0.199:443); evicting session
2026-08-11T04:54:09.601523Z DEBUG meow_listener::socks5_udp: SOCKS5 UDP ASSOCIATE from 127.0.0.1:62489 closed; tearing down 1 sessions
2026-08-11T04:54:09.627015Z  INFO meow_ios_ffi::tun2socks: UDP reply reader idle (both directions) > 60s for (172.19.0.1:59288, 28.0.0.199:443); evicting session
2026-08-11T04:54:09.627542Z DEBUG meow_listener::socks5_udp: SOCKS5 UDP ASSOCIATE from 127.0.0.1:62492 closed; tearing down 1 sessions
2026-08-11T04:54:09.862118Z DEBUG meow_tunnel::tunnel: pre_handle_metadata: fake-ip 28.0.0.199 → webcast5-normal-lf.amemv.com
2026-08-11T04:54:09.862230Z DEBUG meow_dns::resolver: DNS lookup: webcast5-normal-lf.amemv.com
2026-08-11T04:54:09.977533Z DEBUG meow_tunnel::tunnel: pre_handle_metadata: fake-ip 28.0.0.199 → webcast5-normal-lf.amemv.com
2026-08-11T04:54:12.109975Z DEBUG meow_listener::socks5: SOCKS5 relay closed: up=517 down=0
2026-08-11T04:54:12.254825Z DEBUG meow_listener::socks5: SOCKS5 relay closed: up=3277 down=117412
2026-08-11T04:54:12.521323Z DEBUG meow_listener::sniffer: sniffer: 127.0.0.1:62640 --> 28.0.3.204:443 (tcp) → mssdk3-normal-hj.zijieapi.com
2026-08-11T04:54:12.521394Z DEBUG meow_listener::socks5: SOCKS5 CONNECT to 28.0.3.204:443
2026-08-11T04:54:12.521435Z DEBUG meow_tunnel::tunnel: pre_handle_metadata: fake-ip 28.0.3.204 → mssdk3-normal-hj.zijieapi.com
2026-08-11T04:54:12.521509Z  INFO meow_listener::socks5: 127.0.0.1:62640 --> mssdk3-normal-hj.zijieapi.com:443 match RULE-SET(reject-domain) using Block
2026-08-11T04:54:13.785812Z  INFO meow_ios_ffi::tun2socks: UDP reply reader idle (both directions) > 60s for (172.19.0.1:49372, 120.233.179.68:8039); evicting session
2026-08-11T04:54:13.786443Z DEBUG meow_listener::socks5_udp: SOCKS5 UDP ASSOCIATE from 127.0.0.1:62473 closed; tearing down 1 sessions
2026-08-11T04:54:13.869591Z DEBUG meow_dns::server: DNS query: signal-t1-v6-az1.rtcxyz.com type=1
2026-08-11T04:54:17.034210Z DEBUG meow_listener::socks5: SOCKS5 relay closed: up=1991 down=14219
2026-08-11T04:54:18.781393Z DEBUG meow_tunnel::tunnel: pre_handle_metadata: fake-ip 28.0.0.179 → ecom5-normal-hl.ecombdapi.com
2026-08-11T04:54:19.469795Z  WARN meow_ios_ffi::tun2socks: tun2socks: mixed-listener dial deadline exceeded for 172.19.0.1:62629 -> 28.0.3.204:443 after 10000 ms; dropping flow
2026-08-11T04:54:19.474918Z DEBUG meow_listener::sniffer: sniffer: 127.0.0.1:62642 --> 28.0.3.204:443 (tcp) → mssdk3-normal-hj.zijieapi.com
2026-08-11T04:54:19.474954Z DEBUG meow_listener::socks5: SOCKS5 CONNECT to 28.0.3.204:443
2026-08-11T04:54:19.474982Z DEBUG meow_tunnel::tunnel: pre_handle_metadata: fake-ip 28.0.3.204 → mssdk3-normal-hj.zijieapi.com
2026-08-11T04:54:19.475028Z  INFO meow_listener::socks5: 127.0.0.1:62642 --> mssdk3-normal-hj.zijieapi.com:443 match RULE-SET(reject-domain) using Block
2026-08-11T04:54:19.991434Z DEBUG meow_listener::socks5: SOCKS5 relay closed: up=5741 down=18843
2026-08-11T04:54:29.515381Z  WARN meow_ios_ffi::tun2socks: tun2socks: mixed-listener dial deadline exceeded for 172.19.0.1:62641 -> 28.0.3.204:443 after 10000 ms; dropping flow
2026-08-11T04:54:29.726630Z DEBUG meow_listener::sniffer: sniffer: 127.0.0.1:62644 --> 28.0.3.204:443 (tcp) → mssdk3-normal-hj.zijieapi.com
2026-08-11T04:54:29.726732Z DEBUG meow_listener::socks5: SOCKS5 CONNECT to 28.0.3.204:443
2026-08-11T04:54:29.726775Z DEBUG meow_tunnel::tunnel: pre_handle_metadata: fake-ip 28.0.3.204 → mssdk3-normal-hj.zijieapi.com
2026-08-11T04:54:29.726846Z  INFO meow_listener::socks5: 127.0.0.1:62644 --> mssdk3-normal-hj.zijieapi.com:443 match RULE-SET(reject-domain) using Block
2026-08-11T04:54:29.822096Z  INFO meow_ios_ffi::tun2socks: UDP reply reader idle (both directions) > 60s for (172.19.0.1:54817, 28.0.0.189:443); evicting session
2026-08-11T04:54:29.822651Z DEBUG meow_listener::socks5_udp: SOCKS5 UDP ASSOCIATE from 127.0.0.1:62309 closed; tearing down 2 sessions
2026-08-11T04:54:31.709252Z  INFO meow_ios_ffi::tun2socks: UDP reply reader idle (both directions) > 60s for (172.19.0.1:61049, 28.0.2.160:443); evicting session
2026-08-11T04:54:31.709745Z DEBUG meow_listener::socks5_udp: SOCKS5 UDP ASSOCIATE from 127.0.0.1:62439 closed; tearing down 2 sessions
2026-08-11T04:54:35.393760Z DEBUG meow_listener::socks5: SOCKS5 relay closed: up=517 down=0
2026-08-11T04:54:38.722276Z DEBUG meow_listener::socks5: SOCKS5 relay closed: up=517 down=0
2026-08-11T04:54:38.783086Z DEBUG meow_tunnel::tunnel: pre_handle_metadata: fake-ip 28.0.0.179 → ecom5-normal-hl.ecombdapi.com
2026-08-11T04:54:38.783220Z DEBUG meow_dns::resolver: DNS lookup: ecom5-normal-hl.ecombdapi.com
2026-08-11T04:54:38.943969Z DEBUG meow_listener::socks5: SOCKS5 relay closed: up=673 down=4961
2026-08-11T04:54:38.944473Z DEBUG meow_listener::socks5: SOCKS5 relay closed: up=703 down=4961
2026-08-11T04:54:41.054666Z DEBUG meow_dns::server: DNS query: signal-t1-v6-az2-01.rtcxyz.com type=1
2026-08-11T04:54:42.316454Z DEBUG meow_listener::socks5: SOCKS5 relay closed: up=517 down=0
2026-08-11T04:54:42.602820Z  INFO meow_ios_ffi::tun2socks: UDP reply reader idle (both directions) > 60s for (172.19.0.1:59288, 28.0.0.199:443); evicting session
2026-08-11T04:54:42.603386Z DEBUG meow_listener::socks5_udp: SOCKS5 UDP ASSOCIATE from 127.0.0.1:62490 closed; tearing down 1 sessions
2026-08-11T04:54:43.707942Z  WARN meow_ios_ffi::tun2socks: tun2socks: idle TTL (600000 ms) exceeded, closing flow 543 172.19.0.1:59559 -> 28.0.3.117:443
2026-08-11T04:54:45.470347Z DEBUG meow_listener::sniffer: sniffer: 127.0.0.1:62650 --> 28.0.3.204:443 (tcp) → mssdk3-normal-hj.zijieapi.com
2026-08-11T04:54:45.470397Z DEBUG meow_listener::socks5: SOCKS5 CONNECT to 28.0.3.204:443
2026-08-11T04:54:45.470419Z DEBUG meow_tunnel::tunnel: pre_handle_metadata: fake-ip 28.0.3.204 → mssdk3-normal-hj.zijieapi.com
2026-08-11T04:54:45.470465Z  INFO meow_listener::socks5: 127.0.0.1:62650 --> mssdk3-normal-hj.zijieapi.com:443 match RULE-SET(reject-domain) using Block
2026-08-11T04:54:45.491136Z DEBUG meow_listener::socks5: SOCKS5 relay closed: up=699 down=316
2026-08-11T04:54:45.491203Z DEBUG meow_listener::socks5: SOCKS5 relay closed: up=724 down=316
2026-08-11T04:54:45.491456Z DEBUG meow_listener::socks5: SOCKS5 relay closed: up=691 down=4929
2026-08-11T04:54:45.491530Z DEBUG meow_listener::socks5: SOCKS5 relay closed: up=724 down=316
2026-08-11T04:54:45.493263Z DEBUG meow_listener::socks5: SOCKS5 relay closed: up=723 down=316
2026-08-11T04:54:52.071964Z  INFO meow_ios_ffi::tun2socks: UDP reply reader idle (both directions) > 60s for (172.19.0.1:51379, 28.0.2.160:443); evicting session
2026-08-11T04:54:52.072507Z DEBUG meow_listener::socks5_udp: SOCKS5 UDP ASSOCIATE from 127.0.0.1:62534 closed; tearing down 2 sessions
2026-08-11T04:54:58.907093Z  INFO meow_ios_ffi::tun2socks: UDP reply reader idle (both directions) > 60s for (172.19.0.1:51107, 28.0.0.194:443); evicting session
2026-08-11T04:54:58.907684Z DEBUG meow_listener::socks5_udp: SOCKS5 UDP ASSOCIATE from 127.0.0.1:62564 closed; tearing down 2 sessions
2026-08-11T04:54:59.935714Z DEBUG meow_listener::sniffer: sniffer: 127.0.0.1:62652 --> 28.0.3.204:443 (tcp) → mssdk3-normal-hj.zijieapi.com
2026-08-11T04:54:59.935788Z DEBUG meow_listener::socks5: SOCKS5 CONNECT to 28.0.3.204:443
2026-08-11T04:54:59.935827Z DEBUG meow_tunnel::tunnel: pre_handle_metadata: fake-ip 28.0.3.204 → mssdk3-normal-hj.zijieapi.com
2026-08-11T04:54:59.935899Z  INFO meow_listener::socks5: 127.0.0.1:62652 --> mssdk3-normal-hj.zijieapi.com:443 match RULE-SET(reject-domain) using Block
2026-08-11T04:55:02.637987Z DEBUG meow_listener::socks5: SOCKS5 relay closed: up=0 down=0
2026-08-11T04:55:02.844839Z  INFO meow_ios_ffi::tun2socks: UDP reply reader idle (both directions) > 60s for (172.19.0.1:58694, 28.0.0.189:443); evicting session
2026-08-11T04:55:02.845357Z DEBUG meow_listener::socks5_udp: SOCKS5 UDP ASSOCIATE from 127.0.0.1:62561 closed; tearing down 2 sessions
2026-08-11T04:55:07.915682Z DEBUG meow_dns::server: DNS query: p96-sign.douyinpic.com type=1
2026-08-11T04:55:07.917201Z DEBUG meow_listener::sniffer: sniffer: 127.0.0.1:62654 --> 28.0.2.157:443 (tcp) → p96-sign.douyinpic.com
2026-08-11T04:55:07.917222Z DEBUG meow_listener::socks5: SOCKS5 CONNECT to 28.0.2.157:443
2026-08-11T04:55:07.917246Z DEBUG meow_tunnel::tunnel: pre_handle_metadata: fake-ip 28.0.2.157 → p96-sign.douyinpic.com
2026-08-11T04:55:07.917279Z  INFO meow_listener::socks5: 127.0.0.1:62654 --> p96-sign.douyinpic.com:443 match MATCH() using DIRECT
2026-08-11T04:55:07.917313Z DEBUG meow_dns::resolver: DNS lookup: p96-sign.douyinpic.com
2026-08-11T04:55:08.705355Z DEBUG meow_listener::socks5_udp: SOCKS5 UDP ASSOCIATE from 127.0.0.1:62668: relay bound on 127.0.0.1:57367
2026-08-11T04:55:08.705635Z DEBUG meow_tunnel::tunnel: pre_handle_metadata: fake-ip 28.0.0.179 → ecom5-normal-hl.ecombdapi.com
2026-08-11T04:55:08.705669Z DEBUG meow_dns::resolver: DNS lookup: ecom5-normal-hl.ecombdapi.com
2026-08-11T04:55:08.712906Z DEBUG meow_listener::socks5_udp: SOCKS5 UDP ASSOCIATE from 127.0.0.1:62677: relay bound on 127.0.0.1:52180
2026-08-11T04:55:08.713428Z DEBUG meow_tunnel::tunnel: pre_handle_metadata: fake-ip 28.0.0.189 → search5-search-hl.amemv.com
2026-08-11T04:55:08.713486Z DEBUG meow_dns::resolver: DNS lookup: search5-search-hl.amemv.com
2026-08-11T04:55:08.719230Z DEBUG meow_listener::socks5_udp: SOCKS5 UDP ASSOCIATE from 127.0.0.1:62684: relay bound on 127.0.0.1:51649
2026-08-11T04:55:08.719723Z DEBUG meow_tunnel::tunnel: pre_handle_metadata: fake-ip 28.0.0.194 → webcast5-core-hl.amemv.com
2026-08-11T04:55:08.719771Z DEBUG meow_dns::resolver: DNS lookup: webcast5-core-hl.amemv.com
2026-08-11T04:55:08.723011Z DEBUG meow_listener::sniffer: sniffer: 127.0.0.1:62661 --> 28.0.0.168:443 (tcp) → api-normal-m.amemv.com
2026-08-11T04:55:08.723055Z DEBUG meow_listener::socks5: SOCKS5 CONNECT to 28.0.0.168:443
2026-08-11T04:55:08.723140Z DEBUG meow_tunnel::tunnel: pre_handle_metadata: fake-ip 28.0.0.168 → api-normal-m.amemv.com
2026-08-11T04:55:08.723281Z  INFO meow_listener::socks5: 127.0.0.1:62661 --> api-normal-m.amemv.com:443 match MATCH() using DIRECT
2026-08-11T04:55:08.723340Z DEBUG meow_listener::sniffer: sniffer: 127.0.0.1:62663 --> 28.0.0.170:443 (tcp) → api5-social-m-hl.amemv.com
2026-08-11T04:55:08.723371Z DEBUG meow_listener::socks5: SOCKS5 CONNECT to 28.0.0.170:443
2026-08-11T04:55:08.723425Z DEBUG meow_dns::resolver: DNS lookup: api-normal-m.amemv.com
2026-08-11T04:55:08.723435Z DEBUG meow_tunnel::tunnel: pre_handle_metadata: fake-ip 28.0.0.170 → api5-social-m-hl.amemv.com
2026-08-11T04:55:08.723506Z  INFO meow_listener::socks5: 127.0.0.1:62663 --> api5-social-m-hl.amemv.com:443 match MATCH() using DIRECT
2026-08-11T04:55:08.723558Z DEBUG meow_dns::resolver: DNS lookup: api5-social-m-hl.amemv.com
2026-08-11T04:55:08.726597Z DEBUG meow_listener::socks5_udp: SOCKS5 UDP ASSOCIATE from 127.0.0.1:62691: relay bound on 127.0.0.1:56058
2026-08-11T04:55:08.726597Z DEBUG meow_listener::sniffer: sniffer: 127.0.0.1:62667 --> 28.0.0.175:443 (tcp) → ecom-normal-m.ecombdapi.com
2026-08-11T04:55:08.726623Z DEBUG meow_listener::socks5: SOCKS5 CONNECT to 28.0.0.175:443
2026-08-11T04:55:08.726636Z DEBUG meow_tunnel::tunnel: pre_handle_metadata: fake-ip 28.0.0.175 → ecom-normal-m.ecombdapi.com
2026-08-11T04:55:08.726649Z DEBUG meow_listener::sniffer: sniffer: 127.0.0.1:62665 --> 28.0.0.172:443 (tcp) → api5-hl.qishui.com
2026-08-11T04:55:08.726657Z DEBUG meow_listener::socks5: SOCKS5 CONNECT to 28.0.0.172:443
2026-08-11T04:55:08.726667Z DEBUG meow_tunnel::tunnel: pre_handle_metadata: fake-ip 28.0.0.172 → api5-hl.qishui.com
2026-08-11T04:55:08.726674Z  INFO meow_listener::socks5: 127.0.0.1:62667 --> ecom-normal-m.ecombdapi.com:443 match MATCH() using DIRECT
2026-08-11T04:55:08.726691Z  INFO meow_listener::socks5: 127.0.0.1:62665 --> api5-hl.qishui.com:443 match MATCH() using DIRECT
2026-08-11T04:55:08.726726Z DEBUG meow_dns::resolver: DNS lookup: api5-hl.qishui.com
2026-08-11T04:55:08.726743Z DEBUG meow_dns::resolver: DNS lookup: ecom-normal-m.ecombdapi.com
2026-08-11T04:55:08.728539Z DEBUG meow_listener::sniffer: sniffer: 127.0.0.1:62688 --> 28.0.0.195:443 (tcp) → webcast-normal-m.amemv.com
2026-08-11T04:55:08.728556Z DEBUG meow_listener::socks5: SOCKS5 CONNECT to 28.0.0.195:443
2026-08-11T04:55:08.728566Z DEBUG meow_tunnel::tunnel: pre_handle_metadata: fake-ip 28.0.0.195 → webcast-normal-m.amemv.com
2026-08-11T04:55:08.728586Z  INFO meow_listener::socks5: 127.0.0.1:62688 --> webcast-normal-m.amemv.com:443 match MATCH() using DIRECT
2026-08-11T04:55:08.728596Z DEBUG meow_listener::sniffer: sniffer: 127.0.0.1:62683 --> 28.0.0.191:443 (tcp) → webcast-core-m.amemv.com
2026-08-11T04:55:08.728606Z DEBUG meow_listener::socks5: SOCKS5 CONNECT to 28.0.0.191:443
2026-08-11T04:55:08.728614Z DEBUG meow_tunnel::tunnel: pre_handle_metadata: fake-ip 28.0.0.191 → webcast-core-m.amemv.com
2026-08-11T04:55:08.728617Z DEBUG meow_dns::resolver: DNS lookup: webcast-normal-m.amemv.com
2026-08-11T04:55:08.728627Z  INFO meow_listener::socks5: 127.0.0.1:62683 --> webcast-core-m.amemv.com:443 match MATCH() using DIRECT
2026-08-11T04:55:08.728659Z DEBUG meow_dns::resolver: DNS lookup: webcast-core-m.amemv.com
2026-08-11T04:55:08.730959Z DEBUG meow_listener::sniffer: sniffer: 127.0.0.1:62674 --> 28.0.0.181:443 (tcp) → life5-normal-m-hl.amemv.com
2026-08-11T04:55:08.730991Z DEBUG meow_listener::socks5: SOCKS5 CONNECT to 28.0.0.181:443
2026-08-11T04:55:08.731009Z DEBUG meow_tunnel::tunnel: pre_handle_metadata: fake-ip 28.0.0.181 → life5-normal-m-hl.amemv.com
2026-08-11T04:55:08.731050Z  INFO meow_listener::socks5: 127.0.0.1:62674 --> life5-normal-m-hl.amemv.com:443 match MATCH() using DIRECT
2026-08-11T04:55:08.731155Z DEBUG meow_listener::sniffer: sniffer: 127.0.0.1:62676 --> 28.0.0.187:443 (tcp) → ma5-normal-hl.zijieapi.com
2026-08-11T04:55:08.731218Z DEBUG meow_listener::socks5: SOCKS5 CONNECT to 28.0.0.187:443
2026-08-11T04:55:08.731234Z DEBUG meow_tunnel::tunnel: pre_handle_metadata: fake-ip 28.0.0.187 → ma5-normal-hl.zijieapi.com
2026-08-11T04:55:08.731260Z  INFO meow_listener::socks5: 127.0.0.1:62676 --> ma5-normal-hl.zijieapi.com:443 match RULE-SET(reject-domain) using Block
2026-08-11T04:55:08.731330Z DEBUG meow_dns::resolver: DNS lookup: life5-normal-m-hl.amemv.com
2026-08-11T04:55:08.732227Z DEBUG meow_tunnel::tunnel: pre_handle_metadata: fake-ip 28.0.0.199 → webcast5-normal-lf.amemv.com
2026-08-11T04:55:08.732259Z DEBUG meow_dns::resolver: DNS lookup: webcast5-normal-lf.amemv.com
2026-08-11T04:55:08.793820Z DEBUG meow_tunnel::tunnel: pre_handle_metadata: fake-ip 28.0.0.189 → search5-search-hl.amemv.com
2026-08-11T04:55:08.795356Z DEBUG meow_tunnel::tunnel: pre_handle_metadata: fake-ip 28.0.0.199 → webcast5-normal-lf.amemv.com
2026-08-11T04:55:08.819951Z DEBUG meow_tunnel::tunnel: pre_handle_metadata: fake-ip 28.0.0.179 → ecom5-normal-hl.ecombdapi.com
2026-08-11T04:55:08.820466Z DEBUG meow_tunnel::tunnel: pre_handle_metadata: fake-ip 28.0.0.194 → webcast5-core-hl.amemv.com
2026-08-11T04:55:08.834193Z DEBUG meow_tunnel::tunnel: pre_handle_metadata: fake-ip 28.0.0.189 → search5-search-hl.amemv.com
2026-08-11T04:55:08.834505Z DEBUG meow_tunnel::tunnel: pre_handle_metadata: fake-ip 28.0.0.199 → webcast5-normal-lf.amemv.com
2026-08-11T04:55:09.434547Z DEBUG meow_listener::socks5: SOCKS5 relay closed: up=517 down=0
2026-08-11T04:55:10.013499Z  INFO meow_ios_ffi::tun2socks: UDP reply reader idle (both directions) > 60s for (172.19.0.1:57392, 28.0.0.199:443); evicting session
2026-08-11T04:55:10.014162Z DEBUG meow_listener::socks5_udp: SOCKS5 UDP ASSOCIATE from 127.0.0.1:62499 closed; tearing down 1 sessions
2026-08-11T04:55:12.524879Z DEBUG meow_listener::socks5: SOCKS5 relay closed: up=517 down=0
2026-08-11T04:55:13.711269Z DEBUG meow_listener::socks5: SOCKS5 relay closed: up=1099 down=3048
2026-08-11T04:55:14.284585Z DEBUG meow_dns::server: DNS query: signal-t1-v6-az1.rtcxyz.com type=1
2026-08-11T04:55:19.478745Z DEBUG meow_listener::socks5: SOCKS5 relay closed: up=517 down=0
2026-08-11T04:55:19.996831Z DEBUG meow_listener::socks5: SOCKS5 relay closed: up=34198 down=17847396
2026-08-11T04:55:21.273079Z DEBUG meow_listener::sniffer: sniffer: 127.0.0.1:62732 --> 28.0.0.74:443 (tcp) → p11-sign.douyinpic.com
2026-08-11T04:55:21.273124Z DEBUG meow_listener::socks5: SOCKS5 CONNECT to 28.0.0.74:443
2026-08-11T04:55:21.273145Z DEBUG meow_tunnel::tunnel: pre_handle_metadata: fake-ip 28.0.0.74 → p11-sign.douyinpic.com
2026-08-11T04:55:21.273175Z  INFO meow_listener::socks5: 127.0.0.1:62732 --> p11-sign.douyinpic.com:443 match MATCH() using DIRECT
2026-08-11T04:55:21.273209Z DEBUG meow_dns::resolver: DNS lookup: p11-sign.douyinpic.com
2026-08-11T04:55:22.515338Z DEBUG meow_listener::socks5_udp: SOCKS5 UDP ASSOCIATE from 127.0.0.1:62738: relay bound on 127.0.0.1:64612
2026-08-11T04:55:22.515945Z DEBUG meow_tunnel::tunnel: pre_handle_metadata: fake-ip 28.0.2.160 → api5-core-zjg.amemv.com
2026-08-11T04:55:22.516025Z DEBUG meow_dns::resolver: DNS lookup: api5-core-zjg.amemv.com
2026-08-11T04:55:22.603168Z DEBUG meow_tunnel::tunnel: pre_handle_metadata: fake-ip 28.0.2.160 → api5-core-zjg.amemv.com
2026-08-11T04:55:22.616546Z DEBUG meow_tunnel::tunnel: pre_handle_metadata: fake-ip 28.0.2.160 → api5-core-zjg.amemv.com
2026-08-11T04:55:22.617065Z DEBUG meow_tunnel::tunnel: pre_handle_metadata: fake-ip 28.0.2.160 → api5-core-zjg.amemv.com
2026-08-11T04:55:22.617168Z DEBUG meow_tunnel::tunnel: pre_handle_metadata: fake-ip 28.0.2.160 → api5-core-zjg.amemv.com
2026-08-11T04:55:22.617221Z DEBUG meow_tunnel::tunnel: pre_handle_metadata: fake-ip 28.0.2.160 → api5-core-zjg.amemv.com
2026-08-11T04:55:22.617267Z DEBUG meow_tunnel::tunnel: pre_handle_metadata: fake-ip 28.0.2.160 → api5-core-zjg.amemv.com
2026-08-11T04:55:22.617310Z DEBUG meow_tunnel::tunnel: pre_handle_metadata: fake-ip 28.0.2.160 → api5-core-zjg.amemv.com
2026-08-11T04:55:22.661942Z DEBUG meow_tunnel::tunnel: pre_handle_metadata: fake-ip 28.0.2.160 → api5-core-zjg.amemv.com
2026-08-11T04:55:22.811345Z DEBUG meow_tunnel::tunnel: pre_handle_metadata: fake-ip 28.0.2.160 → api5-core-zjg.amemv.com
2026-08-11T04:55:25.492762Z DEBUG meow_listener::sniffer: sniffer: 127.0.0.1:62746 --> 28.0.3.204:443 (tcp) → mssdk3-normal-hj.zijieapi.com
2026-08-11T04:55:25.492842Z DEBUG meow_listener::socks5: SOCKS5 CONNECT to 28.0.3.204:443
2026-08-11T04:55:25.492882Z DEBUG meow_tunnel::tunnel: pre_handle_metadata: fake-ip 28.0.3.204 → mssdk3-normal-hj.zijieapi.com
2026-08-11T04:55:25.492955Z  INFO meow_listener::socks5: 127.0.0.1:62746 --> mssdk3-normal-hj.zijieapi.com:443 match RULE-SET(reject-domain) using Block
2026-08-11T04:55:26.530318Z  WARN meow_listener::socks5: oauthaccountmanager.googleapis.com:443 SOCKS5 dial error: IO error: Operation timed out (os error 60)
2026-08-11T04:55:26.531547Z  WARN meow_listener::socks5: oauthaccountmanager.googleapis.com:443 SOCKS5 dial error: IO error: Operation timed out (os error 60)
2026-08-11T04:55:26.531696Z  WARN meow_listener::socks5: oauthaccountmanager.googleapis.com:443 SOCKS5 dial error: IO error: Operation timed out (os error 60)
2026-08-11T04:55:26.738996Z DEBUG meow_listener::sniffer: sniffer: 127.0.0.1:62748 --> 39.136.113.249:443 (tcp) → v95-bjb-mc-cold.douyinvod.com
2026-08-11T04:55:26.739049Z DEBUG meow_listener::socks5: SOCKS5 CONNECT to 39.136.113.249:443
2026-08-11T04:55:26.739129Z  INFO meow_listener::socks5: 127.0.0.1:62748 --> 39.136.113.249:443 match MATCH() using DIRECT
2026-08-11T04:55:26.886899Z DEBUG meow_listener::socks5_udp: SOCKS5 UDP ASSOCIATE from 127.0.0.1:62751: relay bound on 127.0.0.1:53273
2026-08-11T04:55:26.886882Z DEBUG meow_listener::socks5_udp: SOCKS5 UDP ASSOCIATE from 127.0.0.1:62750: relay bound on 127.0.0.1:55422
2026-08-11T04:55:26.887288Z DEBUG meow_tunnel::tunnel: pre_handle_metadata: fake-ip 28.0.3.241 → vc-brain-hl.ndcpp.com
2026-08-11T04:55:26.887657Z DEBUG meow_tunnel::tunnel: pre_handle_metadata: fake-ip 28.0.3.241 → vc-brain-hl.ndcpp.com
2026-08-11T04:55:27.111139Z  WARN meow_listener::socks5: www.googleapis.com:443 SOCKS5 dial error: IO error: Operation timed out (os error 60)
2026-08-11T04:55:27.392142Z DEBUG meow_tunnel::tunnel: pre_handle_metadata: fake-ip 28.0.3.241 → vc-brain-hl.ndcpp.com
2026-08-11T04:55:27.392229Z DEBUG meow_tunnel::tunnel: pre_handle_metadata: fake-ip 28.0.3.241 → vc-brain-hl.ndcpp.com
2026-08-11T04:55:27.894255Z DEBUG meow_tunnel::tunnel: pre_handle_metadata: fake-ip 28.0.3.241 → vc-brain-hl.ndcpp.com
2026-08-11T04:55:27.894338Z DEBUG meow_tunnel::tunnel: pre_handle_metadata: fake-ip 28.0.3.241 → vc-brain-hl.ndcpp.com
2026-08-11T04:55:28.396213Z DEBUG meow_tunnel::tunnel: pre_handle_metadata: fake-ip 28.0.3.241 → vc-brain-hl.ndcpp.com
2026-08-11T04:55:28.820617Z DEBUG meow_tunnel::tunnel: pre_handle_metadata: fake-ip 28.0.0.179 → ecom5-normal-hl.ecombdapi.com
2026-08-11T04:55:28.820638Z DEBUG meow_tunnel::tunnel: pre_handle_metadata: fake-ip 28.0.0.194 → webcast5-core-hl.amemv.com
2026-08-11T04:55:28.835570Z DEBUG meow_tunnel::tunnel: pre_handle_metadata: fake-ip 28.0.0.189 → search5-search-hl.amemv.com
2026-08-11T04:55:28.835628Z DEBUG meow_dns::resolver: DNS lookup: search5-search-hl.amemv.com
2026-08-11T04:55:28.835649Z DEBUG meow_tunnel::tunnel: pre_handle_metadata: fake-ip 28.0.0.199 → webcast5-normal-lf.amemv.com
2026-08-11T04:55:28.898933Z DEBUG meow_tunnel::tunnel: pre_handle_metadata: fake-ip 28.0.3.241 → vc-brain-hl.ndcpp.com
2026-08-11T04:55:29.405184Z DEBUG meow_tunnel::tunnel: pre_handle_metadata: fake-ip 28.0.3.241 → vc-brain-hl.ndcpp.com
2026-08-11T04:55:29.729360Z DEBUG meow_listener::socks5: SOCKS5 relay closed: up=517 down=0
2026-08-11T04:55:29.909451Z DEBUG meow_tunnel::tunnel: pre_handle_metadata: fake-ip 28.0.3.241 → vc-brain-hl.ndcpp.com
2026-08-11T04:55:30.142697Z DEBUG meow_listener::sniffer: sniffer: 127.0.0.1:62757 --> 28.0.3.204:443 (tcp) → mssdk3-normal-hj.zijieapi.com
2026-08-11T04:55:30.142760Z DEBUG meow_listener::socks5: SOCKS5 CONNECT to 28.0.3.204:443
2026-08-11T04:55:30.142792Z DEBUG meow_tunnel::tunnel: pre_handle_metadata: fake-ip 28.0.3.204 → mssdk3-normal-hj.zijieapi.com
2026-08-11T04:55:30.142910Z  INFO meow_listener::socks5: 127.0.0.1:62757 --> mssdk3-normal-hj.zijieapi.com:443 match RULE-SET(reject-domain) using Block
2026-08-11T04:55:30.411856Z DEBUG meow_tunnel::tunnel: pre_handle_metadata: fake-ip 28.0.3.241 → vc-brain-hl.ndcpp.com
2026-08-11T04:55:32.777915Z DEBUG meow_dns::server: DNS query: orzonera.yingt.fun type=1
2026-08-11T04:55:32.782542Z DEBUG meow_listener::sniffer: sniffer: 127.0.0.1:62759 --> 28.0.3.250:443 (tcp) → orzonera.yingt.fun
2026-08-11T04:55:32.782570Z DEBUG meow_listener::socks5: SOCKS5 CONNECT to 28.0.3.250:443
2026-08-11T04:55:32.782588Z DEBUG meow_tunnel::tunnel: pre_handle_metadata: fake-ip 28.0.3.250 → orzonera.yingt.fun
2026-08-11T04:55:32.782631Z  INFO meow_listener::socks5: 127.0.0.1:62759 --> orzonera.yingt.fun:443 match MATCH() using DIRECT
2026-08-11T04:55:33.097978Z DEBUG meow_listener::socks5: SOCKS5 relay closed: up=2026 down=4627
2026-08-11T04:55:33.100415Z DEBUG meow_listener::socks5: SOCKS5 CONNECT to 111.31.36.96:80
2026-08-11T04:55:33.100535Z  INFO meow_listener::socks5: 127.0.0.1:62762 --> orzonera.yingt.fun:80 match MATCH() using DIRECT
2026-08-11T04:55:33.238196Z DEBUG meow_listener::socks5: SOCKS5 relay closed: up=1473 down=1156
2026-08-11T04:55:33.240538Z DEBUG meow_listener::socks5: SOCKS5 CONNECT to 120.241.72.120:2038
2026-08-11T04:55:33.240601Z  INFO meow_listener::socks5: 127.0.0.1:62766 --> 120.241.72.120:2038 match MATCH() using DIRECT
2026-08-11T04:55:33.240919Z DEBUG meow_listener::socks5: SOCKS5 CONNECT to 123.88.129.90:2007
2026-08-11T04:55:33.240937Z  INFO meow_listener::socks5: 127.0.0.1:62767 --> 123.88.129.90:2007 match MATCH() using DIRECT
2026-08-11T04:55:36.889773Z  WARN meow_ios_ffi::tun2socks: UDP first-reply deadline exceeded for (172.19.0.1:8568, 28.0.3.241:9681) after 10000 ms; evicting session
2026-08-11T04:55:36.889775Z  WARN meow_ios_ffi::tun2socks: UDP first-reply deadline exceeded for (172.19.0.1:8568, 28.0.3.241:9681) after 10000 ms; evicting session
2026-08-11T04:55:36.890151Z DEBUG meow_listener::socks5_udp: SOCKS5 UDP ASSOCIATE from 127.0.0.1:62750 closed; tearing down 1 sessions
2026-08-11T04:55:36.890287Z DEBUG meow_listener::socks5_udp: SOCKS5 UDP ASSOCIATE from 127.0.0.1:62751 closed; tearing down 1 sessions
2026-08-11T04:55:38.877483Z  INFO meow_ios_ffi::tun2socks: UDP reply reader idle (both directions) > 60s for (172.19.0.1:54720, 28.0.0.179:443); evicting session
2026-08-11T04:55:38.877678Z DEBUG meow_listener::socks5_udp: SOCKS5 UDP ASSOCIATE from 127.0.0.1:62552 closed; tearing down 1 sessions
2026-08-11T04:55:40.599730Z DEBUG meow_listener::socks5: SOCKS5 relay closed: up=1094 down=6558
2026-08-11T04:55:41.430990Z DEBUG meow_dns::server: DNS query: signal-t1-v6-az2-01.rtcxyz.com type=1
2026-08-11T04:55:42.618241Z DEBUG meow_tunnel::tunnel: pre_handle_metadata: fake-ip 28.0.2.160 → api5-core-zjg.amemv.com
2026-08-11T04:55:42.618314Z DEBUG meow_dns::resolver: DNS lookup: api5-core-zjg.amemv.com
2026-08-11T04:55:43.713006Z  WARN meow_ios_ffi::tun2socks: tun2socks: idle TTL (600000 ms) exceeded, closing flow 560 172.19.0.1:59682 -> 28.0.2.195:443
2026-08-11T04:55:44.995921Z DEBUG meow_listener::socks5_udp: SOCKS5 UDP ASSOCIATE from 127.0.0.1:62774: relay bound on 127.0.0.1:60248
2026-08-11T04:55:44.996271Z DEBUG meow_tunnel::tunnel: pre_handle_metadata: fake-ip 28.0.3.220 → vc-brain.ndcpp.com
2026-08-11T04:55:45.472884Z DEBUG meow_listener::socks5: SOCKS5 relay closed: up=517 down=0
2026-08-11T04:55:46.382719Z DEBUG meow_listener::socks5: SOCKS5 CONNECT to 28.0.0.148:443
2026-08-11T04:55:46.382785Z DEBUG meow_tunnel::tunnel: pre_handle_metadata: fake-ip 28.0.0.148 → www.bytedance.com
2026-08-11T04:55:46.382841Z  INFO meow_listener::socks5: 127.0.0.1:62776 --> www.bytedance.com:443 match RULE-SET(reject-domain) using Block
2026-08-11T04:55:48.821747Z DEBUG meow_tunnel::tunnel: pre_handle_metadata: fake-ip 28.0.0.194 → webcast5-core-hl.amemv.com
2026-08-11T04:55:48.821825Z DEBUG meow_tunnel::tunnel: pre_handle_metadata: fake-ip 28.0.0.179 → ecom5-normal-hl.ecombdapi.com
2026-08-11T04:55:48.821830Z DEBUG meow_dns::resolver: DNS lookup: webcast5-core-hl.amemv.com
2026-08-11T04:55:48.821851Z DEBUG meow_dns::resolver: DNS lookup: ecom5-normal-hl.ecombdapi.com
2026-08-11T04:55:48.837251Z DEBUG meow_tunnel::tunnel: pre_handle_metadata: fake-ip 28.0.0.199 → webcast5-normal-lf.amemv.com
2026-08-11T04:55:48.837314Z DEBUG meow_dns::resolver: DNS lookup: webcast5-normal-lf.amemv.com
2026-08-11T04:55:53.606055Z DEBUG meow_listener::socks5: SOCKS5 CONNECT to 28.0.0.148:443
2026-08-11T04:55:53.606139Z DEBUG meow_tunnel::tunnel: pre_handle_metadata: fake-ip 28.0.0.148 → www.bytedance.com
2026-08-11T04:55:53.606221Z  INFO meow_listener::socks5: 127.0.0.1:62790 --> www.bytedance.com:443 match RULE-SET(reject-domain) using Block
2026-08-11T04:55:54.997724Z  WARN meow_ios_ffi::tun2socks: UDP first-reply deadline exceeded for (172.19.0.1:8567, 28.0.3.220:9681) after 10000 ms; evicting session
2026-08-11T04:55:54.998319Z DEBUG meow_listener::socks5_udp: SOCKS5 UDP ASSOCIATE from 127.0.0.1:62774 closed; tearing down 1 sessions
2026-08-11T04:55:55.598775Z DEBUG meow_listener::sniffer: sniffer: 127.0.0.1:62792 --> 28.0.3.204:443 (tcp) → mssdk3-normal-hj.zijieapi.com
2026-08-11T04:55:55.598833Z DEBUG meow_listener::socks5: SOCKS5 CONNECT to 28.0.3.204:443
2026-08-11T04:55:55.598865Z DEBUG meow_tunnel::tunnel: pre_handle_metadata: fake-ip 28.0.3.204 → mssdk3-normal-hj.zijieapi.com
2026-08-11T04:55:55.598918Z  INFO meow_listener::socks5: 127.0.0.1:62792 --> mssdk3-normal-hj.zijieapi.com:443 match RULE-SET(reject-domain) using Block
2026-08-11T04:55:59.938801Z DEBUG meow_listener::socks5: SOCKS5 relay closed: up=517 down=0
2026-08-11T04:56:00.352759Z DEBUG meow_listener::sniffer: sniffer: 127.0.0.1:62794 --> 28.0.3.204:443 (tcp) → mssdk3-normal-hj.zijieapi.com
2026-08-11T04:56:00.352821Z DEBUG meow_listener::socks5: SOCKS5 CONNECT to 28.0.3.204:443
2026-08-11T04:56:00.352853Z DEBUG meow_tunnel::tunnel: pre_handle_metadata: fake-ip 28.0.3.204 → mssdk3-normal-hj.zijieapi.com
2026-08-11T04:56:00.352912Z  INFO meow_listener::socks5: 127.0.0.1:62794 --> mssdk3-normal-hj.zijieapi.com:443 match RULE-SET(reject-domain) using Block
2026-08-11T04:56:05.088347Z DEBUG meow_dns::server: DNS query: signal-t1-v4-az1.rtcxyz.com type=1
2026-08-11T04:56:05.090790Z DEBUG meow_dns::server: DNS query: signal-t1-v4-az2-01.rtcxyz.com type=1
2026-08-11T04:56:05.092794Z DEBUG meow_dns::server: DNS query: vcl-brain.ndcpp.com type=1
2026-08-11T04:56:07.731734Z DEBUG meow_listener::socks5: SOCKS5 relay closed: up=2224 down=1279
2026-08-11T04:56:08.733864Z DEBUG meow_listener::socks5: SOCKS5 relay closed: up=517 down=0
2026-08-11T04:56:08.860732Z DEBUG meow_listener::socks5: SOCKS5 relay closed: up=671 down=4961
2026-08-11T04:56:09.912710Z DEBUG meow_listener::socks5: SOCKS5 relay closed: up=10575 down=5248638
2026-08-11T04:56:13.118361Z DEBUG meow_listener::socks5: SOCKS5 CONNECT to 123.88.129.90:2007
2026-08-11T04:56:13.118461Z  INFO meow_listener::socks5: 127.0.0.1:62796 --> 123.88.129.90:2007 match MATCH() using DIRECT
2026-08-11T04:56:13.715573Z  WARN meow_ios_ffi::tun2socks: tun2socks: idle TTL (600000 ms) exceeded, closing flow 589 172.19.0.1:60026 -> 28.0.3.229:443
2026-08-11T04:56:13.715661Z DEBUG meow_listener::socks5: SOCKS5 relay closed: up=1234 down=8902
2026-08-11T04:56:14.625159Z DEBUG meow_dns::server: DNS query: signal-t1-v6-az1.rtcxyz.com type=1
2026-08-11T04:56:16.068841Z DEBUG meow_listener::socks5: SOCKS5 CONNECT to 28.0.0.148:443
2026-08-11T04:56:16.068899Z DEBUG meow_tunnel::tunnel: pre_handle_metadata: fake-ip 28.0.0.148 → www.bytedance.com
2026-08-11T04:56:16.068955Z  INFO meow_listener::socks5: 127.0.0.1:62799 --> www.bytedance.com:443 match RULE-SET(reject-domain) using Block
2026-08-11T04:56:18.743028Z DEBUG meow_listener::socks5: SOCKS5 relay error: Broken pipe (os error 32)
2026-08-11T04:56:19.024071Z DEBUG meow_listener::socks5: SOCKS5 relay error: Broken pipe (os error 32)
2026-08-11T04:56:21.655843Z DEBUG meow_listener::socks5: SOCKS5 relay closed: up=1297 down=9166
2026-08-11T04:56:22.527436Z DEBUG meow_listener::socks5: SOCKS5 CONNECT to 28.0.0.148:443
2026-08-11T04:56:22.527508Z DEBUG meow_tunnel::tunnel: pre_handle_metadata: fake-ip 28.0.0.148 → www.bytedance.com
2026-08-11T04:56:22.527571Z  INFO meow_listener::socks5: 127.0.0.1:62801 --> www.bytedance.com:443 match RULE-SET(reject-domain) using Block
2026-08-11T04:56:25.497126Z DEBUG meow_listener::socks5: SOCKS5 relay closed: up=517 down=0
2026-08-11T04:56:26.127585Z DEBUG meow_listener::sniffer: sniffer: 127.0.0.1:62803 --> 28.0.3.204:443 (tcp) → mssdk3-normal-hj.zijieapi.com
2026-08-11T04:56:26.127649Z DEBUG meow_listener::socks5: SOCKS5 CONNECT to 28.0.3.204:443
2026-08-11T04:56:26.127673Z DEBUG meow_tunnel::tunnel: pre_handle_metadata: fake-ip 28.0.3.204 → mssdk3-normal-hj.zijieapi.com
2026-08-11T04:56:26.127719Z  INFO meow_listener::socks5: 127.0.0.1:62803 --> mssdk3-normal-hj.zijieapi.com:443 match RULE-SET(reject-domain) using Block
2026-08-11T04:56:26.174593Z DEBUG meow_listener::socks5: SOCKS5 relay closed: up=699 down=316
2026-08-11T04:56:26.174895Z DEBUG meow_listener::socks5: SOCKS5 relay closed: up=689 down=4929
2026-08-11T04:56:26.174932Z DEBUG meow_listener::socks5: SOCKS5 relay closed: up=724 down=316
2026-08-11T04:56:26.175220Z DEBUG meow_listener::socks5: SOCKS5 relay closed: up=723 down=316
2026-08-11T04:56:26.175302Z DEBUG meow_listener::socks5: SOCKS5 relay closed: up=724 down=316
2026-08-11T04:56:26.175488Z DEBUG meow_listener::socks5: SOCKS5 relay closed: up=723 down=316
2026-08-11T04:56:28.938154Z  INFO meow_ios_ffi::tun2socks: UDP reply reader idle (both directions) > 60s for (172.19.0.1:58597, 28.0.0.189:443); evicting session
2026-08-11T04:56:28.938775Z DEBUG meow_listener::socks5_udp: SOCKS5 UDP ASSOCIATE from 127.0.0.1:62677 closed; tearing down 2 sessions
2026-08-11T04:56:30.145228Z DEBUG meow_listener::socks5: SOCKS5 relay closed: up=517 down=0
2026-08-11T04:56:30.559075Z DEBUG meow_listener::sniffer: sniffer: 127.0.0.1:62805 --> 28.0.3.204:443 (tcp) → mssdk3-normal-hj.zijieapi.com
2026-08-11T04:56:30.559131Z DEBUG meow_listener::socks5: SOCKS5 CONNECT to 28.0.3.204:443
2026-08-11T04:56:30.559153Z DEBUG meow_tunnel::tunnel: pre_handle_metadata: fake-ip 28.0.3.204 → mssdk3-normal-hj.zijieapi.com
2026-08-11T04:56:30.559201Z  INFO meow_listener::socks5: 127.0.0.1:62805 --> mssdk3-normal-hj.zijieapi.com:443 match RULE-SET(reject-domain) using Block
2026-08-11T04:56:33.877358Z DEBUG meow_listener::socks5: SOCKS5 relay error: Operation timed out (os error 60)
2026-08-11T04:56:36.165980Z  WARN meow_ios_ffi::tun2socks: tun2socks: mixed-listener dial deadline exceeded for 172.19.0.1:62802 -> 28.0.3.204:443 after 10000 ms; dropping flow
2026-08-11T04:56:36.170809Z DEBUG meow_listener::sniffer: sniffer: 127.0.0.1:62807 --> 28.0.3.204:443 (tcp) → mssdk3-normal-hj.zijieapi.com
2026-08-11T04:56:36.170843Z DEBUG meow_listener::socks5: SOCKS5 CONNECT to 28.0.3.204:443
2026-08-11T04:56:36.170863Z DEBUG meow_tunnel::tunnel: pre_handle_metadata: fake-ip 28.0.3.204 → mssdk3-normal-hj.zijieapi.com
2026-08-11T04:56:36.170906Z  INFO meow_listener::socks5: 127.0.0.1:62807 --> mssdk3-normal-hj.zijieapi.com:443 match RULE-SET(reject-domain) using Block
2026-08-11T04:56:38.702449Z DEBUG meow_listener::socks5_udp: SOCKS5 UDP ASSOCIATE from 127.0.0.1:62818: relay bound on 127.0.0.1:56369
2026-08-11T04:56:38.702692Z DEBUG meow_tunnel::tunnel: pre_handle_metadata: fake-ip 28.0.0.179 → ecom5-normal-hl.ecombdapi.com
2026-08-11T04:56:38.702736Z DEBUG meow_dns::resolver: DNS lookup: ecom5-normal-hl.ecombdapi.com
2026-08-11T04:56:38.709002Z DEBUG meow_listener::socks5_udp: SOCKS5 UDP ASSOCIATE from 127.0.0.1:62827: relay bound on 127.0.0.1:58782
2026-08-11T04:56:38.709470Z DEBUG meow_tunnel::tunnel: pre_handle_metadata: fake-ip 28.0.0.189 → search5-search-hl.amemv.com
2026-08-11T04:56:38.709499Z DEBUG meow_dns::resolver: DNS lookup: search5-search-hl.amemv.com
2026-08-11T04:56:38.714887Z DEBUG meow_listener::socks5_udp: SOCKS5 UDP ASSOCIATE from 127.0.0.1:62834: relay bound on 127.0.0.1:62912
2026-08-11T04:56:38.715469Z DEBUG meow_tunnel::tunnel: pre_handle_metadata: fake-ip 28.0.0.194 → webcast5-core-hl.amemv.com
2026-08-11T04:56:38.715592Z DEBUG meow_dns::resolver: DNS lookup: webcast5-core-hl.amemv.com
2026-08-11T04:56:38.718660Z DEBUG meow_listener::sniffer: sniffer: 127.0.0.1:62809 --> 28.0.0.168:443 (tcp) → api-normal-m.amemv.com
2026-08-11T04:56:38.718713Z DEBUG meow_listener::socks5: SOCKS5 CONNECT to 28.0.0.168:443
2026-08-11T04:56:38.718741Z DEBUG meow_tunnel::tunnel: pre_handle_metadata: fake-ip 28.0.0.168 → api-normal-m.amemv.com
2026-08-11T04:56:38.718848Z  INFO meow_listener::socks5: 127.0.0.1:62809 --> api-normal-m.amemv.com:443 match MATCH() using DIRECT
2026-08-11T04:56:38.719192Z DEBUG meow_dns::resolver: DNS lookup: api-normal-m.amemv.com
2026-08-11T04:56:38.720007Z DEBUG meow_listener::sniffer: sniffer: 127.0.0.1:62817 --> 28.0.0.175:443 (tcp) → ecom-normal-m.ecombdapi.com
2026-08-11T04:56:38.720060Z DEBUG meow_listener::socks5: SOCKS5 CONNECT to 28.0.0.175:443
2026-08-11T04:56:38.720087Z DEBUG meow_tunnel::tunnel: pre_handle_metadata: fake-ip 28.0.0.175 → ecom-normal-m.ecombdapi.com
2026-08-11T04:56:38.720136Z  INFO meow_listener::socks5: 127.0.0.1:62817 --> ecom-normal-m.ecombdapi.com:443 match MATCH() using DIRECT
2026-08-11T04:56:38.720199Z DEBUG meow_dns::resolver: DNS lookup: ecom-normal-m.ecombdapi.com
2026-08-11T04:56:38.722450Z DEBUG meow_listener::sniffer: sniffer: 127.0.0.1:62811 --> 28.0.0.170:443 (tcp) → api5-social-m-hl.amemv.com
2026-08-11T04:56:38.722496Z DEBUG meow_listener::socks5: SOCKS5 CONNECT to 28.0.0.170:443
2026-08-11T04:56:38.722522Z DEBUG meow_tunnel::tunnel: pre_handle_metadata: fake-ip 28.0.0.170 → api5-social-m-hl.amemv.com
2026-08-11T04:56:38.722569Z  INFO meow_listener::socks5: 127.0.0.1:62811 --> api5-social-m-hl.amemv.com:443 match MATCH() using DIRECT
2026-08-11T04:56:38.722644Z DEBUG meow_dns::resolver: DNS lookup: api5-social-m-hl.amemv.com
2026-08-11T04:56:38.723161Z DEBUG meow_listener::sniffer: sniffer: 127.0.0.1:62813 --> 28.0.0.172:443 (tcp) → api5-hl.qishui.com
2026-08-11T04:56:38.723190Z DEBUG meow_listener::socks5: SOCKS5 CONNECT to 28.0.0.172:443
2026-08-11T04:56:38.723210Z DEBUG meow_tunnel::tunnel: pre_handle_metadata: fake-ip 28.0.0.172 → api5-hl.qishui.com
2026-08-11T04:56:38.723244Z  INFO meow_listener::socks5: 127.0.0.1:62813 --> api5-hl.qishui.com:443 match MATCH() using DIRECT
2026-08-11T04:56:38.723287Z DEBUG meow_dns::resolver: DNS lookup: api5-hl.qishui.com
2026-08-11T04:56:38.724834Z DEBUG meow_listener::sniffer: sniffer: 127.0.0.1:62815 --> 120.233.65.160:443 (tcp) → dig.bdurl.net
2026-08-11T04:56:38.724863Z DEBUG meow_listener::socks5: SOCKS5 CONNECT to 120.233.65.160:443
2026-08-11T04:56:38.724903Z  INFO meow_listener::socks5: 127.0.0.1:62815 --> 120.233.65.160:443 match RULE-SET(reject-domain) using Block
2026-08-11T04:56:38.725179Z DEBUG meow_listener::sniffer: sniffer: 127.0.0.1:62824 --> 28.0.0.181:443 (tcp) → life5-normal-m-hl.amemv.com
2026-08-11T04:56:38.725202Z DEBUG meow_listener::socks5: SOCKS5 CONNECT to 28.0.0.181:443
2026-08-11T04:56:38.725218Z DEBUG meow_tunnel::tunnel: pre_handle_metadata: fake-ip 28.0.0.181 → life5-normal-m-hl.amemv.com
2026-08-11T04:56:38.725246Z  INFO meow_listener::socks5: 127.0.0.1:62824 --> life5-normal-m-hl.amemv.com:443 match MATCH() using DIRECT
2026-08-11T04:56:38.725290Z DEBUG meow_dns::resolver: DNS lookup: life5-normal-m-hl.amemv.com
2026-08-11T04:56:38.725742Z DEBUG meow_listener::sniffer: sniffer: 127.0.0.1:62833 --> 28.0.0.191:443 (tcp) → webcast-core-m.amemv.com
2026-08-11T04:56:38.725766Z DEBUG meow_listener::socks5: SOCKS5 CONNECT to 28.0.0.191:443
2026-08-11T04:56:38.725785Z DEBUG meow_tunnel::tunnel: pre_handle_metadata: fake-ip 28.0.0.191 → webcast-core-m.amemv.com
2026-08-11T04:56:38.725816Z  INFO meow_listener::socks5: 127.0.0.1:62833 --> webcast-core-m.amemv.com:443 match MATCH() using DIRECT
2026-08-11T04:56:38.725865Z DEBUG meow_dns::resolver: DNS lookup: webcast-core-m.amemv.com
2026-08-11T04:56:38.727295Z DEBUG meow_listener::sniffer: sniffer: 127.0.0.1:62837 --> 28.0.0.195:443 (tcp) → webcast-normal-m.amemv.com
2026-08-11T04:56:38.727321Z DEBUG meow_listener::socks5: SOCKS5 CONNECT to 28.0.0.195:443
2026-08-11T04:56:38.727335Z DEBUG meow_tunnel::tunnel: pre_handle_metadata: fake-ip 28.0.0.195 → webcast-normal-m.amemv.com
2026-08-11T04:56:38.727360Z  INFO meow_listener::socks5: 127.0.0.1:62837 --> webcast-normal-m.amemv.com:443 match MATCH() using DIRECT
2026-08-11T04:56:38.727400Z DEBUG meow_dns::resolver: DNS lookup: webcast-normal-m.amemv.com
2026-08-11T04:56:38.728187Z DEBUG meow_listener::sniffer: sniffer: 127.0.0.1:62826 --> 28.0.0.187:443 (tcp) → ma5-normal-hl.zijieapi.com
2026-08-11T04:56:38.728218Z DEBUG meow_listener::socks5: SOCKS5 CONNECT to 28.0.0.187:443
2026-08-11T04:56:38.728231Z DEBUG meow_tunnel::tunnel: pre_handle_metadata: fake-ip 28.0.0.187 → ma5-normal-hl.zijieapi.com
2026-08-11T04:56:38.728263Z  INFO meow_listener::socks5: 127.0.0.1:62826 --> ma5-normal-hl.zijieapi.com:443 match RULE-SET(reject-domain) using Block
2026-08-11T04:56:38.728675Z DEBUG meow_listener::socks5_udp: SOCKS5 UDP ASSOCIATE from 127.0.0.1:62841: relay bound on 127.0.0.1:63831
2026-08-11T04:56:38.729264Z DEBUG meow_tunnel::tunnel: pre_handle_metadata: fake-ip 28.0.0.199 → webcast5-normal-lf.amemv.com
2026-08-11T04:56:38.729287Z DEBUG meow_dns::resolver: DNS lookup: webcast5-normal-lf.amemv.com
2026-08-11T04:56:38.817446Z DEBUG meow_tunnel::tunnel: pre_handle_metadata: fake-ip 28.0.0.179 → ecom5-normal-hl.ecombdapi.com
2026-08-11T04:56:38.825591Z DEBUG meow_tunnel::tunnel: pre_handle_metadata: fake-ip 28.0.0.194 → webcast5-core-hl.amemv.com
2026-08-11T04:56:38.830594Z DEBUG meow_tunnel::tunnel: pre_handle_metadata: fake-ip 28.0.0.189 → search5-search-hl.amemv.com
2026-08-11T04:56:38.831035Z DEBUG meow_tunnel::tunnel: pre_handle_metadata: fake-ip 28.0.0.199 → webcast5-normal-lf.amemv.com
2026-08-11T04:56:40.598982Z  WARN meow_ios_ffi::tun2socks: tun2socks: mixed-listener dial deadline exceeded for 172.19.0.1:62804 -> 28.0.3.204:443 after 10000 ms; dropping flow
2026-08-11T04:56:40.604420Z DEBUG meow_listener::sniffer: sniffer: 127.0.0.1:62882 --> 28.0.3.204:443 (tcp) → mssdk3-normal-hj.zijieapi.com
2026-08-11T04:56:40.604461Z DEBUG meow_listener::socks5: SOCKS5 CONNECT to 28.0.3.204:443
2026-08-11T04:56:40.604509Z DEBUG meow_tunnel::tunnel: pre_handle_metadata: fake-ip 28.0.3.204 → mssdk3-normal-hj.zijieapi.com
2026-08-11T04:56:40.604561Z  INFO meow_listener::socks5: 127.0.0.1:62882 --> mssdk3-normal-hj.zijieapi.com:443 match RULE-SET(reject-domain) using Block
2026-08-11T04:56:40.765163Z DEBUG meow_dns::server: DNS query: tnc0-alisc1.zijieapi.com type=1
2026-08-11T04:56:40.767862Z DEBUG meow_listener::sniffer: sniffer: 127.0.0.1:62884 --> 28.0.0.83:443 (tcp) → tnc0-alisc1.zijieapi.com
2026-08-11T04:56:40.767898Z DEBUG meow_listener::socks5: SOCKS5 CONNECT to 28.0.0.83:443
2026-08-11T04:56:40.767918Z DEBUG meow_tunnel::tunnel: pre_handle_metadata: fake-ip 28.0.0.83 → tnc0-alisc1.zijieapi.com
2026-08-11T04:56:40.767970Z  INFO meow_listener::socks5: 127.0.0.1:62884 --> tnc0-alisc1.zijieapi.com:443 match RULE-SET(reject-domain) using Block
2026-08-11T04:56:41.817536Z DEBUG meow_dns::server: DNS query: signal-t1-v6-az2-01.rtcxyz.com type=1
2026-08-11T04:56:42.619132Z DEBUG meow_listener::socks5_udp: SOCKS5 UDP ASSOCIATE from 127.0.0.1:62885: relay bound on 127.0.0.1:55206
2026-08-11T04:56:42.619552Z DEBUG meow_tunnel::tunnel: pre_handle_metadata: fake-ip 28.0.2.160 → api5-core-zjg.amemv.com
2026-08-11T04:56:42.619633Z DEBUG meow_dns::resolver: DNS lookup: api5-core-zjg.amemv.com
2026-08-11T04:56:42.701177Z DEBUG meow_tunnel::tunnel: pre_handle_metadata: fake-ip 28.0.2.160 → api5-core-zjg.amemv.com
2026-08-11T04:56:42.701162Z  INFO meow_ios_ffi::tun2socks: UDP reply reader idle (both directions) > 60s for (172.19.0.1:63558, 28.0.2.160:443); evicting session
2026-08-11T04:56:42.701733Z DEBUG meow_listener::socks5_udp: SOCKS5 UDP ASSOCIATE from 127.0.0.1:62738 closed; tearing down 2 sessions
2026-08-11T04:56:42.703232Z DEBUG meow_tunnel::tunnel: pre_handle_metadata: fake-ip 28.0.2.160 → api5-core-zjg.amemv.com
2026-08-11T04:56:42.703408Z DEBUG meow_tunnel::tunnel: pre_handle_metadata: fake-ip 28.0.2.160 → api5-core-zjg.amemv.com
2026-08-11T04:56:42.703477Z DEBUG meow_tunnel::tunnel: pre_handle_metadata: fake-ip 28.0.2.160 → api5-core-zjg.amemv.com
2026-08-11T04:56:42.703566Z DEBUG meow_tunnel::tunnel: pre_handle_metadata: fake-ip 28.0.2.160 → api5-core-zjg.amemv.com
2026-08-11T04:56:42.703653Z DEBUG meow_tunnel::tunnel: pre_handle_metadata: fake-ip 28.0.2.160 → api5-core-zjg.amemv.com
2026-08-11T04:56:42.921063Z DEBUG meow_tunnel::tunnel: pre_handle_metadata: fake-ip 28.0.2.160 → api5-core-zjg.amemv.com
2026-08-11T04:56:42.945996Z DEBUG meow_tunnel::tunnel: pre_handle_metadata: fake-ip 28.0.2.160 → api5-core-zjg.amemv.com
2026-08-11T04:56:42.947250Z DEBUG meow_listener::sniffer: sniffer: 127.0.0.1:62891 --> 28.0.2.158:443 (tcp) → p11.douyinpic.com
2026-08-11T04:56:42.947271Z DEBUG meow_listener::socks5: SOCKS5 CONNECT to 28.0.2.158:443
2026-08-11T04:56:42.947281Z DEBUG meow_tunnel::tunnel: pre_handle_metadata: fake-ip 28.0.2.158 → p11.douyinpic.com
2026-08-11T04:56:42.947314Z  INFO meow_listener::socks5: 127.0.0.1:62891 --> p11.douyinpic.com:443 match MATCH() using DIRECT
2026-08-11T04:56:42.947347Z DEBUG meow_dns::resolver: DNS lookup: p11.douyinpic.com
2026-08-11T04:56:43.718126Z  WARN meow_ios_ffi::tun2socks: tun2socks: idle TTL (600000 ms) exceeded, closing flow 622 172.19.0.1:60331 -> 28.0.4.82:443
2026-08-11T04:56:43.718189Z  WARN meow_ios_ffi::tun2socks: tun2socks: idle TTL (600000 ms) exceeded, closing flow 613 172.19.0.1:59366 -> 28.0.4.70:5223
2026-08-11T04:56:43.756389Z DEBUG meow_dns::server: DNS query: 6-courier2.push.apple.com type=1
2026-08-11T04:56:43.756440Z DEBUG meow_dns::fakeip: fakeip: allocated 6-courier2.push.apple.com → 28.0.4.126
2026-08-11T04:56:43.760199Z DEBUG meow_listener::socks5: SOCKS5 CONNECT to 28.0.4.126:5223
2026-08-11T04:56:43.760225Z DEBUG meow_tunnel::tunnel: pre_handle_metadata: fake-ip 28.0.4.126 → 6-courier2.push.apple.com
2026-08-11T04:56:43.760255Z  INFO meow_listener::socks5: 127.0.0.1:62897 --> 6-courier2.push.apple.com:5223 match MATCH() using DIRECT
2026-08-11T04:56:43.760290Z DEBUG meow_dns::resolver: DNS lookup: 6-courier2.push.apple.com
2026-08-11T04:56:43.851536Z DEBUG meow_dns::server: DNS query: www.apple.com type=1
2026-08-11T04:56:43.851629Z DEBUG meow_dns::server: DNS query: www.bytedance.com type=1
2026-08-11T04:56:43.852585Z DEBUG meow_dns::server: DNS query: imap.gmail.com type=1
2026-08-11T04:56:43.858257Z DEBUG meow_listener::socks5: SOCKS5 CONNECT to 28.0.0.14:993
2026-08-11T04:56:43.858305Z DEBUG meow_tunnel::tunnel: pre_handle_metadata: fake-ip 28.0.0.14 → imap.gmail.com
2026-08-11T04:56:43.858361Z  INFO meow_listener::socks5: 127.0.0.1:62903 --> imap.gmail.com:993 match MATCH() using DIRECT
2026-08-11T04:56:43.858424Z DEBUG meow_dns::resolver: DNS lookup: imap.gmail.com
2026-08-11T04:56:43.861058Z DEBUG meow_dns::server: DNS query: google.com type=1
2026-08-11T04:56:43.871291Z DEBUG meow_dns::server: DNS query: gateway.fe2.apple-dns.net type=1
2026-08-11T04:56:44.184111Z DEBUG meow_tunnel::tunnel: pre_handle_metadata: fake-ip 28.0.2.160 → api5-core-zjg.amemv.com
2026-08-11T04:56:44.184466Z DEBUG meow_tunnel::tunnel: pre_handle_metadata: fake-ip 28.0.2.160 → api5-core-zjg.amemv.com
2026-08-11T04:56:44.184604Z DEBUG meow_tunnel::tunnel: pre_handle_metadata: fake-ip 28.0.2.160 → api5-core-zjg.amemv.com
2026-08-11T04:56:44.184695Z DEBUG meow_tunnel::tunnel: pre_handle_metadata: fake-ip 28.0.2.160 → api5-core-zjg.amemv.com
2026-08-11T04:56:44.184777Z DEBUG meow_tunnel::tunnel: pre_handle_metadata: fake-ip 28.0.2.160 → api5-core-zjg.amemv.com
2026-08-11T04:56:44.184857Z DEBUG meow_tunnel::tunnel: pre_handle_metadata: fake-ip 28.0.2.160 → api5-core-zjg.amemv.com
2026-08-11T04:56:44.184930Z DEBUG meow_tunnel::tunnel: pre_handle_metadata: fake-ip 28.0.2.160 → api5-core-zjg.amemv.com
2026-08-11T04:56:44.210235Z DEBUG meow_tunnel::tunnel: pre_handle_metadata: fake-ip 28.0.2.160 → api5-core-zjg.amemv.com
2026-08-11T04:56:44.210495Z DEBUG meow_tunnel::tunnel: pre_handle_metadata: fake-ip 28.0.2.160 → api5-core-zjg.amemv.com
2026-08-11T04:56:44.210656Z DEBUG meow_tunnel::tunnel: pre_handle_metadata: fake-ip 28.0.2.160 → api5-core-zjg.amemv.com
2026-08-11T04:56:44.210803Z DEBUG meow_tunnel::tunnel: pre_handle_metadata: fake-ip 28.0.2.160 → api5-core-zjg.amemv.com
2026-08-11T04:56:44.340525Z DEBUG meow_tunnel::tunnel: pre_handle_metadata: fake-ip 28.0.2.160 → api5-core-zjg.amemv.com
2026-08-11T04:56:46.209076Z  WARN meow_ios_ffi::tun2socks: tun2socks: mixed-listener dial deadline exceeded for 172.19.0.1:62806 -> 28.0.3.204:443 after 10000 ms; dropping flow
2026-08-11T04:56:46.385890Z DEBUG meow_listener::socks5: SOCKS5 relay closed: up=0 down=0
2026-08-11T04:56:46.417334Z DEBUG meow_listener::sniffer: sniffer: 127.0.0.1:62910 --> 28.0.3.204:443 (tcp) → mssdk3-normal-hj.zijieapi.com
2026-08-11T04:56:46.417383Z DEBUG meow_listener::socks5: SOCKS5 CONNECT to 28.0.3.204:443
2026-08-11T04:56:46.417408Z DEBUG meow_tunnel::tunnel: pre_handle_metadata: fake-ip 28.0.3.204 → mssdk3-normal-hj.zijieapi.com
2026-08-11T04:56:46.417462Z  INFO meow_listener::socks5: 127.0.0.1:62910 --> mssdk3-normal-hj.zijieapi.com:443 match RULE-SET(reject-domain) using Block
2026-08-11T04:56:48.911378Z  INFO meow_ios_ffi::tun2socks: UDP reply reader idle (both directions) > 60s for (172.19.0.1:62896, 28.0.0.194:443); evicting session
2026-08-11T04:56:48.911872Z DEBUG meow_listener::socks5_udp: SOCKS5 UDP ASSOCIATE from 127.0.0.1:62684 closed; tearing down 1 sessions
2026-08-11T04:56:48.926741Z  INFO meow_ios_ffi::tun2socks: UDP reply reader idle (both directions) > 60s for (172.19.0.1:60793, 28.0.0.199:443); evicting session
2026-08-11T04:56:48.926958Z  INFO meow_ios_ffi::tun2socks: UDP reply reader idle (both directions) > 60s for (172.19.0.1:54824, 28.0.0.179:443); evicting session
2026-08-11T04:56:48.927217Z DEBUG meow_listener::socks5_udp: SOCKS5 UDP ASSOCIATE from 127.0.0.1:62668 closed; tearing down 1 sessions
2026-08-11T04:56:48.927385Z DEBUG meow_listener::socks5_udp: SOCKS5 UDP ASSOCIATE from 127.0.0.1:62691 closed; tearing down 1 sessions
2026-08-11T04:56:50.807474Z  WARN meow_ios_ffi::tun2socks: tun2socks: mixed-listener dial deadline exceeded for 172.19.0.1:62883 -> 28.0.0.83:443 after 10000 ms; dropping flow
2026-08-11T04:56:50.811919Z DEBUG meow_listener::sniffer: sniffer: 127.0.0.1:62912 --> 28.0.0.83:443 (tcp) → tnc0-alisc1.zijieapi.com
2026-08-11T04:56:50.811973Z DEBUG meow_listener::socks5: SOCKS5 CONNECT to 28.0.0.83:443
2026-08-11T04:56:50.812013Z DEBUG meow_tunnel::tunnel: pre_handle_metadata: fake-ip 28.0.0.83 → tnc0-alisc1.zijieapi.com
2026-08-11T04:56:50.812116Z  INFO meow_listener::socks5: 127.0.0.1:62912 --> tnc0-alisc1.zijieapi.com:443 match RULE-SET(reject-domain) using Block
2026-08-11T04:56:50.943695Z DEBUG meow_tunnel::tunnel: pre_handle_metadata: fake-ip 28.0.2.160 → api5-core-zjg.amemv.com
2026-08-11T04:56:50.943846Z DEBUG meow_tunnel::tunnel: pre_handle_metadata: fake-ip 28.0.2.160 → api5-core-zjg.amemv.com
2026-08-11T04:56:50.943905Z DEBUG meow_tunnel::tunnel: pre_handle_metadata: fake-ip 28.0.2.160 → api5-core-zjg.amemv.com
2026-08-11T04:56:50.953661Z DEBUG meow_dns::server: DNS query: api5-core-yz.amemv.com type=1
2026-08-11T04:56:50.955453Z DEBUG meow_listener::socks5_udp: SOCKS5 UDP ASSOCIATE from 127.0.0.1:62913: relay bound on 127.0.0.1:56701
2026-08-11T04:56:50.955633Z DEBUG meow_tunnel::tunnel: pre_handle_metadata: fake-ip 28.0.2.153 → api5-core-yz.amemv.com
2026-08-11T04:56:50.955660Z DEBUG meow_dns::resolver: DNS lookup: api5-core-yz.amemv.com
2026-08-11T04:56:51.032877Z DEBUG meow_tunnel::tunnel: pre_handle_metadata: fake-ip 28.0.2.153 → api5-core-yz.amemv.com
2026-08-11T04:56:51.032974Z DEBUG meow_tunnel::tunnel: pre_handle_metadata: fake-ip 28.0.2.153 → api5-core-yz.amemv.com
2026-08-11T04:56:51.033038Z DEBUG meow_tunnel::tunnel: pre_handle_metadata: fake-ip 28.0.2.153 → api5-core-yz.amemv.com
2026-08-11T04:56:51.033092Z DEBUG meow_tunnel::tunnel: pre_handle_metadata: fake-ip 28.0.2.153 → api5-core-yz.amemv.com
2026-08-11T04:56:51.033149Z DEBUG meow_tunnel::tunnel: pre_handle_metadata: fake-ip 28.0.2.153 → api5-core-yz.amemv.com
2026-08-11T04:56:51.033192Z DEBUG meow_tunnel::tunnel: pre_handle_metadata: fake-ip 28.0.2.153 → api5-core-yz.amemv.com
2026-08-11T04:56:51.083164Z DEBUG meow_tunnel::tunnel: pre_handle_metadata: fake-ip 28.0.2.153 → api5-core-yz.amemv.com
2026-08-11T04:56:51.223579Z DEBUG meow_tunnel::tunnel: pre_handle_metadata: fake-ip 28.0.2.160 → api5-core-zjg.amemv.com
2026-08-11T04:56:51.223864Z DEBUG meow_tunnel::tunnel: pre_handle_metadata: fake-ip 28.0.2.160 → api5-core-zjg.amemv.com
2026-08-11T04:56:51.224109Z DEBUG meow_tunnel::tunnel: pre_handle_metadata: fake-ip 28.0.2.160 → api5-core-zjg.amemv.com
2026-08-11T04:56:51.224251Z DEBUG meow_tunnel::tunnel: pre_handle_metadata: fake-ip 28.0.2.160 → api5-core-zjg.amemv.com
2026-08-11T04:56:51.390654Z DEBUG meow_tunnel::tunnel: pre_handle_metadata: fake-ip 28.0.2.153 → api5-core-yz.amemv.com
2026-08-11T04:56:51.407796Z DEBUG meow_tunnel::tunnel: pre_handle_metadata: fake-ip 28.0.2.160 → api5-core-zjg.amemv.com
2026-08-11T04:56:51.516438Z DEBUG meow_dns::server: DNS query: p11-webcast.douyinpic.com type=65
2026-08-11T04:56:51.516490Z DEBUG meow_dns::server: DNS forward (generic): p11-webcast.douyinpic.com type=HTTPS
2026-08-11T04:56:51.516682Z DEBUG meow_dns::server: DNS query: p11-webcast.douyinpic.com type=1
2026-08-11T04:56:51.554709Z DEBUG meow_dns::server: DNS query: ialp3wnu.sched.legohp-dk.tdnsstic1.cn type=1
2026-08-11T04:56:51.555147Z DEBUG meow_dns::server: DNS query: ialp3wnu.sched.legohp-dk.tdnsstic1.cn type=65
2026-08-11T04:56:51.555168Z DEBUG meow_dns::server: DNS forward (generic): ialp3wnu.sched.legohp-dk.tdnsstic1.cn type=HTTPS
2026-08-11T04:56:51.575041Z DEBUG meow_listener::sniffer: sniffer: 127.0.0.1:62922 --> 28.0.2.192:443 (tcp) → p11-webcast.douyinpic.com
2026-08-11T04:56:51.575065Z DEBUG meow_listener::socks5: SOCKS5 CONNECT to 28.0.2.192:443
2026-08-11T04:56:51.575079Z DEBUG meow_tunnel::tunnel: pre_handle_metadata: fake-ip 28.0.2.192 → p11-webcast.douyinpic.com
2026-08-11T04:56:51.575130Z  INFO meow_listener::socks5: 127.0.0.1:62922 --> p11-webcast.douyinpic.com:443 match MATCH() using DIRECT
2026-08-11T04:56:51.575197Z DEBUG meow_dns::resolver: DNS lookup: p11-webcast.douyinpic.com
2026-08-11T04:56:52.978360Z DEBUG meow_listener::sniffer: sniffer: 127.0.0.1:62929 --> 28.0.0.65:443 (tcp) → p26-sign.douyinpic.com
2026-08-11T04:56:52.978393Z DEBUG meow_listener::socks5: SOCKS5 CONNECT to 28.0.0.65:443
2026-08-11T04:56:52.978411Z DEBUG meow_tunnel::tunnel: pre_handle_metadata: fake-ip 28.0.0.65 → p26-sign.douyinpic.com
2026-08-11T04:56:52.978447Z  INFO meow_listener::socks5: 127.0.0.1:62929 --> p26-sign.douyinpic.com:443 match MATCH() using DIRECT
2026-08-11T04:56:52.978502Z DEBUG meow_dns::resolver: DNS lookup: p26-sign.douyinpic.com
2026-08-11T04:56:53.609353Z DEBUG meow_listener::socks5: SOCKS5 relay closed: up=0 down=0
2026-08-11T04:56:55.602422Z DEBUG meow_listener::socks5: SOCKS5 relay closed: up=517 down=0
2026-08-11T04:56:56.765733Z DEBUG meow_dns::server: DNS query: tnc0-aliec2.zijieapi.com type=1
2026-08-11T04:56:56.767958Z DEBUG meow_listener::sniffer: sniffer: 127.0.0.1:62936 --> 28.0.3.112:443 (tcp) → tnc0-aliec2.zijieapi.com
2026-08-11T04:56:56.767984Z DEBUG meow_listener::socks5: SOCKS5 CONNECT to 28.0.3.112:443
2026-08-11T04:56:56.767999Z DEBUG meow_tunnel::tunnel: pre_handle_metadata: fake-ip 28.0.3.112 → tnc0-aliec2.zijieapi.com
2026-08-11T04:56:56.768039Z  INFO meow_listener::socks5: 127.0.0.1:62936 --> tnc0-aliec2.zijieapi.com:443 match RULE-SET(reject-domain) using Block
2026-08-11T04:56:57.148847Z DEBUG meow_listener::sniffer: sniffer: 127.0.0.1:62938 --> 28.0.3.204:443 (tcp) → mssdk3-normal-hj.zijieapi.com
2026-08-11T04:56:57.148921Z DEBUG meow_listener::socks5: SOCKS5 CONNECT to 28.0.3.204:443
2026-08-11T04:56:57.148961Z DEBUG meow_tunnel::tunnel: pre_handle_metadata: fake-ip 28.0.3.204 → mssdk3-normal-hj.zijieapi.com
2026-08-11T04:56:57.149033Z  INFO meow_listener::socks5: 127.0.0.1:62938 --> mssdk3-normal-hj.zijieapi.com:443 match RULE-SET(reject-domain) using Block
2026-08-11T04:56:58.816906Z DEBUG meow_tunnel::tunnel: pre_handle_metadata: fake-ip 28.0.0.179 → ecom5-normal-hl.ecombdapi.com
2026-08-11T04:56:58.816980Z DEBUG meow_dns::resolver: DNS lookup: ecom5-normal-hl.ecombdapi.com
2026-08-11T04:56:58.826909Z DEBUG meow_tunnel::tunnel: pre_handle_metadata: fake-ip 28.0.0.194 → webcast5-core-hl.amemv.com
2026-08-11T04:56:58.831404Z DEBUG meow_tunnel::tunnel: pre_handle_metadata: fake-ip 28.0.0.189 → search5-search-hl.amemv.com
2026-08-11T04:56:58.831464Z DEBUG meow_tunnel::tunnel: pre_handle_metadata: fake-ip 28.0.0.199 → webcast5-normal-lf.amemv.com
2026-08-11T04:56:58.831507Z DEBUG meow_dns::resolver: DNS lookup: webcast5-normal-lf.amemv.com
2026-08-11T04:57:00.356115Z DEBUG meow_listener::socks5: SOCKS5 relay closed: up=517 down=0
2026-08-11T04:57:01.255129Z DEBUG meow_listener::socks5: SOCKS5 relay error: Connection reset by peer (os error 54)
2026-08-11T04:57:01.458360Z DEBUG meow_listener::sniffer: sniffer: 127.0.0.1:62948 --> 28.0.2.157:443 (tcp) → p96-sign.douyinpic.com
2026-08-11T04:57:01.458388Z DEBUG meow_listener::socks5: SOCKS5 CONNECT to 28.0.2.157:443
2026-08-11T04:57:01.458403Z DEBUG meow_tunnel::tunnel: pre_handle_metadata: fake-ip 28.0.2.157 → p96-sign.douyinpic.com
2026-08-11T04:57:01.458431Z  INFO meow_listener::socks5: 127.0.0.1:62948 --> p96-sign.douyinpic.com:443 match MATCH() using DIRECT
2026-08-11T04:57:01.458493Z DEBUG meow_dns::resolver: DNS lookup: p96-sign.douyinpic.com
2026-08-11T04:57:06.806507Z  WARN meow_ios_ffi::tun2socks: tun2socks: mixed-listener dial deadline exceeded for 172.19.0.1:62935 -> 28.0.3.112:443 after 10000 ms; dropping flow
2026-08-11T04:57:06.813403Z DEBUG meow_listener::sniffer: sniffer: 127.0.0.1:62956 --> 28.0.3.112:443 (tcp) → tnc0-aliec2.zijieapi.com
2026-08-11T04:57:06.813468Z DEBUG meow_listener::socks5: SOCKS5 CONNECT to 28.0.3.112:443
2026-08-11T04:57:06.813515Z DEBUG meow_tunnel::tunnel: pre_handle_metadata: fake-ip 28.0.3.112 → tnc0-aliec2.zijieapi.com
2026-08-11T04:57:06.813583Z  INFO meow_listener::socks5: 127.0.0.1:62956 --> tnc0-aliec2.zijieapi.com:443 match RULE-SET(reject-domain) using Block
2026-08-11T04:57:07.297141Z DEBUG meow_listener::sniffer: sniffer: 127.0.0.1:62958 --> 28.0.0.74:443 (tcp) → p11-sign.douyinpic.com
2026-08-11T04:57:07.297169Z DEBUG meow_listener::socks5: SOCKS5 CONNECT to 28.0.0.74:443
2026-08-11T04:57:07.297184Z DEBUG meow_tunnel::tunnel: pre_handle_metadata: fake-ip 28.0.0.74 → p11-sign.douyinpic.com
2026-08-11T04:57:07.297215Z  INFO meow_listener::socks5: 127.0.0.1:62958 --> p11-sign.douyinpic.com:443 match MATCH() using DIRECT
2026-08-11T04:57:07.297250Z DEBUG meow_dns::resolver: DNS lookup: p11-sign.douyinpic.com
2026-08-11T04:57:07.404769Z DEBUG meow_dns::server: DNS query: ecomuser.snssdk.com type=1
2026-08-11T04:57:07.406715Z DEBUG meow_listener::sniffer: sniffer: 127.0.0.1:62965 --> 28.0.1.49:443 (tcp) → ecomuser.snssdk.com
2026-08-11T04:57:07.406734Z DEBUG meow_listener::socks5: SOCKS5 CONNECT to 28.0.1.49:443
2026-08-11T04:57:07.406746Z DEBUG meow_tunnel::tunnel: pre_handle_metadata: fake-ip 28.0.1.49 → ecomuser.snssdk.com
2026-08-11T04:57:07.406770Z  INFO meow_listener::socks5: 127.0.0.1:62965 --> ecomuser.snssdk.com:443 match RULE-SET(reject-domain) using Block
2026-08-11T04:57:07.679967Z DEBUG meow_tunnel::tunnel: pre_handle_metadata: fake-ip 28.0.2.153 → api5-core-yz.amemv.com
2026-08-11T04:57:07.680311Z DEBUG meow_tunnel::tunnel: pre_handle_metadata: fake-ip 28.0.2.153 → api5-core-yz.amemv.com
2026-08-11T04:57:07.680505Z DEBUG meow_tunnel::tunnel: pre_handle_metadata: fake-ip 28.0.2.153 → api5-core-yz.amemv.com
2026-08-11T04:57:07.680663Z DEBUG meow_tunnel::tunnel: pre_handle_metadata: fake-ip 28.0.2.153 → api5-core-yz.amemv.com
2026-08-11T04:57:07.680802Z DEBUG meow_tunnel::tunnel: pre_handle_metadata: fake-ip 28.0.2.153 → api5-core-yz.amemv.com
2026-08-11T04:57:07.680945Z DEBUG meow_tunnel::tunnel: pre_handle_metadata: fake-ip 28.0.2.153 → api5-core-yz.amemv.com
2026-08-11T04:57:07.681085Z DEBUG meow_tunnel::tunnel: pre_handle_metadata: fake-ip 28.0.2.153 → api5-core-yz.amemv.com
2026-08-11T04:57:07.681232Z DEBUG meow_tunnel::tunnel: pre_handle_metadata: fake-ip 28.0.2.153 → api5-core-yz.amemv.com
2026-08-11T04:57:07.681441Z DEBUG meow_tunnel::tunnel: pre_handle_metadata: fake-ip 28.0.2.153 → api5-core-yz.amemv.com
2026-08-11T04:57:07.681671Z DEBUG meow_tunnel::tunnel: pre_handle_metadata: fake-ip 28.0.2.153 → api5-core-yz.amemv.com
2026-08-11T04:57:07.681830Z DEBUG meow_tunnel::tunnel: pre_handle_metadata: fake-ip 28.0.2.153 → api5-core-yz.amemv.com
2026-08-11T04:57:07.681969Z DEBUG meow_tunnel::tunnel: pre_handle_metadata: fake-ip 28.0.2.153 → api5-core-yz.amemv.com
2026-08-11T04:57:07.682111Z DEBUG meow_tunnel::tunnel: pre_handle_metadata: fake-ip 28.0.2.153 → api5-core-yz.amemv.com
2026-08-11T04:57:07.682259Z DEBUG meow_tunnel::tunnel: pre_handle_metadata: fake-ip 28.0.2.153 → api5-core-yz.amemv.com
2026-08-11T04:57:07.683095Z DEBUG meow_tunnel::tunnel: pre_handle_metadata: fake-ip 28.0.2.153 → api5-core-yz.amemv.com
2026-08-11T04:57:07.683289Z DEBUG meow_tunnel::tunnel: pre_handle_metadata: fake-ip 28.0.2.153 → api5-core-yz.amemv.com
2026-08-11T04:57:07.684577Z DEBUG meow_tunnel::tunnel: pre_handle_metadata: fake-ip 28.0.2.153 → api5-core-yz.amemv.com
2026-08-11T04:57:07.684643Z DEBUG meow_tunnel::tunnel: pre_handle_metadata: fake-ip 28.0.2.153 → api5-core-yz.amemv.com
2026-08-11T04:57:07.686471Z DEBUG meow_tunnel::tunnel: pre_handle_metadata: fake-ip 28.0.2.153 → api5-core-yz.amemv.com
2026-08-11T04:57:07.686701Z DEBUG meow_tunnel::tunnel: pre_handle_metadata: fake-ip 28.0.2.153 → api5-core-yz.amemv.com
2026-08-11T04:57:07.688153Z DEBUG meow_tunnel::tunnel: pre_handle_metadata: fake-ip 28.0.2.153 → api5-core-yz.amemv.com
2026-08-11T04:57:07.688356Z DEBUG meow_tunnel::tunnel: pre_handle_metadata: fake-ip 28.0.2.153 → api5-core-yz.amemv.com
2026-08-11T04:57:07.689828Z DEBUG meow_tunnel::tunnel: pre_handle_metadata: fake-ip 28.0.2.153 → api5-core-yz.amemv.com
2026-08-11T04:57:07.690004Z DEBUG meow_tunnel::tunnel: pre_handle_metadata: fake-ip 28.0.2.153 → api5-core-yz.amemv.com
2026-08-11T04:57:07.691639Z DEBUG meow_tunnel::tunnel: pre_handle_metadata: fake-ip 28.0.2.153 → api5-core-yz.amemv.com
2026-08-11T04:57:07.691823Z DEBUG meow_tunnel::tunnel: pre_handle_metadata: fake-ip 28.0.2.153 → api5-core-yz.amemv.com
2026-08-11T04:57:07.693079Z DEBUG meow_tunnel::tunnel: pre_handle_metadata: fake-ip 28.0.2.153 → api5-core-yz.amemv.com
2026-08-11T04:57:07.693132Z DEBUG meow_tunnel::tunnel: pre_handle_metadata: fake-ip 28.0.2.153 → api5-core-yz.amemv.com
2026-08-11T04:57:07.694977Z DEBUG meow_tunnel::tunnel: pre_handle_metadata: fake-ip 28.0.2.153 → api5-core-yz.amemv.com
2026-08-11T04:57:07.695163Z DEBUG meow_tunnel::tunnel: pre_handle_metadata: fake-ip 28.0.2.153 → api5-core-yz.amemv.com
2026-08-11T04:57:07.696649Z DEBUG meow_tunnel::tunnel: pre_handle_metadata: fake-ip 28.0.2.153 → api5-core-yz.amemv.com
2026-08-11T04:57:07.696834Z DEBUG meow_tunnel::tunnel: pre_handle_metadata: fake-ip 28.0.2.153 → api5-core-yz.amemv.com
2026-08-11T04:57:07.698350Z DEBUG meow_tunnel::tunnel: pre_handle_metadata: fake-ip 28.0.2.153 → api5-core-yz.amemv.com
2026-08-11T04:57:07.698512Z DEBUG meow_tunnel::tunnel: pre_handle_metadata: fake-ip 28.0.2.153 → api5-core-yz.amemv.com
2026-08-11T04:57:07.699821Z DEBUG meow_tunnel::tunnel: pre_handle_metadata: fake-ip 28.0.2.153 → api5-core-yz.amemv.com
2026-08-11T04:57:07.699879Z DEBUG meow_tunnel::tunnel: pre_handle_metadata: fake-ip 28.0.2.153 → api5-core-yz.amemv.com
2026-08-11T04:57:07.701929Z DEBUG meow_tunnel::tunnel: pre_handle_metadata: fake-ip 28.0.2.153 → api5-core-yz.amemv.com
2026-08-11T04:57:07.702129Z DEBUG meow_tunnel::tunnel: pre_handle_metadata: fake-ip 28.0.2.153 → api5-core-yz.amemv.com
2026-08-11T04:57:07.703500Z DEBUG meow_tunnel::tunnel: pre_handle_metadata: fake-ip 28.0.2.153 → api5-core-yz.amemv.com
2026-08-11T04:57:07.703672Z DEBUG meow_tunnel::tunnel: pre_handle_metadata: fake-ip 28.0.2.153 → api5-core-yz.amemv.com
2026-08-11T04:57:07.705207Z DEBUG meow_tunnel::tunnel: pre_handle_metadata: fake-ip 28.0.2.153 → api5-core-yz.amemv.com
2026-08-11T04:57:07.705384Z DEBUG meow_tunnel::tunnel: pre_handle_metadata: fake-ip 28.0.2.153 → api5-core-yz.amemv.com
2026-08-11T04:57:07.706933Z DEBUG meow_tunnel::tunnel: pre_handle_metadata: fake-ip 28.0.2.153 → api5-core-yz.amemv.com
2026-08-11T04:57:07.707097Z DEBUG meow_tunnel::tunnel: pre_handle_metadata: fake-ip 28.0.2.153 → api5-core-yz.amemv.com
2026-08-11T04:57:07.730183Z DEBUG meow_tunnel::tunnel: pre_handle_metadata: fake-ip 28.0.2.153 → api5-core-yz.amemv.com
2026-08-11T04:57:07.730436Z DEBUG meow_tunnel::tunnel: pre_handle_metadata: fake-ip 28.0.2.153 → api5-core-yz.amemv.com
2026-08-11T04:57:07.765474Z DEBUG meow_tunnel::tunnel: pre_handle_metadata: fake-ip 28.0.2.153 → api5-core-yz.amemv.com
2026-08-11T04:57:08.026581Z DEBUG meow_listener::socks5: SOCKS5 relay error: Operation timed out (os error 60)
2026-08-11T04:57:09.865614Z DEBUG meow_listener::sniffer: sniffer: 127.0.0.1:62967 --> 28.0.1.54:443 (tcp) → bsync3-normal-hj.zijieapi.com
2026-08-11T04:57:09.865697Z DEBUG meow_listener::socks5: SOCKS5 CONNECT to 28.0.1.54:443
2026-08-11T04:57:09.865719Z DEBUG meow_tunnel::tunnel: pre_handle_metadata: fake-ip 28.0.1.54 → bsync3-normal-hj.zijieapi.com
2026-08-11T04:57:09.865772Z  INFO meow_listener::socks5: 127.0.0.1:62967 --> bsync3-normal-hj.zijieapi.com:443 match RULE-SET(reject-domain) using Block
2026-08-11T04:57:10.095811Z DEBUG meow_listener::socks5_udp: SOCKS5 UDP ASSOCIATE from 127.0.0.1:62968: relay bound on 127.0.0.1:58625
2026-08-11T04:57:10.096130Z DEBUG meow_listener::socks5_udp: SOCKS5 UDP ASSOCIATE from 127.0.0.1:62969: relay bound on 127.0.0.1:54059
2026-08-11T04:57:10.096756Z DEBUG meow_tunnel::tunnel: pre_handle_metadata: fake-ip 28.0.3.241 → vc-brain-hl.ndcpp.com
2026-08-11T04:57:10.097129Z DEBUG meow_tunnel::tunnel: pre_handle_metadata: fake-ip 28.0.3.241 → vc-brain-hl.ndcpp.com
2026-08-11T04:57:10.600399Z DEBUG meow_tunnel::tunnel: pre_handle_metadata: fake-ip 28.0.3.241 → vc-brain-hl.ndcpp.com
2026-08-11T04:57:10.600479Z DEBUG meow_tunnel::tunnel: pre_handle_metadata: fake-ip 28.0.3.241 → vc-brain-hl.ndcpp.com
2026-08-11T04:57:10.711897Z DEBUG meow_tunnel::tunnel: pre_handle_metadata: fake-ip 28.0.2.153 → api5-core-yz.amemv.com
2026-08-11T04:57:10.720377Z DEBUG meow_tunnel::tunnel: pre_handle_metadata: fake-ip 28.0.2.153 → api5-core-yz.amemv.com
2026-08-11T04:57:10.760866Z DEBUG meow_tunnel::tunnel: pre_handle_metadata: fake-ip 28.0.2.153 → api5-core-yz.amemv.com
2026-08-11T04:57:10.774180Z DEBUG meow_tunnel::tunnel: pre_handle_metadata: fake-ip 28.0.2.153 → api5-core-yz.amemv.com
2026-08-11T04:57:10.782776Z DEBUG meow_tunnel::tunnel: pre_handle_metadata: fake-ip 28.0.2.153 → api5-core-yz.amemv.com
2026-08-11T04:57:10.794169Z DEBUG meow_tunnel::tunnel: pre_handle_metadata: fake-ip 28.0.2.153 → api5-core-yz.amemv.com
2026-08-11T04:57:10.810463Z DEBUG meow_listener::sniffer: sniffer: 127.0.0.1:62971 --> 28.0.3.204:443 (tcp) → mssdk3-normal-hj.zijieapi.com
2026-08-11T04:57:10.810510Z DEBUG meow_listener::socks5: SOCKS5 CONNECT to 28.0.3.204:443
2026-08-11T04:57:10.810531Z DEBUG meow_tunnel::tunnel: pre_handle_metadata: fake-ip 28.0.3.204 → mssdk3-normal-hj.zijieapi.com
2026-08-11T04:57:10.810575Z  INFO meow_listener::socks5: 127.0.0.1:62971 --> mssdk3-normal-hj.zijieapi.com:443 match RULE-SET(reject-domain) using Block
2026-08-11T04:57:10.944869Z DEBUG meow_tunnel::tunnel: pre_handle_metadata: fake-ip 28.0.2.160 → api5-core-zjg.amemv.com
2026-08-11T04:57:10.944906Z DEBUG meow_dns::resolver: DNS lookup: api5-core-zjg.amemv.com
2026-08-11T04:57:10.980238Z DEBUG meow_tunnel::tunnel: pre_handle_metadata: fake-ip 28.0.0.199 → webcast5-normal-lf.amemv.com
2026-08-11T04:57:10.980376Z DEBUG meow_tunnel::tunnel: pre_handle_metadata: fake-ip 28.0.0.199 → webcast5-normal-lf.amemv.com
2026-08-11T04:57:10.980437Z DEBUG meow_tunnel::tunnel: pre_handle_metadata: fake-ip 28.0.0.199 → webcast5-normal-lf.amemv.com
2026-08-11T04:57:10.980485Z DEBUG meow_tunnel::tunnel: pre_handle_metadata: fake-ip 28.0.0.199 → webcast5-normal-lf.amemv.com
2026-08-11T04:57:10.980531Z DEBUG meow_tunnel::tunnel: pre_handle_metadata: fake-ip 28.0.0.199 → webcast5-normal-lf.amemv.com
2026-08-11T04:57:10.988785Z DEBUG meow_dns::server: DNS query: v95-aw-cold.douyinvod.com type=1
2026-08-11T04:57:10.988832Z DEBUG meow_dns::fakeip: fakeip: allocated v95-aw-cold.douyinvod.com → 28.0.4.127
2026-08-11T04:57:10.990514Z DEBUG meow_dns::server: DNS query: v11-coldf.douyinvod.com type=1
2026-08-11T04:57:10.990887Z DEBUG meow_listener::sniffer: sniffer: 127.0.0.1:62977 --> 28.0.4.127:443 (tcp) → v95-aw-cold.douyinvod.com
2026-08-11T04:57:10.990914Z DEBUG meow_listener::socks5: SOCKS5 CONNECT to 28.0.4.127:443
2026-08-11T04:57:10.990925Z DEBUG meow_tunnel::tunnel: pre_handle_metadata: fake-ip 28.0.4.127 → v95-aw-cold.douyinvod.com
2026-08-11T04:57:10.990958Z  INFO meow_listener::socks5: 127.0.0.1:62977 --> v95-aw-cold.douyinvod.com:443 match MATCH() using DIRECT
2026-08-11T04:57:10.990991Z DEBUG meow_dns::resolver: DNS lookup: v95-aw-cold.douyinvod.com
2026-08-11T04:57:10.992911Z DEBUG meow_listener::sniffer: sniffer: 127.0.0.1:62983 --> 28.0.3.234:443 (tcp) → v11-coldf.douyinvod.com
2026-08-11T04:57:10.992932Z DEBUG meow_listener::socks5: SOCKS5 CONNECT to 28.0.3.234:443
2026-08-11T04:57:10.992944Z DEBUG meow_tunnel::tunnel: pre_handle_metadata: fake-ip 28.0.3.234 → v11-coldf.douyinvod.com
2026-08-11T04:57:10.992970Z  INFO meow_listener::socks5: 127.0.0.1:62983 --> v11-coldf.douyinvod.com:443 match MATCH() using DIRECT
2026-08-11T04:57:10.992998Z DEBUG meow_dns::resolver: DNS lookup: v11-coldf.douyinvod.com
2026-08-11T04:57:11.101456Z DEBUG meow_tunnel::tunnel: pre_handle_metadata: fake-ip 28.0.3.241 → vc-brain-hl.ndcpp.com
2026-08-11T04:57:11.101502Z DEBUG meow_tunnel::tunnel: pre_handle_metadata: fake-ip 28.0.3.241 → vc-brain-hl.ndcpp.com
2026-08-11T04:57:11.110235Z DEBUG meow_tunnel::tunnel: pre_handle_metadata: fake-ip 28.0.0.199 → webcast5-normal-lf.amemv.com
2026-08-11T04:57:11.241489Z DEBUG meow_tunnel::tunnel: pre_handle_metadata: fake-ip 28.0.3.241 → vc-brain-hl.ndcpp.com
2026-08-11T04:57:11.241947Z DEBUG meow_tunnel::tunnel: pre_handle_metadata: fake-ip 28.0.3.241 → vc-brain-hl.ndcpp.com
2026-08-11T04:57:11.300398Z DEBUG meow_listener::socks5_udp: SOCKS5 UDP ASSOCIATE from 127.0.0.1:62990: relay bound on 127.0.0.1:52586
2026-08-11T04:57:11.468249Z DEBUG meow_listener::sniffer: sniffer: 127.0.0.1:62993 --> 39.136.124.74:443 (tcp) → v5-gz2-colda.douyinvod.com
2026-08-11T04:57:11.468280Z DEBUG meow_listener::socks5: SOCKS5 CONNECT to 39.136.124.74:443
2026-08-11T04:57:11.468321Z  INFO meow_listener::socks5: 127.0.0.1:62993 --> p96-sign.douyinpic.com:443 match MATCH() using DIRECT
2026-08-11T04:57:11.605746Z DEBUG meow_tunnel::tunnel: pre_handle_metadata: fake-ip 28.0.3.241 → vc-brain-hl.ndcpp.com
2026-08-11T04:57:11.742965Z DEBUG meow_tunnel::tunnel: pre_handle_metadata: fake-ip 28.0.3.241 → vc-brain-hl.ndcpp.com
2026-08-11T04:57:11.743061Z DEBUG meow_tunnel::tunnel: pre_handle_metadata: fake-ip 28.0.3.241 → vc-brain-hl.ndcpp.com
2026-08-11T04:57:11.757312Z DEBUG meow_tunnel::tunnel: pre_handle_metadata: fake-ip 28.0.3.241 → vc-brain-hl.ndcpp.com
2026-08-11T04:57:11.757374Z DEBUG meow_tunnel::tunnel: pre_handle_metadata: fake-ip 28.0.3.241 → vc-brain-hl.ndcpp.com
2026-08-11T04:57:11.765348Z DEBUG meow_dns::server: DNS query: tnc0-alisc1.zijieapi.com type=65
2026-08-11T04:57:11.765379Z DEBUG meow_dns::server: DNS forward (generic): tnc0-alisc1.zijieapi.com type=HTTPS
2026-08-11T04:57:11.765468Z DEBUG meow_dns::server: DNS query: tnc0-alisc1.zijieapi.com type=1
2026-08-11T04:57:11.788463Z DEBUG meow_dns::server: DNS query: tnc0-alisc1.zijieapi.com.230b2a2545cfa773.queniuck.com type=65
2026-08-11T04:57:11.788502Z DEBUG meow_dns::server: DNS forward (generic): tnc0-alisc1.zijieapi.com.230b2a2545cfa773.queniuck.com type=HTTPS
2026-08-11T04:57:11.788713Z DEBUG meow_dns::server: DNS query: tnc0-alisc1.zijieapi.com.230b2a2545cfa773.queniuck.com type=1
2026-08-11T04:57:11.820906Z DEBUG meow_listener::sniffer: sniffer: 127.0.0.1:62999 --> 28.0.0.83:443 (tcp) → tnc0-alisc1.zijieapi.com
2026-08-11T04:57:11.820991Z DEBUG meow_listener::socks5: SOCKS5 CONNECT to 28.0.0.83:443
2026-08-11T04:57:11.821033Z DEBUG meow_tunnel::tunnel: pre_handle_metadata: fake-ip 28.0.0.83 → tnc0-alisc1.zijieapi.com
2026-08-11T04:57:11.821118Z  INFO meow_listener::socks5: 127.0.0.1:62999 --> tnc0-alisc1.zijieapi.com:443 match RULE-SET(reject-domain) using Block
2026-08-11T04:57:11.869994Z DEBUG meow_tunnel::tunnel: pre_handle_metadata: fake-ip 28.0.3.241 → vc-brain-hl.ndcpp.com
2026-08-11T04:57:11.870051Z DEBUG meow_tunnel::tunnel: pre_handle_metadata: fake-ip 28.0.3.241 → vc-brain-hl.ndcpp.com
2026-08-11T04:57:12.107146Z DEBUG meow_tunnel::tunnel: pre_handle_metadata: fake-ip 28.0.3.241 → vc-brain-hl.ndcpp.com
2026-08-11T04:57:12.247421Z DEBUG meow_tunnel::tunnel: pre_handle_metadata: fake-ip 28.0.3.241 → vc-brain-hl.ndcpp.com
2026-08-11T04:57:12.247491Z DEBUG meow_tunnel::tunnel: pre_handle_metadata: fake-ip 28.0.3.241 → vc-brain-hl.ndcpp.com
2026-08-11T04:57:12.258814Z DEBUG meow_tunnel::tunnel: pre_handle_metadata: fake-ip 28.0.3.241 → vc-brain-hl.ndcpp.com
2026-08-11T04:57:12.258872Z DEBUG meow_tunnel::tunnel: pre_handle_metadata: fake-ip 28.0.3.241 → vc-brain-hl.ndcpp.com
2026-08-11T04:57:12.270781Z DEBUG meow_listener::sniffer: sniffer: 127.0.0.1:63001 --> 120.233.57.232:443 (tcp) → api-play.amemv.com
2026-08-11T04:57:12.270813Z DEBUG meow_listener::socks5: SOCKS5 CONNECT to 120.233.57.232:443
2026-08-11T04:57:12.270862Z  INFO meow_listener::socks5: 127.0.0.1:63001 --> api5-core-zjg.amemv.com:443 match MATCH() using DIRECT
2026-08-11T04:57:12.372766Z DEBUG meow_tunnel::tunnel: pre_handle_metadata: fake-ip 28.0.3.241 → vc-brain-hl.ndcpp.com
2026-08-11T04:57:12.372842Z DEBUG meow_tunnel::tunnel: pre_handle_metadata: fake-ip 28.0.3.241 → vc-brain-hl.ndcpp.com
2026-08-11T04:57:12.610169Z DEBUG meow_tunnel::tunnel: pre_handle_metadata: fake-ip 28.0.3.241 → vc-brain-hl.ndcpp.com
2026-08-11T04:57:12.675868Z DEBUG meow_dns::server: DNS query: v3-x.douyinvod.com type=1
2026-08-11T04:57:12.675976Z DEBUG meow_dns::fakeip: fakeip: allocated v3-x.douyinvod.com → 28.0.4.128
2026-08-11T04:57:12.680942Z DEBUG meow_listener::sniffer: sniffer: 127.0.0.1:63004 --> 28.0.4.128:443 (tcp) → v3-x.douyinvod.com
2026-08-11T04:57:12.680986Z DEBUG meow_listener::socks5: SOCKS5 CONNECT to 28.0.4.128:443
2026-08-11T04:57:12.681037Z DEBUG meow_tunnel::tunnel: pre_handle_metadata: fake-ip 28.0.4.128 → v3-x.douyinvod.com
2026-08-11T04:57:12.681161Z  INFO meow_listener::socks5: 127.0.0.1:63004 --> v3-x.douyinvod.com:443 match MATCH() using DIRECT
2026-08-11T04:57:12.681241Z DEBUG meow_dns::resolver: DNS lookup: v3-x.douyinvod.com
2026-08-11T04:57:12.750167Z DEBUG meow_tunnel::tunnel: pre_handle_metadata: fake-ip 28.0.3.241 → vc-brain-hl.ndcpp.com
2026-08-11T04:57:12.761117Z DEBUG meow_tunnel::tunnel: pre_handle_metadata: fake-ip 28.0.3.241 → vc-brain-hl.ndcpp.com
2026-08-11T04:57:12.761206Z DEBUG meow_tunnel::tunnel: pre_handle_metadata: fake-ip 28.0.3.241 → vc-brain-hl.ndcpp.com
2026-08-11T04:57:12.875583Z DEBUG meow_tunnel::tunnel: pre_handle_metadata: fake-ip 28.0.3.241 → vc-brain-hl.ndcpp.com
2026-08-11T04:57:12.875688Z DEBUG meow_tunnel::tunnel: pre_handle_metadata: fake-ip 28.0.3.241 → vc-brain-hl.ndcpp.com
2026-08-11T04:57:13.114131Z DEBUG meow_tunnel::tunnel: pre_handle_metadata: fake-ip 28.0.3.241 → vc-brain-hl.ndcpp.com
2026-08-11T04:57:13.255742Z DEBUG meow_tunnel::tunnel: pre_handle_metadata: fake-ip 28.0.3.241 → vc-brain-hl.ndcpp.com
2026-08-11T04:57:13.262373Z DEBUG meow_tunnel::tunnel: pre_handle_metadata: fake-ip 28.0.3.241 → vc-brain-hl.ndcpp.com
2026-08-11T04:57:13.381057Z DEBUG meow_tunnel::tunnel: pre_handle_metadata: fake-ip 28.0.3.241 → vc-brain-hl.ndcpp.com
2026-08-11T04:57:13.617216Z DEBUG meow_tunnel::tunnel: pre_handle_metadata: fake-ip 28.0.3.241 → vc-brain-hl.ndcpp.com
2026-08-11T04:57:13.722414Z DEBUG meow_listener::socks5: SOCKS5 relay closed: up=12731 down=3874
2026-08-11T04:57:13.757272Z DEBUG meow_tunnel::tunnel: pre_handle_metadata: fake-ip 28.0.3.241 → vc-brain-hl.ndcpp.com
2026-08-11T04:57:13.764599Z DEBUG meow_tunnel::tunnel: pre_handle_metadata: fake-ip 28.0.3.241 → vc-brain-hl.ndcpp.com
2026-08-11T04:57:13.832489Z DEBUG meow_listener::sniffer: sniffer: 127.0.0.1:63010 --> 28.0.3.114:443 (tcp) → tnc0-alisc1.zijieapi.com
2026-08-11T04:57:13.832575Z DEBUG meow_listener::socks5: SOCKS5 CONNECT to 28.0.3.114:443
2026-08-11T04:57:13.832619Z DEBUG meow_tunnel::tunnel: pre_handle_metadata: fake-ip 28.0.3.114 → tnc0-alisc1.zijieapi.com.230b2a2545cfa773.queniuck.com
2026-08-11T04:57:13.832798Z  INFO meow_listener::socks5: 127.0.0.1:63010 --> tnc0-alisc1.zijieapi.com.230b2a2545cfa773.queniuck.com:443 match RULE-SET(reject-domain) using Block
2026-08-11T04:57:13.884240Z DEBUG meow_tunnel::tunnel: pre_handle_metadata: fake-ip 28.0.3.241 → vc-brain-hl.ndcpp.com
2026-08-11T04:57:14.258095Z DEBUG meow_tunnel::tunnel: pre_handle_metadata: fake-ip 28.0.3.241 → vc-brain-hl.ndcpp.com
2026-08-11T04:57:14.265878Z DEBUG meow_tunnel::tunnel: pre_handle_metadata: fake-ip 28.0.3.241 → vc-brain-hl.ndcpp.com
2026-08-11T04:57:14.388595Z DEBUG meow_tunnel::tunnel: pre_handle_metadata: fake-ip 28.0.3.241 → vc-brain-hl.ndcpp.com
2026-08-11T04:57:14.399009Z DEBUG meow_tunnel::tunnel: pre_handle_metadata: fake-ip 28.0.0.189 → search5-search-hl.amemv.com
2026-08-11T04:57:14.399038Z DEBUG meow_dns::resolver: DNS lookup: search5-search-hl.amemv.com
2026-08-11T04:57:14.441181Z DEBUG meow_tunnel::tunnel: pre_handle_metadata: fake-ip 28.0.0.189 → search5-search-hl.amemv.com
2026-08-11T04:57:14.441443Z DEBUG meow_tunnel::tunnel: pre_handle_metadata: fake-ip 28.0.0.189 → search5-search-hl.amemv.com
2026-08-11T04:57:14.441616Z DEBUG meow_tunnel::tunnel: pre_handle_metadata: fake-ip 28.0.0.189 → search5-search-hl.amemv.com
2026-08-11T04:57:14.441762Z DEBUG meow_tunnel::tunnel: pre_handle_metadata: fake-ip 28.0.0.189 → search5-search-hl.amemv.com
2026-08-11T04:57:14.671439Z DEBUG meow_dns::server: DNS query: search5-search-hl.amemv.com type=1
2026-08-11T04:57:14.673222Z DEBUG meow_listener::socks5_udp: SOCKS5 UDP ASSOCIATE from 127.0.0.1:63015: relay bound on 127.0.0.1:58263
2026-08-11T04:57:14.673526Z DEBUG meow_tunnel::tunnel: pre_handle_metadata: fake-ip 28.0.0.189 → search5-search-hl.amemv.com
2026-08-11T04:57:14.674774Z DEBUG meow_tunnel::tunnel: pre_handle_metadata: fake-ip 28.0.0.189 → search5-search-hl.amemv.com
2026-08-11T04:57:14.674871Z DEBUG meow_tunnel::tunnel: pre_handle_metadata: fake-ip 28.0.0.189 → search5-search-hl.amemv.com
2026-08-11T04:57:14.674946Z DEBUG meow_tunnel::tunnel: pre_handle_metadata: fake-ip 28.0.0.189 → search5-search-hl.amemv.com
2026-08-11T04:57:14.674999Z DEBUG meow_tunnel::tunnel: pre_handle_metadata: fake-ip 28.0.0.189 → search5-search-hl.amemv.com
2026-08-11T04:57:14.675043Z DEBUG meow_tunnel::tunnel: pre_handle_metadata: fake-ip 28.0.0.189 → search5-search-hl.amemv.com
2026-08-11T04:57:14.711099Z DEBUG meow_tunnel::tunnel: pre_handle_metadata: fake-ip 28.0.0.189 → search5-search-hl.amemv.com
2026-08-11T04:57:14.713783Z DEBUG meow_tunnel::tunnel: pre_handle_metadata: fake-ip 28.0.0.189 → search5-search-hl.amemv.com
2026-08-11T04:57:14.714025Z DEBUG meow_tunnel::tunnel: pre_handle_metadata: fake-ip 28.0.0.189 → search5-search-hl.amemv.com
2026-08-11T04:57:14.759479Z DEBUG meow_tunnel::tunnel: pre_handle_metadata: fake-ip 28.0.3.241 → vc-brain-hl.ndcpp.com
2026-08-11T04:57:14.768553Z DEBUG meow_tunnel::tunnel: pre_handle_metadata: fake-ip 28.0.3.241 → vc-brain-hl.ndcpp.com
2026-08-11T04:57:14.806545Z DEBUG meow_tunnel::tunnel: pre_handle_metadata: fake-ip 28.0.0.189 → search5-search-hl.amemv.com
2026-08-11T04:57:14.895363Z DEBUG meow_tunnel::tunnel: pre_handle_metadata: fake-ip 28.0.3.241 → vc-brain-hl.ndcpp.com
2026-08-11T04:57:15.052006Z DEBUG meow_dns::server: DNS query: signal-t1-v6-az1.rtcxyz.com type=1
2026-08-11T04:57:15.134615Z DEBUG meow_dns::server: DNS query: orzonera.yingt.fun type=1
2026-08-11T04:57:15.138984Z DEBUG meow_listener::sniffer: sniffer: 127.0.0.1:63017 --> 28.0.3.250:443 (tcp) → orzonera.yingt.fun
2026-08-11T04:57:15.139023Z DEBUG meow_listener::socks5: SOCKS5 CONNECT to 28.0.3.250:443
2026-08-11T04:57:15.139046Z DEBUG meow_tunnel::tunnel: pre_handle_metadata: fake-ip 28.0.3.250 → orzonera.yingt.fun
2026-08-11T04:57:15.139100Z  INFO meow_listener::socks5: 127.0.0.1:63017 --> orzonera.yingt.fun:443 match MATCH() using DIRECT
2026-08-11T04:57:15.139173Z DEBUG meow_dns::resolver: DNS lookup: orzonera.yingt.fun
2026-08-11T04:57:15.269864Z DEBUG meow_tunnel::tunnel: pre_handle_metadata: fake-ip 28.0.3.241 → vc-brain-hl.ndcpp.com
2026-08-11T04:57:15.402285Z DEBUG meow_tunnel::tunnel: pre_handle_metadata: fake-ip 28.0.3.241 → vc-brain-hl.ndcpp.com
2026-08-11T04:57:15.405725Z DEBUG meow_listener::socks5: SOCKS5 relay closed: up=1998 down=4627
2026-08-11T04:57:15.408591Z DEBUG meow_listener::socks5: SOCKS5 CONNECT to 111.31.36.96:80
2026-08-11T04:57:15.408671Z  INFO meow_listener::socks5: 127.0.0.1:63024 --> orzonera.yingt.fun:80 match MATCH() using DIRECT
2026-08-11T04:57:15.574864Z DEBUG meow_listener::socks5: SOCKS5 relay closed: up=1445 down=1103
2026-08-11T04:57:15.578854Z DEBUG meow_listener::socks5: SOCKS5 CONNECT to 120.233.200.91:2095
2026-08-11T04:57:15.578879Z DEBUG meow_listener::socks5: SOCKS5 CONNECT to 123.88.129.90:2008
2026-08-11T04:57:15.578931Z  INFO meow_listener::socks5: 127.0.0.1:63028 --> 120.233.200.91:2095 match MATCH() using DIRECT
2026-08-11T04:57:15.578968Z  INFO meow_listener::socks5: 127.0.0.1:63029 --> 123.88.129.90:2008 match MATCH() using DIRECT
2026-08-11T04:57:15.676372Z DEBUG meow_listener::socks5: SOCKS5 relay closed: up=1732 down=209
2026-08-11T04:57:16.071770Z DEBUG meow_listener::socks5: SOCKS5 relay closed: up=0 down=0
2026-08-11T04:57:16.627653Z DEBUG meow_listener::sniffer: sniffer: 127.0.0.1:63033 --> 28.0.3.204:443 (tcp) → mssdk3-normal-hj.zijieapi.com
2026-08-11T04:57:16.627736Z DEBUG meow_listener::socks5: SOCKS5 CONNECT to 28.0.3.204:443
2026-08-11T04:57:16.627779Z DEBUG meow_tunnel::tunnel: pre_handle_metadata: fake-ip 28.0.3.204 → mssdk3-normal-hj.zijieapi.com
2026-08-11T04:57:16.627853Z  INFO meow_listener::socks5: 127.0.0.1:63033 --> mssdk3-normal-hj.zijieapi.com:443 match RULE-SET(reject-domain) using Block
2026-08-11T04:57:17.444058Z  WARN meow_ios_ffi::tun2socks: tun2socks: mixed-listener dial deadline exceeded for 172.19.0.1:62964 -> 28.0.1.49:443 after 10000 ms; dropping flow
2026-08-11T04:57:17.452272Z DEBUG meow_listener::sniffer: sniffer: 127.0.0.1:63035 --> 28.0.1.49:443 (tcp) → ecomuser.snssdk.com
2026-08-11T04:57:17.452338Z DEBUG meow_listener::socks5: SOCKS5 CONNECT to 28.0.1.49:443
2026-08-11T04:57:17.452380Z DEBUG meow_tunnel::tunnel: pre_handle_metadata: fake-ip 28.0.1.49 → ecomuser.snssdk.com
2026-08-11T04:57:17.452452Z  INFO meow_listener::socks5: 127.0.0.1:63035 --> ecomuser.snssdk.com:443 match RULE-SET(reject-domain) using Block
2026-08-11T04:57:18.828488Z DEBUG meow_tunnel::tunnel: pre_handle_metadata: fake-ip 28.0.0.194 → webcast5-core-hl.amemv.com
2026-08-11T04:57:18.828567Z DEBUG meow_dns::resolver: DNS lookup: webcast5-core-hl.amemv.com
2026-08-11T04:57:20.097689Z  WARN meow_ios_ffi::tun2socks: UDP first-reply deadline exceeded for (172.19.0.1:8568, 28.0.3.241:9681) after 10000 ms; evicting session
2026-08-11T04:57:20.097867Z  WARN meow_ios_ffi::tun2socks: UDP first-reply deadline exceeded for (172.19.0.1:8568, 28.0.3.241:9681) after 10000 ms; evicting session
2026-08-11T04:57:20.098450Z DEBUG meow_listener::socks5_udp: SOCKS5 UDP ASSOCIATE from 127.0.0.1:62969 closed; tearing down 1 sessions
2026-08-11T04:57:20.098681Z DEBUG meow_listener::socks5_udp: SOCKS5 UDP ASSOCIATE from 127.0.0.1:62968 closed; tearing down 1 sessions
2026-08-11T04:57:20.335235Z DEBUG meow_listener::socks5: SOCKS5 CONNECT to 120.233.200.91:2095
2026-08-11T04:57:20.335415Z  INFO meow_listener::socks5: 127.0.0.1:63041 --> 120.233.200.91:2095 match MATCH() using DIRECT
2026-08-11T04:57:20.442629Z DEBUG meow_listener::socks5: SOCKS5 relay closed: up=1732 down=209
2026-08-11T04:57:22.531787Z DEBUG meow_listener::socks5: SOCKS5 relay closed: up=0 down=0
2026-08-11T04:57:22.778244Z DEBUG meow_listener::socks5: SOCKS5 relay closed: up=2096 down=66969
2026-08-11T04:57:22.997378Z DEBUG meow_listener::socks5: SOCKS5 relay closed: up=1996 down=324287
2026-08-11T04:57:23.726068Z DEBUG meow_listener::socks5: SOCKS5 relay closed: up=1499 down=1046
2026-08-11T04:57:24.752237Z DEBUG meow_listener::socks5_udp: SOCKS5 UDP ASSOCIATE from 127.0.0.1:63043: relay bound on 127.0.0.1:65359
2026-08-11T04:57:24.752760Z DEBUG meow_tunnel::tunnel: pre_handle_metadata: fake-ip 28.0.3.241 → vc-brain-hl.ndcpp.com
2026-08-11T04:57:25.256131Z DEBUG meow_tunnel::tunnel: pre_handle_metadata: fake-ip 28.0.3.241 → vc-brain-hl.ndcpp.com
2026-08-11T04:57:25.266695Z DEBUG meow_tunnel::tunnel: pre_handle_metadata: fake-ip 28.0.3.241 → vc-brain-hl.ndcpp.com
2026-08-11T04:57:25.384734Z DEBUG meow_tunnel::tunnel: pre_handle_metadata: fake-ip 28.0.3.241 → vc-brain-hl.ndcpp.com
2026-08-11T04:57:25.413759Z DEBUG meow_listener::socks5: SOCKS5 CONNECT to 120.233.200.91:2095
2026-08-11T04:57:25.413883Z  INFO meow_listener::socks5: 127.0.0.1:63045 --> 120.233.200.91:2095 match MATCH() using DIRECT
2026-08-11T04:57:25.516568Z DEBUG meow_listener::socks5: SOCKS5 relay closed: up=1732 down=209
2026-08-11T04:57:25.759363Z DEBUG meow_tunnel::tunnel: pre_handle_metadata: fake-ip 28.0.3.241 → vc-brain-hl.ndcpp.com
2026-08-11T04:57:25.768877Z DEBUG meow_tunnel::tunnel: pre_handle_metadata: fake-ip 28.0.3.241 → vc-brain-hl.ndcpp.com
2026-08-11T04:57:25.890668Z DEBUG meow_tunnel::tunnel: pre_handle_metadata: fake-ip 28.0.3.241 → vc-brain-hl.ndcpp.com
2026-08-11T04:57:26.131198Z DEBUG meow_listener::socks5: SOCKS5 relay closed: up=517 down=0
2026-08-11T04:57:26.260815Z DEBUG meow_tunnel::tunnel: pre_handle_metadata: fake-ip 28.0.3.241 → vc-brain-hl.ndcpp.com
2026-08-11T04:57:26.272186Z DEBUG meow_tunnel::tunnel: pre_handle_metadata: fake-ip 28.0.3.241 → vc-brain-hl.ndcpp.com
2026-08-11T04:57:26.394764Z DEBUG meow_tunnel::tunnel: pre_handle_metadata: fake-ip 28.0.3.241 → vc-brain-hl.ndcpp.com
2026-08-11T04:57:26.767774Z DEBUG meow_tunnel::tunnel: pre_handle_metadata: fake-ip 28.0.3.241 → vc-brain-hl.ndcpp.com
2026-08-11T04:57:26.774422Z DEBUG meow_tunnel::tunnel: pre_handle_metadata: fake-ip 28.0.3.241 → vc-brain-hl.ndcpp.com
2026-08-11T04:57:26.901664Z DEBUG meow_tunnel::tunnel: pre_handle_metadata: fake-ip 28.0.3.241 → vc-brain-hl.ndcpp.com
2026-08-11T04:57:27.276375Z DEBUG meow_tunnel::tunnel: pre_handle_metadata: fake-ip 28.0.3.241 → vc-brain-hl.ndcpp.com
2026-08-11T04:57:27.401975Z DEBUG meow_tunnel::tunnel: pre_handle_metadata: fake-ip 28.0.3.241 → vc-brain-hl.ndcpp.com
2026-08-11T04:57:28.064416Z DEBUG meow_listener::socks5: SOCKS5 CONNECT to 28.0.0.148:443
2026-08-11T04:57:28.064502Z DEBUG meow_tunnel::tunnel: pre_handle_metadata: fake-ip 28.0.0.148 → www.bytedance.com
2026-08-11T04:57:28.064580Z  INFO meow_listener::socks5: 127.0.0.1:63048 --> www.bytedance.com:443 match RULE-SET(reject-domain) using Block
2026-08-11T04:57:30.562259Z DEBUG meow_listener::socks5: SOCKS5 relay closed: up=517 down=0
2026-08-11T04:57:30.712799Z DEBUG meow_tunnel::tunnel: pre_handle_metadata: fake-ip 28.0.2.153 → api5-core-yz.amemv.com
2026-08-11T04:57:30.712906Z DEBUG meow_dns::resolver: DNS lookup: api5-core-yz.amemv.com
2026-08-11T04:57:30.982523Z DEBUG meow_tunnel::tunnel: pre_handle_metadata: fake-ip 28.0.0.199 → webcast5-normal-lf.amemv.com
2026-08-11T04:57:30.982624Z DEBUG meow_dns::resolver: DNS lookup: webcast5-normal-lf.amemv.com
2026-08-11T04:57:31.187483Z DEBUG meow_listener::sniffer: sniffer: 127.0.0.1:63058 --> 28.0.3.204:443 (tcp) → mssdk3-normal-hj.zijieapi.com
2026-08-11T04:57:31.187537Z DEBUG meow_listener::socks5: SOCKS5 CONNECT to 28.0.3.204:443
2026-08-11T04:57:31.187560Z DEBUG meow_tunnel::tunnel: pre_handle_metadata: fake-ip 28.0.3.204 → mssdk3-normal-hj.zijieapi.com
2026-08-11T04:57:31.187602Z  INFO meow_listener::socks5: 127.0.0.1:63058 --> mssdk3-normal-hj.zijieapi.com:443 match RULE-SET(reject-domain) using Block
2026-08-11T04:57:34.711966Z DEBUG meow_tunnel::tunnel: pre_handle_metadata: fake-ip 28.0.0.189 → search5-search-hl.amemv.com
2026-08-11T04:57:34.754345Z  WARN meow_ios_ffi::tun2socks: UDP first-reply deadline exceeded for (172.19.0.1:8568, 28.0.3.241:9681) after 10000 ms; evicting session
2026-08-11T04:57:34.754687Z DEBUG meow_listener::socks5_udp: SOCKS5 UDP ASSOCIATE from 127.0.0.1:63043 closed; tearing down 1 sessions
2026-08-11T04:57:35.418998Z DEBUG meow_listener::socks5: SOCKS5 CONNECT to 120.233.200.91:2095
2026-08-11T04:57:35.419088Z  INFO meow_listener::socks5: 127.0.0.1:63157 --> 120.233.200.91:2095 match MATCH() using DIRECT
2026-08-11T04:57:35.514659Z DEBUG meow_listener::socks5: SOCKS5 relay closed: up=1732 down=209
2026-08-11T04:57:36.174141Z DEBUG meow_listener::socks5: SOCKS5 relay closed: up=517 down=0
2026-08-11T04:57:38.727955Z DEBUG meow_listener::socks5: SOCKS5 relay closed: up=614 down=0
2026-08-11T04:57:38.730491Z DEBUG meow_listener::socks5: SOCKS5 relay closed: up=517 down=0
2026-08-11T04:57:38.868531Z DEBUG meow_listener::socks5: SOCKS5 relay closed: up=671 down=658
2026-08-11T04:57:38.868599Z DEBUG meow_listener::socks5: SOCKS5 relay closed: up=707 down=4961
2026-08-11T04:57:39.269662Z DEBUG meow_listener::socks5_udp: SOCKS5 UDP ASSOCIATE from 127.0.0.1:63198: relay bound on 127.0.0.1:54305
2026-08-11T04:57:39.270203Z DEBUG meow_tunnel::tunnel: pre_handle_metadata: fake-ip 28.0.3.241 → vc-brain-hl.ndcpp.com
2026-08-11T04:57:39.771652Z DEBUG meow_tunnel::tunnel: pre_handle_metadata: fake-ip 28.0.3.241 → vc-brain-hl.ndcpp.com
2026-08-11T04:57:39.777769Z DEBUG meow_tunnel::tunnel: pre_handle_metadata: fake-ip 28.0.3.241 → vc-brain-hl.ndcpp.com
2026-08-11T04:57:39.911496Z DEBUG meow_tunnel::tunnel: pre_handle_metadata: fake-ip 28.0.3.241 → vc-brain-hl.ndcpp.com
2026-08-11T04:57:40.274194Z DEBUG meow_tunnel::tunnel: pre_handle_metadata: fake-ip 28.0.3.241 → vc-brain-hl.ndcpp.com
2026-08-11T04:57:40.279261Z DEBUG meow_tunnel::tunnel: pre_handle_metadata: fake-ip 28.0.3.241 → vc-brain-hl.ndcpp.com
2026-08-11T04:57:40.417050Z DEBUG meow_tunnel::tunnel: pre_handle_metadata: fake-ip 28.0.3.241 → vc-brain-hl.ndcpp.com
2026-08-11T04:57:40.606836Z DEBUG meow_listener::socks5: SOCKS5 relay closed: up=517 down=0
2026-08-11T04:57:40.771247Z DEBUG meow_listener::socks5: SOCKS5 relay closed: up=517 down=0
2026-08-11T04:57:40.775207Z DEBUG meow_tunnel::tunnel: pre_handle_metadata: fake-ip 28.0.3.241 → vc-brain-hl.ndcpp.com
2026-08-11T04:57:40.780661Z DEBUG meow_tunnel::tunnel: pre_handle_metadata: fake-ip 28.0.3.241 → vc-brain-hl.ndcpp.com
2026-08-11T04:57:40.918624Z DEBUG meow_tunnel::tunnel: pre_handle_metadata: fake-ip 28.0.3.241 → vc-brain-hl.ndcpp.com
2026-08-11T04:57:41.018655Z DEBUG meow_listener::sniffer: sniffer: 127.0.0.1:63200 --> 28.0.3.204:443 (tcp) → mssdk3-normal-hj.zijieapi.com
2026-08-11T04:57:41.018771Z DEBUG meow_listener::socks5: SOCKS5 CONNECT to 28.0.3.204:443
2026-08-11T04:57:41.018800Z DEBUG meow_tunnel::tunnel: pre_handle_metadata: fake-ip 28.0.3.204 → mssdk3-normal-hj.zijieapi.com
2026-08-11T04:57:41.018846Z  INFO meow_listener::socks5: 127.0.0.1:63200 --> mssdk3-normal-hj.zijieapi.com:443 match RULE-SET(reject-domain) using Block
2026-08-11T04:57:41.052257Z DEBUG meow_listener::socks5: SOCKS5 relay closed: up=724 down=316
2026-08-11T04:57:41.052294Z DEBUG meow_listener::socks5: SOCKS5 relay closed: up=723 down=316
2026-08-11T04:57:41.052984Z DEBUG meow_listener::socks5: SOCKS5 relay closed: up=699 down=316
2026-08-11T04:57:41.053069Z DEBUG meow_listener::socks5: SOCKS5 relay closed: up=721 down=316
2026-08-11T04:57:41.053111Z DEBUG meow_listener::socks5: SOCKS5 relay closed: up=724 down=316
2026-08-11T04:57:41.278436Z DEBUG meow_tunnel::tunnel: pre_handle_metadata: fake-ip 28.0.3.241 → vc-brain-hl.ndcpp.com
2026-08-11T04:57:41.281900Z DEBUG meow_tunnel::tunnel: pre_handle_metadata: fake-ip 28.0.3.241 → vc-brain-hl.ndcpp.com
2026-08-11T04:57:41.420147Z DEBUG meow_tunnel::tunnel: pre_handle_metadata: fake-ip 28.0.3.241 → vc-brain-hl.ndcpp.com
2026-08-11T04:57:41.784252Z DEBUG meow_tunnel::tunnel: pre_handle_metadata: fake-ip 28.0.3.241 → vc-brain-hl.ndcpp.com
2026-08-11T04:57:41.924513Z DEBUG meow_tunnel::tunnel: pre_handle_metadata: fake-ip 28.0.3.241 → vc-brain-hl.ndcpp.com
2026-08-11T04:57:42.242852Z DEBUG meow_dns::server: DNS query: signal-t1-v6-az2-01.rtcxyz.com type=1
2026-08-11T04:57:45.416405Z DEBUG meow_listener::socks5: SOCKS5 CONNECT to 111.31.36.96:80
2026-08-11T04:57:45.416593Z  INFO meow_listener::socks5: 127.0.0.1:63202 --> orzonera.yingt.fun:80 match MATCH() using DIRECT
2026-08-11T04:57:45.587954Z DEBUG meow_listener::socks5: SOCKS5 relay closed: up=1445 down=1103
2026-08-11T04:57:46.419724Z DEBUG meow_listener::socks5: SOCKS5 relay closed: up=517 down=0
2026-08-11T04:57:46.837240Z DEBUG meow_listener::sniffer: sniffer: 127.0.0.1:63205 --> 28.0.3.204:443 (tcp) → mssdk3-normal-hj.zijieapi.com
2026-08-11T04:57:46.837308Z DEBUG meow_listener::socks5: SOCKS5 CONNECT to 28.0.3.204:443
2026-08-11T04:57:46.837343Z DEBUG meow_tunnel::tunnel: pre_handle_metadata: fake-ip 28.0.3.204 → mssdk3-normal-hj.zijieapi.com
2026-08-11T04:57:46.837411Z  INFO meow_listener::socks5: 127.0.0.1:63205 --> mssdk3-normal-hj.zijieapi.com:443 match RULE-SET(reject-domain) using Block
2026-08-11T04:57:49.272178Z  WARN meow_ios_ffi::tun2socks: UDP first-reply deadline exceeded for (172.19.0.1:8568, 28.0.3.241:9681) after 10000 ms; evicting session
2026-08-11T04:57:49.272878Z DEBUG meow_listener::socks5_udp: SOCKS5 UDP ASSOCIATE from 127.0.0.1:63198 closed; tearing down 1 sessions
2026-08-11T04:57:50.447971Z DEBUG meow_listener::socks5: SOCKS5 relay closed: up=1405 down=9306
2026-08-11T04:57:50.815826Z DEBUG meow_listener::socks5: SOCKS5 relay closed: up=517 down=0
2026-08-11T04:57:51.872114Z DEBUG meow_listener::socks5: SOCKS5 relay closed: up=881 down=6520
2026-08-11T04:57:53.787394Z DEBUG meow_listener::socks5_udp: SOCKS5 UDP ASSOCIATE from 127.0.0.1:63206: relay bound on 127.0.0.1:52354
2026-08-11T04:57:53.788061Z DEBUG meow_tunnel::tunnel: pre_handle_metadata: fake-ip 28.0.3.241 → vc-brain-hl.ndcpp.com
2026-08-11T04:57:54.286538Z DEBUG meow_tunnel::tunnel: pre_handle_metadata: fake-ip 28.0.3.241 → vc-brain-hl.ndcpp.com
2026-08-11T04:57:54.286777Z DEBUG meow_tunnel::tunnel: pre_handle_metadata: fake-ip 28.0.3.241 → vc-brain-hl.ndcpp.com
2026-08-11T04:57:54.429036Z DEBUG meow_tunnel::tunnel: pre_handle_metadata: fake-ip 28.0.3.241 → vc-brain-hl.ndcpp.com
2026-08-11T04:57:54.713710Z DEBUG meow_tunnel::tunnel: pre_handle_metadata: fake-ip 28.0.0.189 → search5-search-hl.amemv.com
2026-08-11T04:57:54.713775Z DEBUG meow_dns::resolver: DNS lookup: search5-search-hl.amemv.com
2026-08-11T04:57:54.791964Z DEBUG meow_tunnel::tunnel: pre_handle_metadata: fake-ip 28.0.3.241 → vc-brain-hl.ndcpp.com
2026-08-11T04:57:54.792063Z DEBUG meow_tunnel::tunnel: pre_handle_metadata: fake-ip 28.0.3.241 → vc-brain-hl.ndcpp.com
2026-08-11T04:57:54.934726Z DEBUG meow_tunnel::tunnel: pre_handle_metadata: fake-ip 28.0.3.241 → vc-brain-hl.ndcpp.com
2026-08-11T04:57:55.294640Z DEBUG meow_tunnel::tunnel: pre_handle_metadata: fake-ip 28.0.3.241 → vc-brain-hl.ndcpp.com
2026-08-11T04:57:55.294725Z DEBUG meow_tunnel::tunnel: pre_handle_metadata: fake-ip 28.0.3.241 → vc-brain-hl.ndcpp.com
2026-08-11T04:57:55.424226Z DEBUG meow_listener::socks5: SOCKS5 CONNECT to 120.233.200.91:2095
2026-08-11T04:57:55.424380Z  INFO meow_listener::socks5: 127.0.0.1:63212 --> 120.233.200.91:2095 match MATCH() using DIRECT
2026-08-11T04:57:55.436936Z DEBUG meow_tunnel::tunnel: pre_handle_metadata: fake-ip 28.0.3.241 → vc-brain-hl.ndcpp.com
2026-08-11T04:57:55.551573Z DEBUG meow_listener::socks5: SOCKS5 relay closed: up=1732 down=209
2026-08-11T04:57:55.796138Z DEBUG meow_tunnel::tunnel: pre_handle_metadata: fake-ip 28.0.3.241 → vc-brain-hl.ndcpp.com
2026-08-11T04:57:55.796231Z DEBUG meow_tunnel::tunnel: pre_handle_metadata: fake-ip 28.0.3.241 → vc-brain-hl.ndcpp.com
2026-08-11T04:57:55.940293Z DEBUG meow_tunnel::tunnel: pre_handle_metadata: fake-ip 28.0.3.241 → vc-brain-hl.ndcpp.com
2026-08-11T04:57:56.297193Z DEBUG meow_tunnel::tunnel: pre_handle_metadata: fake-ip 28.0.3.241 → vc-brain-hl.ndcpp.com
2026-08-11T04:57:56.446732Z DEBUG meow_tunnel::tunnel: pre_handle_metadata: fake-ip 28.0.3.241 → vc-brain-hl.ndcpp.com
2026-08-11T04:57:56.770419Z DEBUG meow_listener::socks5: SOCKS5 relay closed: up=517 down=0
2026-08-11T04:57:57.151546Z DEBUG meow_listener::socks5: SOCKS5 relay closed: up=517 down=0
2026-08-11T04:57:58.123927Z DEBUG meow_listener::socks5: SOCKS5 CONNECT to 28.0.0.148:443
2026-08-11T04:57:58.123988Z DEBUG meow_tunnel::tunnel: pre_handle_metadata: fake-ip 28.0.0.148 → www.bytedance.com
2026-08-11T04:57:58.124052Z  INFO meow_listener::socks5: 127.0.0.1:63215 --> www.bytedance.com:443 match RULE-SET(reject-domain) using Block
2026-08-11T04:57:58.909036Z  INFO meow_ios_ffi::tun2socks: UDP reply reader idle (both directions) > 60s for (172.19.0.1:54392, 28.0.0.179:443); evicting session
2026-08-11T04:57:58.909760Z DEBUG meow_listener::socks5_udp: SOCKS5 UDP ASSOCIATE from 127.0.0.1:62818 closed; tearing down 2 sessions
2026-08-11T04:58:03.789360Z  WARN meow_ios_ffi::tun2socks: UDP first-reply deadline exceeded for (172.19.0.1:8568, 28.0.3.241:9681) after 10000 ms; evicting session
2026-08-11T04:58:03.789947Z DEBUG meow_listener::socks5_udp: SOCKS5 UDP ASSOCIATE from 127.0.0.1:63206 closed; tearing down 1 sessions
2026-08-11T04:58:06.315617Z DEBUG meow_dns::server: DNS query: mon0-misc-lf.amemv.com type=1
2026-08-11T04:58:06.319849Z DEBUG meow_listener::sniffer: sniffer: 127.0.0.1:63217 --> 28.0.1.90:443 (tcp) → mon0-misc-lf.amemv.com
2026-08-11T04:58:06.319877Z DEBUG meow_listener::socks5: SOCKS5 CONNECT to 28.0.1.90:443
2026-08-11T04:58:06.319896Z DEBUG meow_tunnel::tunnel: pre_handle_metadata: fake-ip 28.0.1.90 → mon0-misc-lf.amemv.com
2026-08-11T04:58:06.319935Z  INFO meow_listener::socks5: 127.0.0.1:63217 --> mon0-misc-lf.amemv.com:443 match MATCH() using DIRECT
2026-08-11T04:58:06.319981Z DEBUG meow_dns::resolver: DNS lookup: mon0-misc-lf.amemv.com
2026-08-11T04:58:06.816276Z DEBUG meow_listener::socks5: SOCKS5 relay closed: up=517 down=0
2026-08-11T04:58:07.212330Z DEBUG meow_listener::sniffer: sniffer: 127.0.0.1:63331 --> 28.0.3.204:443 (tcp) → mssdk3-normal-hj.zijieapi.com
2026-08-11T04:58:07.212359Z DEBUG meow_listener::socks5: SOCKS5 CONNECT to 28.0.3.204:443
2026-08-11T04:58:07.212375Z DEBUG meow_tunnel::tunnel: pre_handle_metadata: fake-ip 28.0.3.204 → mssdk3-normal-hj.zijieapi.com
2026-08-11T04:58:07.212403Z  INFO meow_listener::socks5: 127.0.0.1:63331 --> mssdk3-normal-hj.zijieapi.com:443 match RULE-SET(reject-domain) using Block
2026-08-11T04:58:07.409437Z DEBUG meow_listener::socks5: SOCKS5 relay closed: up=517 down=0
2026-08-11T04:58:07.544948Z DEBUG meow_listener::socks5: SOCKS5 relay closed: up=1235 down=25161
2026-08-11T04:58:08.303890Z DEBUG meow_listener::socks5_udp: SOCKS5 UDP ASSOCIATE from 127.0.0.1:63352: relay bound on 127.0.0.1:53104
2026-08-11T04:58:08.304372Z DEBUG meow_tunnel::tunnel: pre_handle_metadata: fake-ip 28.0.3.241 → vc-brain-hl.ndcpp.com
2026-08-11T04:58:08.707716Z DEBUG meow_dns::server: DNS query: ecom5-normal-hl.ecombdapi.com type=1
2026-08-11T04:58:08.709611Z DEBUG meow_listener::socks5_udp: SOCKS5 UDP ASSOCIATE from 127.0.0.1:63370: relay bound on 127.0.0.1:55926
2026-08-11T04:58:08.709813Z DEBUG meow_tunnel::tunnel: pre_handle_metadata: fake-ip 28.0.0.179 → ecom5-normal-hl.ecombdapi.com
2026-08-11T04:58:08.709839Z DEBUG meow_dns::resolver: DNS lookup: ecom5-normal-hl.ecombdapi.com
2026-08-11T04:58:08.716776Z DEBUG meow_listener::socks5_udp: SOCKS5 UDP ASSOCIATE from 127.0.0.1:63379: relay bound on 127.0.0.1:62534
2026-08-11T04:58:08.716924Z DEBUG meow_tunnel::tunnel: pre_handle_metadata: fake-ip 28.0.0.189 → search5-search-hl.amemv.com
2026-08-11T04:58:08.720252Z DEBUG meow_dns::server: DNS query: webcast5-core-hl.amemv.com type=1
2026-08-11T04:58:08.721364Z DEBUG meow_listener::socks5_udp: SOCKS5 UDP ASSOCIATE from 127.0.0.1:63382: relay bound on 127.0.0.1:63818
2026-08-11T04:58:08.721975Z DEBUG meow_tunnel::tunnel: pre_handle_metadata: fake-ip 28.0.0.194 → webcast5-core-hl.amemv.com
2026-08-11T04:58:08.722874Z DEBUG meow_dns::server: DNS query: webcast5-normal-lf.amemv.com type=1
2026-08-11T04:58:08.723394Z DEBUG meow_listener::sniffer: sniffer: 127.0.0.1:63363 --> 28.0.0.168:443 (tcp) → api-normal-m.amemv.com
2026-08-11T04:58:08.723407Z DEBUG meow_listener::socks5: SOCKS5 CONNECT to 28.0.0.168:443
2026-08-11T04:58:08.723414Z DEBUG meow_tunnel::tunnel: pre_handle_metadata: fake-ip 28.0.0.168 → api-normal-m.amemv.com
2026-08-11T04:58:08.723438Z  INFO meow_listener::socks5: 127.0.0.1:63363 --> api-normal-m.amemv.com:443 match MATCH() using DIRECT
2026-08-11T04:58:08.723472Z DEBUG meow_dns::resolver: DNS lookup: api-normal-m.amemv.com
2026-08-11T04:58:08.723628Z DEBUG meow_listener::socks5_udp: SOCKS5 UDP ASSOCIATE from 127.0.0.1:63385: relay bound on 127.0.0.1:51868
2026-08-11T04:58:08.723755Z DEBUG meow_listener::sniffer: sniffer: 127.0.0.1:63365 --> 28.0.0.170:443 (tcp) → api5-social-m-hl.amemv.com
2026-08-11T04:58:08.723763Z DEBUG meow_listener::socks5: SOCKS5 CONNECT to 28.0.0.170:443
2026-08-11T04:58:08.723770Z DEBUG meow_tunnel::tunnel: pre_handle_metadata: fake-ip 28.0.0.170 → api5-social-m-hl.amemv.com
2026-08-11T04:58:08.723784Z  INFO meow_listener::socks5: 127.0.0.1:63365 --> api5-social-m-hl.amemv.com:443 match MATCH() using DIRECT
2026-08-11T04:58:08.723822Z DEBUG meow_dns::resolver: DNS lookup: api5-social-m-hl.amemv.com
2026-08-11T04:58:08.726273Z DEBUG meow_listener::sniffer: sniffer: 127.0.0.1:63367 --> 28.0.0.172:443 (tcp) → api5-hl.qishui.com
2026-08-11T04:58:08.726315Z DEBUG meow_listener::socks5: SOCKS5 CONNECT to 28.0.0.172:443
2026-08-11T04:58:08.726341Z DEBUG meow_tunnel::tunnel: pre_handle_metadata: fake-ip 28.0.0.172 → api5-hl.qishui.com
2026-08-11T04:58:08.726386Z  INFO meow_listener::socks5: 127.0.0.1:63367 --> api5-hl.qishui.com:443 match MATCH() using DIRECT
2026-08-11T04:58:08.726447Z DEBUG meow_dns::resolver: DNS lookup: api5-hl.qishui.com
2026-08-11T04:58:08.726955Z DEBUG meow_listener::sniffer: sniffer: 127.0.0.1:63376 --> 28.0.0.181:443 (tcp) → life5-normal-m-hl.amemv.com
2026-08-11T04:58:08.726992Z DEBUG meow_listener::socks5: SOCKS5 CONNECT to 28.0.0.181:443
2026-08-11T04:58:08.727015Z DEBUG meow_tunnel::tunnel: pre_handle_metadata: fake-ip 28.0.0.181 → life5-normal-m-hl.amemv.com
2026-08-11T04:58:08.727063Z  INFO meow_listener::socks5: 127.0.0.1:63376 --> life5-normal-m-hl.amemv.com:443 match MATCH() using DIRECT
2026-08-11T04:58:08.727125Z DEBUG meow_dns::resolver: DNS lookup: life5-normal-m-hl.amemv.com
2026-08-11T04:58:08.728959Z DEBUG meow_listener::sniffer: sniffer: 127.0.0.1:63384 --> 28.0.0.195:443 (tcp) → webcast-normal-m.amemv.com
2026-08-11T04:58:08.729010Z DEBUG meow_listener::socks5: SOCKS5 CONNECT to 28.0.0.195:443
2026-08-11T04:58:08.729047Z DEBUG meow_tunnel::tunnel: pre_handle_metadata: fake-ip 28.0.0.195 → webcast-normal-m.amemv.com
2026-08-11T04:58:08.729092Z  INFO meow_listener::socks5: 127.0.0.1:63384 --> webcast-normal-m.amemv.com:443 match MATCH() using DIRECT
2026-08-11T04:58:08.729151Z DEBUG meow_dns::resolver: DNS lookup: webcast-normal-m.amemv.com
2026-08-11T04:58:08.730437Z DEBUG meow_listener::sniffer: sniffer: 127.0.0.1:63369 --> 28.0.0.175:443 (tcp) → ecom-normal-m.ecombdapi.com
2026-08-11T04:58:08.730466Z DEBUG meow_listener::socks5: SOCKS5 CONNECT to 28.0.0.175:443
2026-08-11T04:58:08.730484Z DEBUG meow_tunnel::tunnel: pre_handle_metadata: fake-ip 28.0.0.175 → ecom-normal-m.ecombdapi.com
2026-08-11T04:58:08.730516Z  INFO meow_listener::socks5: 127.0.0.1:63369 --> ecom-normal-m.ecombdapi.com:443 match MATCH() using DIRECT
2026-08-11T04:58:08.730567Z DEBUG meow_dns::resolver: DNS lookup: ecom-normal-m.ecombdapi.com
2026-08-11T04:58:08.730987Z DEBUG meow_listener::sniffer: sniffer: 127.0.0.1:63378 --> 28.0.0.187:443 (tcp) → ma5-normal-hl.zijieapi.com
2026-08-11T04:58:08.731005Z DEBUG meow_listener::socks5: SOCKS5 CONNECT to 28.0.0.187:443
2026-08-11T04:58:08.731020Z DEBUG meow_tunnel::tunnel: pre_handle_metadata: fake-ip 28.0.0.187 → ma5-normal-hl.zijieapi.com
2026-08-11T04:58:08.731047Z  INFO meow_listener::socks5: 127.0.0.1:63378 --> ma5-normal-hl.zijieapi.com:443 match RULE-SET(reject-domain) using Block
2026-08-11T04:58:08.731300Z DEBUG meow_listener::sniffer: sniffer: 127.0.0.1:63381 --> 28.0.0.191:443 (tcp) → webcast-core-m.amemv.com
2026-08-11T04:58:08.731311Z DEBUG meow_listener::socks5: SOCKS5 CONNECT to 28.0.0.191:443
2026-08-11T04:58:08.731320Z DEBUG meow_tunnel::tunnel: pre_handle_metadata: fake-ip 28.0.0.191 → webcast-core-m.amemv.com
2026-08-11T04:58:08.731334Z  INFO meow_listener::socks5: 127.0.0.1:63381 --> webcast-core-m.amemv.com:443 match MATCH() using DIRECT
2026-08-11T04:58:08.731358Z DEBUG meow_dns::resolver: DNS lookup: webcast-core-m.amemv.com
2026-08-11T04:58:08.732092Z DEBUG meow_tunnel::tunnel: pre_handle_metadata: fake-ip 28.0.0.199 → webcast5-normal-lf.amemv.com
2026-08-11T04:58:08.732105Z DEBUG meow_dns::resolver: DNS lookup: webcast5-normal-lf.amemv.com
2026-08-11T04:58:08.758160Z DEBUG meow_tunnel::tunnel: pre_handle_metadata: fake-ip 28.0.0.194 → webcast5-core-hl.amemv.com
2026-08-11T04:58:08.766257Z DEBUG meow_tunnel::tunnel: pre_handle_metadata: fake-ip 28.0.0.189 → search5-search-hl.amemv.com
2026-08-11T04:58:08.804452Z DEBUG meow_tunnel::tunnel: pre_handle_metadata: fake-ip 28.0.3.241 → vc-brain-hl.ndcpp.com
2026-08-11T04:58:08.804520Z DEBUG meow_tunnel::tunnel: pre_handle_metadata: fake-ip 28.0.3.241 → vc-brain-hl.ndcpp.com
2026-08-11T04:58:08.805525Z DEBUG meow_tunnel::tunnel: pre_handle_metadata: fake-ip 28.0.0.179 → ecom5-normal-hl.ecombdapi.com
2026-08-11T04:58:08.824842Z DEBUG meow_tunnel::tunnel: pre_handle_metadata: fake-ip 28.0.0.199 → webcast5-normal-lf.amemv.com
2026-08-11T04:58:08.955557Z DEBUG meow_tunnel::tunnel: pre_handle_metadata: fake-ip 28.0.3.241 → vc-brain-hl.ndcpp.com
2026-08-11T04:58:09.306839Z DEBUG meow_tunnel::tunnel: pre_handle_metadata: fake-ip 28.0.3.241 → vc-brain-hl.ndcpp.com
2026-08-11T04:58:09.307061Z DEBUG meow_tunnel::tunnel: pre_handle_metadata: fake-ip 28.0.3.241 → vc-brain-hl.ndcpp.com
2026-08-11T04:58:09.459823Z DEBUG meow_tunnel::tunnel: pre_handle_metadata: fake-ip 28.0.3.241 → vc-brain-hl.ndcpp.com
2026-08-11T04:58:09.808609Z DEBUG meow_tunnel::tunnel: pre_handle_metadata: fake-ip 28.0.3.241 → vc-brain-hl.ndcpp.com
2026-08-11T04:58:09.808703Z DEBUG meow_tunnel::tunnel: pre_handle_metadata: fake-ip 28.0.3.241 → vc-brain-hl.ndcpp.com
2026-08-11T04:58:09.868360Z DEBUG meow_listener::socks5: SOCKS5 relay closed: up=517 down=0
2026-08-11T04:58:09.960800Z DEBUG meow_tunnel::tunnel: pre_handle_metadata: fake-ip 28.0.3.241 → vc-brain-hl.ndcpp.com
2026-08-11T04:58:10.311586Z DEBUG meow_tunnel::tunnel: pre_handle_metadata: fake-ip 28.0.3.241 → vc-brain-hl.ndcpp.com
2026-08-11T04:58:10.311699Z DEBUG meow_tunnel::tunnel: pre_handle_metadata: fake-ip 28.0.3.241 → vc-brain-hl.ndcpp.com
2026-08-11T04:58:10.466983Z DEBUG meow_tunnel::tunnel: pre_handle_metadata: fake-ip 28.0.3.241 → vc-brain-hl.ndcpp.com
2026-08-11T04:58:10.813716Z DEBUG meow_listener::socks5: SOCKS5 relay closed: up=517 down=0
2026-08-11T04:58:10.816509Z DEBUG meow_tunnel::tunnel: pre_handle_metadata: fake-ip 28.0.3.241 → vc-brain-hl.ndcpp.com
2026-08-11T04:58:10.971547Z DEBUG meow_tunnel::tunnel: pre_handle_metadata: fake-ip 28.0.3.241 → vc-brain-hl.ndcpp.com
2026-08-11T04:58:11.052683Z  INFO meow_ios_ffi::tun2socks: UDP reply reader idle (both directions) > 60s for (172.19.0.1:64066, 28.0.2.160:443); evicting session
2026-08-11T04:58:11.053311Z DEBUG meow_listener::socks5_udp: SOCKS5 UDP ASSOCIATE from 127.0.0.1:62885 closed; tearing down 2 sessions
2026-08-11T04:58:11.224190Z DEBUG meow_listener::sniffer: sniffer: 127.0.0.1:63426 --> 28.0.3.204:443 (tcp) → mssdk3-normal-hj.zijieapi.com
2026-08-11T04:58:11.224246Z DEBUG meow_listener::socks5: SOCKS5 CONNECT to 28.0.3.204:443
2026-08-11T04:58:11.224278Z DEBUG meow_tunnel::tunnel: pre_handle_metadata: fake-ip 28.0.3.204 → mssdk3-normal-hj.zijieapi.com
2026-08-11T04:58:11.224333Z  INFO meow_listener::socks5: 127.0.0.1:63426 --> mssdk3-normal-hj.zijieapi.com:443 match RULE-SET(reject-domain) using Block
2026-08-11T04:58:11.844059Z DEBUG meow_listener::socks5: SOCKS5 relay closed: up=517 down=0
2026-08-11T04:58:11.846590Z DEBUG meow_dns::server: DNS query: tnc0-alisc1.zijieapi.com.bytedns3.com type=65
2026-08-11T04:58:11.846633Z DEBUG meow_dns::server: DNS forward (generic): tnc0-alisc1.zijieapi.com.bytedns3.com type=HTTPS
2026-08-11T04:58:11.847007Z DEBUG meow_dns::server: DNS query: tnc0-alisc1.zijieapi.com.bytedns3.com type=1
2026-08-11T04:58:11.892400Z DEBUG meow_dns::server: DNS query: 262uxnli.sched.d2.tdnsdp1.cn type=65
2026-08-11T04:58:11.892455Z DEBUG meow_dns::server: DNS forward (generic): 262uxnli.sched.d2.tdnsdp1.cn type=HTTPS
2026-08-11T04:58:11.892620Z DEBUG meow_dns::server: DNS query: 262uxnli.sched.d2.tdnsdp1.cn type=1
2026-08-11T04:58:12.222282Z  INFO meow_ios_ffi::tun2socks: UDP reply reader idle (both directions) > 60s for (172.19.0.1:54470, 111.22.248.135:443); evicting session
2026-08-11T04:58:12.222932Z DEBUG meow_listener::socks5_udp: SOCKS5 UDP ASSOCIATE from 127.0.0.1:62990 closed; tearing down 1 sessions
2026-08-11T04:58:13.724647Z  WARN meow_ios_ffi::tun2socks: tun2socks: idle TTL (600000 ms) exceeded, closing flow 671 172.19.0.1:60976 -> 28.0.1.71:443
2026-08-11T04:58:13.835521Z DEBUG meow_listener::socks5: SOCKS5 relay closed: up=517 down=0
2026-08-11T04:58:14.478119Z  INFO meow_ios_ffi::tun2socks: UDP reply reader idle (both directions) > 60s for (172.19.0.1:57510, 28.0.0.189:443); evicting session
2026-08-11T04:58:14.478603Z DEBUG meow_listener::socks5_udp: SOCKS5 UDP ASSOCIATE from 127.0.0.1:62827 closed; tearing down 1 sessions
2026-08-11T04:58:15.417141Z DEBUG meow_listener::socks5: SOCKS5 CONNECT to 111.31.36.96:80
2026-08-11T04:58:15.417196Z  INFO meow_listener::socks5: 127.0.0.1:63432 --> orzonera.yingt.fun:80 match MATCH() using DIRECT
2026-08-11T04:58:15.463032Z DEBUG meow_dns::server: DNS query: signal-t1-v6-az1.rtcxyz.com type=1
2026-08-11T04:58:15.587494Z DEBUG meow_listener::socks5: SOCKS5 relay closed: up=1445 down=1103
2026-08-11T04:58:15.673618Z DEBUG meow_tunnel::tunnel: pre_handle_metadata: fake-ip 28.0.3.241 → vc-brain-hl.ndcpp.com
2026-08-11T04:58:15.673704Z DEBUG meow_dns::resolver: DNS lookup: vc-brain-hl.ndcpp.com
2026-08-11T04:58:16.631293Z DEBUG meow_listener::socks5: SOCKS5 relay closed: up=517 down=0
2026-08-11T04:58:17.043013Z DEBUG meow_listener::sniffer: sniffer: 127.0.0.1:63439 --> 28.0.3.204:443 (tcp) → mssdk3-normal-hj.zijieapi.com
2026-08-11T04:58:17.043057Z DEBUG meow_listener::socks5: SOCKS5 CONNECT to 28.0.3.204:443
2026-08-11T04:58:17.043081Z DEBUG meow_tunnel::tunnel: pre_handle_metadata: fake-ip 28.0.3.204 → mssdk3-normal-hj.zijieapi.com
2026-08-11T04:58:17.043123Z  INFO meow_listener::socks5: 127.0.0.1:63439 --> mssdk3-normal-hj.zijieapi.com:443 match RULE-SET(reject-domain) using Block
2026-08-11T04:58:17.455679Z DEBUG meow_listener::socks5: SOCKS5 relay closed: up=517 down=0
2026-08-11T04:58:18.306637Z  WARN meow_ios_ffi::tun2socks: UDP first-reply deadline exceeded for (172.19.0.1:8568, 28.0.3.241:9681) after 10000 ms; evicting session
2026-08-11T04:58:18.307081Z DEBUG meow_listener::socks5_udp: SOCKS5 UDP ASSOCIATE from 127.0.0.1:63352 closed; tearing down 1 sessions
2026-08-11T04:58:18.933899Z  INFO meow_ios_ffi::tun2socks: UDP reply reader idle (both directions) > 60s for (172.19.0.1:49818, 28.0.0.194:443); evicting session
2026-08-11T04:58:18.934468Z DEBUG meow_listener::socks5_udp: SOCKS5 UDP ASSOCIATE from 127.0.0.1:62834 closed; tearing down 1 sessions
2026-08-11T04:58:22.698929Z DEBUG meow_listener::socks5: SOCKS5 CONNECT to 28.0.0.148:443
2026-08-11T04:58:22.699044Z DEBUG meow_tunnel::tunnel: pre_handle_metadata: fake-ip 28.0.0.148 → www.bytedance.com
2026-08-11T04:58:22.699154Z  INFO meow_listener::socks5: 127.0.0.1:63558 --> www.bytedance.com:443 match RULE-SET(reject-domain) using Block
2026-08-11T04:58:27.081964Z  WARN meow_ios_ffi::tun2socks: tun2socks: mixed-listener dial deadline exceeded for 172.19.0.1:63438 -> 28.0.3.204:443 after 10000 ms; dropping flow
2026-08-11T04:58:27.090835Z DEBUG meow_listener::sniffer: sniffer: 127.0.0.1:63579 --> 28.0.3.204:443 (tcp) → mssdk3-normal-hj.zijieapi.com
2026-08-11T04:58:27.090893Z DEBUG meow_listener::socks5: SOCKS5 CONNECT to 28.0.3.204:443
2026-08-11T04:58:27.090932Z DEBUG meow_tunnel::tunnel: pre_handle_metadata: fake-ip 28.0.3.204 → mssdk3-normal-hj.zijieapi.com
2026-08-11T04:58:27.091002Z  INFO meow_listener::socks5: 127.0.0.1:63579 --> mssdk3-normal-hj.zijieapi.com:443 match RULE-SET(reject-domain) using Block
2026-08-11T04:58:28.068032Z DEBUG meow_listener::socks5: SOCKS5 relay closed: up=0 down=0
2026-08-11T04:58:28.385117Z DEBUG meow_listener::socks5: SOCKS5 relay error: Operation timed out (os error 60)
2026-08-11T04:58:28.760216Z DEBUG meow_tunnel::tunnel: pre_handle_metadata: fake-ip 28.0.0.194 → webcast5-core-hl.amemv.com
2026-08-11T04:58:28.760323Z DEBUG meow_dns::resolver: DNS lookup: webcast5-core-hl.amemv.com
2026-08-11T04:58:28.767250Z DEBUG meow_tunnel::tunnel: pre_handle_metadata: fake-ip 28.0.0.189 → search5-search-hl.amemv.com
2026-08-11T04:58:28.767331Z DEBUG meow_dns::resolver: DNS lookup: search5-search-hl.amemv.com
2026-08-11T04:58:28.807708Z DEBUG meow_tunnel::tunnel: pre_handle_metadata: fake-ip 28.0.0.179 → ecom5-normal-hl.ecombdapi.com
2026-08-11T04:58:28.829094Z DEBUG meow_tunnel::tunnel: pre_handle_metadata: fake-ip 28.0.0.199 → webcast5-normal-lf.amemv.com
2026-08-11T04:58:28.859851Z DEBUG meow_tunnel::tunnel: pre_handle_metadata: fake-ip 28.0.0.194 → webcast5-core-hl.amemv.com
2026-08-11T04:58:28.893381Z DEBUG meow_tunnel::tunnel: pre_handle_metadata: fake-ip 28.0.0.189 → search5-search-hl.amemv.com
2026-08-11T04:58:30.444004Z DEBUG meow_listener::socks5: SOCKS5 CONNECT to 120.233.200.91:2095
2026-08-11T04:58:30.444172Z  INFO meow_listener::socks5: 127.0.0.1:63589 --> 120.233.200.91:2095 match MATCH() using DIRECT
2026-08-11T04:58:30.790233Z  INFO meow_ios_ffi::tun2socks: UDP reply reader idle (both directions) > 60s for (172.19.0.1:57040, 28.0.2.153:443); evicting session
2026-08-11T04:58:30.791316Z DEBUG meow_listener::socks5_udp: SOCKS5 UDP ASSOCIATE from 127.0.0.1:62913 closed; tearing down 1 sessions
2026-08-11T04:58:30.863375Z DEBUG meow_listener::socks5: SOCKS5 relay closed: up=1732 down=209
2026-08-11T04:58:31.114249Z  INFO meow_ios_ffi::tun2socks: UDP reply reader idle (both directions) > 60s for (172.19.0.1:56039, 28.0.0.199:443); evicting session
2026-08-11T04:58:31.114984Z DEBUG meow_listener::socks5_udp: SOCKS5 UDP ASSOCIATE from 127.0.0.1:62841 closed; tearing down 2 sessions
2026-08-11T04:58:31.191809Z DEBUG meow_listener::socks5: SOCKS5 relay closed: up=517 down=0
2026-08-11T04:58:32.097200Z DEBUG meow_listener::socks5: SOCKS5 CONNECT to 28.0.0.148:443
2026-08-11T04:58:32.097280Z DEBUG meow_tunnel::tunnel: pre_handle_metadata: fake-ip 28.0.0.148 → www.bytedance.com
2026-08-11T04:58:32.097375Z  INFO meow_listener::socks5: 127.0.0.1:63592 --> www.bytedance.com:443 match RULE-SET(reject-domain) using Block
2026-08-11T04:58:34.877475Z DEBUG meow_listener::socks5: SOCKS5 relay closed: up=15636 down=2697328
2026-08-11T04:58:41.022139Z DEBUG meow_listener::socks5: SOCKS5 relay closed: up=517 down=0
2026-08-11T04:58:42.651123Z DEBUG meow_dns::server: DNS query: signal-t1-v6-az2-01.rtcxyz.com type=1
2026-08-11T04:58:43.727555Z  WARN meow_ios_ffi::tun2socks: tun2socks: idle TTL (600000 ms) exceeded, closing flow 680 172.19.0.1:61202 -> 28.0.2.163:443
2026-08-11T04:58:43.727642Z DEBUG meow_listener::socks5: SOCKS5 relay closed: up=8723 down=13502
2026-08-11T04:58:46.839365Z DEBUG meow_listener::socks5: SOCKS5 relay closed: up=517 down=0
2026-08-11T04:58:47.245557Z DEBUG meow_listener::sniffer: sniffer: 127.0.0.1:63834 --> 28.0.3.204:443 (tcp) → mssdk3-normal-hj.zijieapi.com
2026-08-11T04:58:47.245587Z DEBUG meow_listener::socks5: SOCKS5 CONNECT to 28.0.3.204:443
2026-08-11T04:58:47.245602Z DEBUG meow_tunnel::tunnel: pre_handle_metadata: fake-ip 28.0.3.204 → mssdk3-normal-hj.zijieapi.com
2026-08-11T04:58:47.245630Z  INFO meow_listener::socks5: 127.0.0.1:63834 --> mssdk3-normal-hj.zijieapi.com:443 match RULE-SET(reject-domain) using Block
2026-08-11T04:58:47.672483Z DEBUG meow_listener::socks5: SOCKS5 relay closed: up=1758 down=2685
2026-08-11T04:58:48.761564Z DEBUG meow_tunnel::tunnel: pre_handle_metadata: fake-ip 28.0.0.194 → webcast5-core-hl.amemv.com
2026-08-11T04:58:48.768359Z DEBUG meow_tunnel::tunnel: pre_handle_metadata: fake-ip 28.0.0.189 → search5-search-hl.amemv.com
2026-08-11T04:58:48.768463Z DEBUG meow_dns::resolver: DNS lookup: search5-search-hl.amemv.com
2026-08-11T04:58:48.809248Z DEBUG meow_tunnel::tunnel: pre_handle_metadata: fake-ip 28.0.0.179 → ecom5-normal-hl.ecombdapi.com
2026-08-11T04:58:48.809339Z DEBUG meow_dns::resolver: DNS lookup: ecom5-normal-hl.ecombdapi.com
2026-08-11T04:58:48.827890Z DEBUG meow_tunnel::tunnel: pre_handle_metadata: fake-ip 28.0.0.199 → webcast5-normal-lf.amemv.com
2026-08-11T04:58:48.827957Z DEBUG meow_dns::resolver: DNS lookup: webcast5-normal-lf.amemv.com
2026-08-11T04:58:54.604334Z DEBUG meow_listener::socks5: SOCKS5 CONNECT to 28.0.0.148:443
2026-08-11T04:58:54.604421Z DEBUG meow_tunnel::tunnel: pre_handle_metadata: fake-ip 28.0.0.148 → www.bytedance.com
2026-08-11T04:58:54.604490Z  INFO meow_listener::socks5: 127.0.0.1:63896 --> www.bytedance.com:443 match RULE-SET(reject-domain) using Block
2026-08-11T04:58:54.783224Z  INFO meow_ios_ffi::tun2socks: UDP reply reader idle (both directions) > 60s for (172.19.0.1:65058, 28.0.0.189:443); evicting session
2026-08-11T04:58:54.783762Z DEBUG meow_listener::socks5_udp: SOCKS5 UDP ASSOCIATE from 127.0.0.1:63015 closed; tearing down 1 sessions
2026-08-11T04:58:57.297500Z DEBUG meow_listener::sniffer: sniffer: 127.0.0.1:63898 --> 28.0.3.204:443 (tcp) → mssdk3-normal-hj.zijieapi.com
2026-08-11T04:58:57.297570Z DEBUG meow_listener::socks5: SOCKS5 CONNECT to 28.0.3.204:443
2026-08-11T04:58:57.297602Z DEBUG meow_tunnel::tunnel: pre_handle_metadata: fake-ip 28.0.3.204 → mssdk3-normal-hj.zijieapi.com
2026-08-11T04:58:57.297664Z  INFO meow_listener::socks5: 127.0.0.1:63898 --> mssdk3-normal-hj.zijieapi.com:443 match RULE-SET(reject-domain) using Block
2026-08-11T04:58:58.127904Z DEBUG meow_listener::socks5: SOCKS5 relay closed: up=0 down=0
2026-08-11T04:59:00.827841Z DEBUG meow_dns::server: DNS query: api5-core-zjg.amemv.com type=1
2026-08-11T04:59:00.829885Z DEBUG meow_listener::socks5_udp: SOCKS5 UDP ASSOCIATE from 127.0.0.1:63899: relay bound on 127.0.0.1:50393
2026-08-11T04:59:00.830408Z DEBUG meow_tunnel::tunnel: pre_handle_metadata: fake-ip 28.0.2.160 → api5-core-zjg.amemv.com
2026-08-11T04:59:00.830473Z DEBUG meow_dns::resolver: DNS lookup: api5-core-zjg.amemv.com
2026-08-11T04:59:00.908758Z DEBUG meow_tunnel::tunnel: pre_handle_metadata: fake-ip 28.0.2.160 → api5-core-zjg.amemv.com
2026-08-11T04:59:00.924751Z DEBUG meow_tunnel::tunnel: pre_handle_metadata: fake-ip 28.0.2.160 → api5-core-zjg.amemv.com
2026-08-11T04:59:00.925486Z DEBUG meow_tunnel::tunnel: pre_handle_metadata: fake-ip 28.0.2.160 → api5-core-zjg.amemv.com
2026-08-11T04:59:00.925583Z DEBUG meow_tunnel::tunnel: pre_handle_metadata: fake-ip 28.0.2.160 → api5-core-zjg.amemv.com
2026-08-11T04:59:00.925659Z DEBUG meow_tunnel::tunnel: pre_handle_metadata: fake-ip 28.0.2.160 → api5-core-zjg.amemv.com
2026-08-11T04:59:00.925723Z DEBUG meow_tunnel::tunnel: pre_handle_metadata: fake-ip 28.0.2.160 → api5-core-zjg.amemv.com
2026-08-11T04:59:00.925776Z DEBUG meow_tunnel::tunnel: pre_handle_metadata: fake-ip 28.0.2.160 → api5-core-zjg.amemv.com
2026-08-11T04:59:01.145428Z DEBUG meow_tunnel::tunnel: pre_handle_metadata: fake-ip 28.0.2.160 → api5-core-zjg.amemv.com
2026-08-11T04:59:01.171643Z DEBUG meow_tunnel::tunnel: pre_handle_metadata: fake-ip 28.0.2.160 → api5-core-zjg.amemv.com
2026-08-11T04:59:01.201924Z DEBUG meow_tunnel::tunnel: pre_handle_metadata: fake-ip 28.0.2.160 → api5-core-zjg.amemv.com
2026-08-11T04:59:01.469778Z DEBUG meow_tunnel::tunnel: pre_handle_metadata: fake-ip 28.0.2.160 → api5-core-zjg.amemv.com
2026-08-11T04:59:01.470358Z DEBUG meow_tunnel::tunnel: pre_handle_metadata: fake-ip 28.0.2.160 → api5-core-zjg.amemv.com
2026-08-11T04:59:01.470625Z DEBUG meow_tunnel::tunnel: pre_handle_metadata: fake-ip 28.0.2.160 → api5-core-zjg.amemv.com
2026-08-11T04:59:01.470802Z DEBUG meow_tunnel::tunnel: pre_handle_metadata: fake-ip 28.0.2.160 → api5-core-zjg.amemv.com
2026-08-11T04:59:01.470962Z DEBUG meow_tunnel::tunnel: pre_handle_metadata: fake-ip 28.0.2.160 → api5-core-zjg.amemv.com
2026-08-11T04:59:01.471115Z DEBUG meow_tunnel::tunnel: pre_handle_metadata: fake-ip 28.0.2.160 → api5-core-zjg.amemv.com
2026-08-11T04:59:01.537583Z DEBUG meow_tunnel::tunnel: pre_handle_metadata: fake-ip 28.0.2.160 → api5-core-zjg.amemv.com
2026-08-11T04:59:01.537779Z DEBUG meow_tunnel::tunnel: pre_handle_metadata: fake-ip 28.0.2.160 → api5-core-zjg.amemv.com
2026-08-11T04:59:01.537869Z DEBUG meow_tunnel::tunnel: pre_handle_metadata: fake-ip 28.0.2.160 → api5-core-zjg.amemv.com
2026-08-11T04:59:01.673646Z DEBUG meow_tunnel::tunnel: pre_handle_metadata: fake-ip 28.0.2.160 → api5-core-zjg.amemv.com
2026-08-11T04:59:01.732370Z DEBUG meow_tunnel::tunnel: pre_handle_metadata: fake-ip 28.0.2.160 → api5-core-zjg.amemv.com
2026-08-11T04:59:02.045185Z DEBUG meow_listener::socks5: SOCKS5 relay error: Operation timed out (os error 60)
2026-08-11T04:59:07.216161Z DEBUG meow_listener::socks5: SOCKS5 relay closed: up=517 down=0
2026-08-11T04:59:08.733908Z DEBUG meow_listener::socks5: SOCKS5 relay closed: up=517 down=0
2026-08-11T04:59:08.762853Z DEBUG meow_tunnel::tunnel: pre_handle_metadata: fake-ip 28.0.0.194 → webcast5-core-hl.amemv.com
2026-08-11T04:59:08.762947Z DEBUG meow_dns::resolver: DNS lookup: webcast5-core-hl.amemv.com
2026-08-11T04:59:08.769219Z DEBUG meow_tunnel::tunnel: pre_handle_metadata: fake-ip 28.0.0.189 → search5-search-hl.amemv.com
2026-08-11T04:59:08.769276Z DEBUG meow_dns::resolver: DNS lookup: search5-search-hl.amemv.com
2026-08-11T04:59:08.829490Z DEBUG meow_tunnel::tunnel: pre_handle_metadata: fake-ip 28.0.0.199 → webcast5-normal-lf.amemv.com
2026-08-11T04:59:08.829564Z DEBUG meow_dns::resolver: DNS lookup: webcast5-normal-lf.amemv.com
2026-08-11T04:59:08.865254Z DEBUG meow_listener::socks5: SOCKS5 relay closed: up=675 down=658
2026-08-11T04:59:08.865302Z DEBUG meow_listener::socks5: SOCKS5 relay closed: up=708 down=4973
2026-08-11T04:59:08.865664Z DEBUG meow_listener::socks5: SOCKS5 relay closed: up=705 down=4961
2026-08-11T04:59:11.227683Z DEBUG meow_listener::socks5: SOCKS5 relay closed: up=517 down=0
2026-08-11T04:59:11.476034Z DEBUG meow_listener::socks5: SOCKS5 relay closed: up=1464 down=334928
2026-08-11T04:59:11.506737Z DEBUG meow_listener::socks5: SOCKS5 relay closed: up=15390 down=8102671
2026-08-11T04:59:14.406729Z DEBUG meow_listener::socks5: SOCKS5 relay closed: up=1927 down=40242
2026-08-11T04:59:15.874624Z DEBUG meow_dns::server: DNS query: signal-t1-v6-az1.rtcxyz.com type=1
2026-08-11T04:59:17.046116Z DEBUG meow_listener::socks5: SOCKS5 relay closed: up=517 down=0
2026-08-11T04:59:17.558825Z DEBUG meow_dns::server: DNS query: lf-ecom-gr-sourcecdn.bytegecko.com type=1
2026-08-11T04:59:17.558871Z DEBUG meow_dns::fakeip: fakeip: allocated lf-ecom-gr-sourcecdn.bytegecko.com → 28.0.4.129
2026-08-11T04:59:17.562598Z DEBUG meow_listener::sniffer: sniffer: 127.0.0.1:63917 --> 28.0.4.129:443 (tcp) → lf-ecom-gr-sourcecdn.bytegecko.com
2026-08-11T04:59:17.562632Z DEBUG meow_listener::socks5: SOCKS5 CONNECT to 28.0.4.129:443
2026-08-11T04:59:17.562648Z DEBUG meow_tunnel::tunnel: pre_handle_metadata: fake-ip 28.0.4.129 → lf-ecom-gr-sourcecdn.bytegecko.com
2026-08-11T04:59:17.562685Z  INFO meow_listener::socks5: 127.0.0.1:63917 --> lf-ecom-gr-sourcecdn.bytegecko.com:443 match MATCH() using DIRECT
2026-08-11T04:59:17.562733Z DEBUG meow_dns::resolver: DNS lookup: lf-ecom-gr-sourcecdn.bytegecko.com
2026-08-11T04:59:17.567085Z DEBUG meow_dns::server: DNS query: lf9-webcast-cdn-tos-ncdn.bytegecko.com type=1
2026-08-11T04:59:17.575816Z DEBUG meow_listener::sniffer: sniffer: 127.0.0.1:63924 --> 28.0.2.183:443 (tcp) → p11-webcast-sign.douyinpic.com
2026-08-11T04:59:17.575840Z DEBUG meow_listener::socks5: SOCKS5 CONNECT to 28.0.2.183:443
2026-08-11T04:59:17.575871Z DEBUG meow_tunnel::tunnel: pre_handle_metadata: fake-ip 28.0.2.183 → p11-webcast-sign.douyinpic.com
2026-08-11T04:59:17.575927Z  INFO meow_listener::socks5: 127.0.0.1:63924 --> p11-webcast-sign.douyinpic.com:443 match MATCH() using DIRECT
2026-08-11T04:59:17.575959Z DEBUG meow_dns::resolver: DNS lookup: p11-webcast-sign.douyinpic.com
2026-08-11T04:59:17.579585Z DEBUG meow_listener::sniffer: sniffer: 127.0.0.1:63925 --> 28.0.4.80:443 (tcp) → lf9-webcast-cdn-tos-ncdn.bytegecko.com
2026-08-11T04:59:17.579609Z DEBUG meow_listener::socks5: SOCKS5 CONNECT to 28.0.4.80:443
2026-08-11T04:59:17.579620Z DEBUG meow_tunnel::tunnel: pre_handle_metadata: fake-ip 28.0.4.80 → lf9-webcast-cdn-tos-ncdn.bytegecko.com
2026-08-11T04:59:17.579644Z  INFO meow_listener::socks5: 127.0.0.1:63925 --> lf9-webcast-cdn-tos-ncdn.bytegecko.com:443 match MATCH() using DIRECT
2026-08-11T04:59:17.579674Z DEBUG meow_dns::resolver: DNS lookup: lf9-webcast-cdn-tos-ncdn.bytegecko.com
2026-08-11T04:59:17.585717Z DEBUG meow_listener::socks5: SOCKS5 relay closed: up=687 down=4929
2026-08-11T04:59:17.586885Z DEBUG meow_dns::server: DNS query: ecom5-normal-m-hj.ecombdapi.com type=1
2026-08-11T04:59:17.587586Z DEBUG meow_listener::socks5: SOCKS5 relay closed: up=699 down=316
2026-08-11T04:59:17.589064Z DEBUG meow_listener::socks5_udp: SOCKS5 UDP ASSOCIATE from 127.0.0.1:63934: relay bound on 127.0.0.1:64874
2026-08-11T04:59:17.589249Z DEBUG meow_tunnel::tunnel: pre_handle_metadata: fake-ip 28.0.3.211 → ecom5-normal-m-hj.ecombdapi.com
2026-08-11T04:59:17.589271Z DEBUG meow_dns::resolver: DNS lookup: ecom5-normal-m-hj.ecombdapi.com
2026-08-11T04:59:17.592378Z DEBUG meow_listener::socks5: SOCKS5 relay closed: up=723 down=316
2026-08-11T04:59:17.598728Z DEBUG meow_listener::socks5: SOCKS5 relay closed: up=724 down=316
2026-08-11T04:59:17.626860Z DEBUG meow_tunnel::tunnel: pre_handle_metadata: fake-ip 28.0.3.211 → ecom5-normal-m-hj.ecombdapi.com
2026-08-11T04:59:17.627122Z DEBUG meow_tunnel::tunnel: pre_handle_metadata: fake-ip 28.0.3.211 → ecom5-normal-m-hj.ecombdapi.com
2026-08-11T04:59:17.627183Z DEBUG meow_tunnel::tunnel: pre_handle_metadata: fake-ip 28.0.3.211 → ecom5-normal-m-hj.ecombdapi.com
2026-08-11T04:59:17.627239Z DEBUG meow_tunnel::tunnel: pre_handle_metadata: fake-ip 28.0.3.211 → ecom5-normal-m-hj.ecombdapi.com
2026-08-11T04:59:17.627299Z DEBUG meow_tunnel::tunnel: pre_handle_metadata: fake-ip 28.0.3.211 → ecom5-normal-m-hj.ecombdapi.com
2026-08-11T04:59:17.660990Z DEBUG meow_tunnel::tunnel: pre_handle_metadata: fake-ip 28.0.3.211 → ecom5-normal-m-hj.ecombdapi.com
2026-08-11T04:59:17.743910Z DEBUG meow_dns::server: DNS query: 53dq8dquoro0kbeq7o5i5cim623i8t0knms2pji0asics822rp0jci6.manlaxycloud.com type=1
2026-08-11T04:59:17.743996Z DEBUG meow_dns::fakeip: fakeip: allocated 53dq8dquoro0kbeq7o5i5cim623i8t0knms2pji0asics822rp0jci6.manlaxycloud.com → 28.0.4.130
2026-08-11T04:59:17.745417Z DEBUG meow_listener::socks5: SOCKS5 CONNECT to 28.0.4.130:54417
2026-08-11T04:59:17.745444Z DEBUG meow_tunnel::tunnel: pre_handle_metadata: fake-ip 28.0.4.130 → 53dq8dquoro0kbeq7o5i5cim623i8t0knms2pji0asics822rp0jci6.manlaxycloud.com
2026-08-11T04:59:17.745518Z  INFO meow_listener::socks5: 127.0.0.1:63943 --> 53dq8dquoro0kbeq7o5i5cim623i8t0knms2pji0asics822rp0jci6.manlaxycloud.com:54417 match MATCH() using DIRECT
2026-08-11T04:59:17.745572Z DEBUG meow_dns::resolver: DNS lookup: 53dq8dquoro0kbeq7o5i5cim623i8t0knms2pji0asics822rp0jci6.manlaxycloud.com
2026-08-11T04:59:17.811353Z DEBUG meow_listener::socks5: SOCKS5 relay closed: up=1430 down=1392331
2026-08-11T04:59:17.811518Z DEBUG meow_listener::socks5: SOCKS5 relay closed: up=2231 down=1143674
2026-08-11T04:59:17.842145Z DEBUG meow_listener::socks5: SOCKS5 CONNECT to 183.201.212.173:80
2026-08-11T04:59:17.842191Z  INFO meow_listener::socks5: 127.0.0.1:63950 --> 183.201.212.173:80 match MATCH() using DIRECT
2026-08-11T04:59:17.954295Z DEBUG meow_listener::socks5: SOCKS5 CONNECT to 183.201.212.173:80
2026-08-11T04:59:17.954342Z  INFO meow_listener::socks5: 127.0.0.1:63953 --> 183.201.212.173:80 match MATCH() using DIRECT
2026-08-11T04:59:18.011868Z DEBUG meow_listener::socks5: SOCKS5 relay closed: up=422 down=550
2026-08-11T04:59:18.066226Z DEBUG meow_tunnel::tunnel: pre_handle_metadata: fake-ip 28.0.3.211 → ecom5-normal-m-hj.ecombdapi.com
2026-08-11T04:59:18.074278Z DEBUG meow_dns::server: DNS query: p9-ecom-spu.byteimg.com type=1
2026-08-11T04:59:18.074311Z DEBUG meow_dns::fakeip: fakeip: allocated p9-ecom-spu.byteimg.com → 28.0.4.131
2026-08-11T04:59:18.075105Z DEBUG meow_dns::server: DNS query: p26-product-comment-sign.byteimg.com type=1
2026-08-11T04:59:18.075123Z DEBUG meow_dns::fakeip: fakeip: allocated p26-product-comment-sign.byteimg.com → 28.0.4.132
2026-08-11T04:59:18.075847Z DEBUG meow_listener::sniffer: sniffer: 127.0.0.1:63957 --> 28.0.4.131:443 (tcp) → p9-ecom-spu.byteimg.com
2026-08-11T04:59:18.075861Z DEBUG meow_listener::socks5: SOCKS5 CONNECT to 28.0.4.131:443
2026-08-11T04:59:18.075870Z DEBUG meow_tunnel::tunnel: pre_handle_metadata: fake-ip 28.0.4.131 → p9-ecom-spu.byteimg.com
2026-08-11T04:59:18.075898Z  INFO meow_listener::socks5: 127.0.0.1:63957 --> p9-ecom-spu.byteimg.com:443 match MATCH() using DIRECT
2026-08-11T04:59:18.075927Z DEBUG meow_dns::resolver: DNS lookup: p9-ecom-spu.byteimg.com
2026-08-11T04:59:18.075951Z DEBUG meow_listener::sniffer: sniffer: 127.0.0.1:63958 --> 28.0.4.132:443 (tcp) → p26-product-comment-sign.byteimg.com
2026-08-11T04:59:18.075961Z DEBUG meow_listener::socks5: SOCKS5 CONNECT to 28.0.4.132:443
2026-08-11T04:59:18.075969Z DEBUG meow_tunnel::tunnel: pre_handle_metadata: fake-ip 28.0.4.132 → p26-product-comment-sign.byteimg.com
2026-08-11T04:59:18.075983Z  INFO meow_listener::socks5: 127.0.0.1:63958 --> p26-product-comment-sign.byteimg.com:443 match MATCH() using DIRECT
2026-08-11T04:59:18.076000Z DEBUG meow_dns::resolver: DNS lookup: p26-product-comment-sign.byteimg.com
2026-08-11T04:59:18.077807Z DEBUG meow_listener::sniffer: sniffer: 127.0.0.1:63968 --> 28.0.4.132:443 (tcp) → p26-product-comment-sign.byteimg.com
2026-08-11T04:59:18.077822Z DEBUG meow_listener::socks5: SOCKS5 CONNECT to 28.0.4.132:443
2026-08-11T04:59:18.077831Z DEBUG meow_tunnel::tunnel: pre_handle_metadata: fake-ip 28.0.4.132 → p26-product-comment-sign.byteimg.com
2026-08-11T04:59:18.077847Z  INFO meow_listener::socks5: 127.0.0.1:63968 --> p26-product-comment-sign.byteimg.com:443 match MATCH() using DIRECT
2026-08-11T04:59:18.078724Z DEBUG meow_dns::server: DNS query: p3-product-comment-sign.byteimg.com type=1
2026-08-11T04:59:18.078741Z DEBUG meow_dns::fakeip: fakeip: allocated p3-product-comment-sign.byteimg.com → 28.0.4.133
2026-08-11T04:59:18.080099Z DEBUG meow_listener::sniffer: sniffer: 127.0.0.1:63971 --> 28.0.4.133:443 (tcp) → p3-product-comment-sign.byteimg.com
2026-08-11T04:59:18.080111Z DEBUG meow_listener::socks5: SOCKS5 CONNECT to 28.0.4.133:443
2026-08-11T04:59:18.080118Z DEBUG meow_tunnel::tunnel: pre_handle_metadata: fake-ip 28.0.4.133 → p3-product-comment-sign.byteimg.com
2026-08-11T04:59:18.080132Z  INFO meow_listener::socks5: 127.0.0.1:63971 --> p3-product-comment-sign.byteimg.com:443 match MATCH() using DIRECT
2026-08-11T04:59:18.080151Z DEBUG meow_dns::resolver: DNS lookup: p3-product-comment-sign.byteimg.com
2026-08-11T04:59:18.080195Z DEBUG meow_listener::sniffer: sniffer: 127.0.0.1:63972 --> 28.0.4.133:443 (tcp) → p3-product-comment-sign.byteimg.com
2026-08-11T04:59:18.080204Z DEBUG meow_listener::socks5: SOCKS5 CONNECT to 28.0.4.133:443
2026-08-11T04:59:18.080211Z DEBUG meow_tunnel::tunnel: pre_handle_metadata: fake-ip 28.0.4.133 → p3-product-comment-sign.byteimg.com
2026-08-11T04:59:18.080224Z  INFO meow_listener::socks5: 127.0.0.1:63972 --> p3-product-comment-sign.byteimg.com:443 match MATCH() using DIRECT
2026-08-11T04:59:18.082592Z DEBUG meow_listener::sniffer: sniffer: 127.0.0.1:63978 --> 28.0.4.132:443 (tcp) → p26-product-comment-sign.byteimg.com
2026-08-11T04:59:18.082628Z DEBUG meow_listener::socks5: SOCKS5 CONNECT to 28.0.4.132:443
2026-08-11T04:59:18.082676Z DEBUG meow_tunnel::tunnel: pre_handle_metadata: fake-ip 28.0.4.132 → p26-product-comment-sign.byteimg.com
2026-08-11T04:59:18.082721Z  INFO meow_listener::socks5: 127.0.0.1:63978 --> p26-product-comment-sign.byteimg.com:443 match MATCH() using DIRECT
2026-08-11T04:59:18.091906Z DEBUG meow_tunnel::tunnel: pre_handle_metadata: fake-ip 28.0.3.211 → ecom5-normal-m-hj.ecombdapi.com
2026-08-11T04:59:18.261908Z DEBUG meow_listener::socks5: SOCKS5 relay closed: up=517 down=4264
2026-08-11T04:59:18.262133Z DEBUG meow_listener::socks5: SOCKS5 relay closed: up=517 down=4264
2026-08-11T04:59:18.262620Z DEBUG meow_listener::socks5: SOCKS5 relay closed: up=517 down=4252
2026-08-11T04:59:18.685620Z DEBUG meow_listener::socks5_udp: SOCKS5 UDP ASSOCIATE from 127.0.0.1:63985: relay bound on 127.0.0.1:63095
2026-08-11T04:59:18.685950Z DEBUG meow_tunnel::tunnel: pre_handle_metadata: fake-ip 28.0.0.189 → search5-search-hl.amemv.com
2026-08-11T04:59:18.723388Z DEBUG meow_tunnel::tunnel: pre_handle_metadata: fake-ip 28.0.0.189 → search5-search-hl.amemv.com
2026-08-11T04:59:18.723883Z DEBUG meow_tunnel::tunnel: pre_handle_metadata: fake-ip 28.0.0.189 → search5-search-hl.amemv.com
2026-08-11T04:59:18.724335Z DEBUG meow_tunnel::tunnel: pre_handle_metadata: fake-ip 28.0.0.189 → search5-search-hl.amemv.com
2026-08-11T04:59:18.724568Z DEBUG meow_tunnel::tunnel: pre_handle_metadata: fake-ip 28.0.0.189 → search5-search-hl.amemv.com
2026-08-11T04:59:18.724881Z DEBUG meow_tunnel::tunnel: pre_handle_metadata: fake-ip 28.0.0.189 → search5-search-hl.amemv.com
2026-08-11T04:59:18.725092Z DEBUG meow_tunnel::tunnel: pre_handle_metadata: fake-ip 28.0.0.189 → search5-search-hl.amemv.com
2026-08-11T04:59:18.857445Z DEBUG meow_tunnel::tunnel: pre_handle_metadata: fake-ip 28.0.0.189 → search5-search-hl.amemv.com
2026-08-11T04:59:18.883378Z DEBUG meow_tunnel::tunnel: pre_handle_metadata: fake-ip 28.0.0.189 → search5-search-hl.amemv.com
2026-08-11T04:59:18.903112Z DEBUG meow_dns::server: DNS query: pitaya.bytedance.com type=1
2026-08-11T04:59:18.907086Z DEBUG meow_listener::sniffer: sniffer: 127.0.0.1:63987 --> 28.0.3.216:443 (tcp) → pitaya.bytedance.com
2026-08-11T04:59:18.907143Z DEBUG meow_listener::socks5: SOCKS5 CONNECT to 28.0.3.216:443
2026-08-11T04:59:18.907174Z DEBUG meow_tunnel::tunnel: pre_handle_metadata: fake-ip 28.0.3.216 → pitaya.bytedance.com
2026-08-11T04:59:18.907244Z  INFO meow_listener::socks5: 127.0.0.1:63987 --> pitaya.bytedance.com:443 match RULE-SET(reject-domain) using Block
2026-08-11T04:59:20.021212Z DEBUG meow_listener::socks5_udp: SOCKS5 UDP ASSOCIATE from 127.0.0.1:63988: relay bound on 127.0.0.1:49369
2026-08-11T04:59:20.021531Z DEBUG meow_listener::socks5_udp: SOCKS5 UDP ASSOCIATE from 127.0.0.1:63989: relay bound on 127.0.0.1:52111
2026-08-11T04:59:20.023978Z DEBUG meow_listener::socks5_udp: SOCKS5 UDP ASSOCIATE from 127.0.0.1:63990: relay bound on 127.0.0.1:54496
2026-08-11T04:59:20.024151Z DEBUG meow_tunnel::tunnel: pre_handle_metadata: fake-ip 28.0.4.121 → signal-t1-v4-az1.rtcxyz.com
2026-08-11T04:59:20.024389Z DEBUG meow_dns::server: DNS query: signal-t1-v4-az1.rtcxyz.com type=1
2026-08-11T04:59:20.024572Z DEBUG meow_tunnel::tunnel: pre_handle_metadata: fake-ip 28.0.4.121 → signal-t1-v4-az1.rtcxyz.com
2026-08-11T04:59:20.024712Z DEBUG meow_tunnel::tunnel: pre_handle_metadata: fake-ip 28.0.4.121 → signal-t1-v4-az1.rtcxyz.com
2026-08-11T04:59:20.904138Z DEBUG meow_dns::server: DNS query: is.snssdk.com type=1
2026-08-11T04:59:20.906918Z DEBUG meow_listener::socks5: SOCKS5 CONNECT to 28.0.2.162:80
2026-08-11T04:59:20.906954Z DEBUG meow_tunnel::tunnel: pre_handle_metadata: fake-ip 28.0.2.162 → is.snssdk.com
2026-08-11T04:59:20.907003Z  INFO meow_listener::socks5: 127.0.0.1:63994 --> is.snssdk.com:80 match RULE-SET(reject-domain) using Block
2026-08-11T04:59:20.925990Z DEBUG meow_tunnel::tunnel: pre_handle_metadata: fake-ip 28.0.2.160 → api5-core-zjg.amemv.com
2026-08-11T04:59:22.701332Z DEBUG meow_listener::socks5: SOCKS5 relay closed: up=0 down=0
2026-08-11T04:59:25.700359Z DEBUG meow_tunnel::tunnel: pre_handle_metadata: fake-ip 28.0.4.121 → signal-t1-v4-az1.rtcxyz.com
2026-08-11T04:59:25.701652Z DEBUG meow_listener::socks5_udp: SOCKS5 UDP ASSOCIATE from 127.0.0.1:64015: relay bound on 127.0.0.1:54495
2026-08-11T04:59:25.701684Z DEBUG meow_listener::socks5_udp: SOCKS5 UDP ASSOCIATE from 127.0.0.1:64017: relay bound on 127.0.0.1:49524
2026-08-11T04:59:25.701785Z DEBUG meow_listener::socks5_udp: SOCKS5 UDP ASSOCIATE from 127.0.0.1:64016: relay bound on 127.0.0.1:51546
2026-08-11T04:59:25.701961Z DEBUG meow_tunnel::tunnel: pre_handle_metadata: fake-ip 28.0.4.121 → signal-t1-v4-az1.rtcxyz.com
2026-08-11T04:59:25.701978Z DEBUG meow_tunnel::tunnel: pre_handle_metadata: fake-ip 28.0.4.121 → signal-t1-v4-az1.rtcxyz.com
2026-08-11T04:59:25.702143Z DEBUG meow_tunnel::tunnel: pre_handle_metadata: fake-ip 28.0.4.121 → signal-t1-v4-az1.rtcxyz.com
2026-08-11T04:59:25.705043Z DEBUG meow_listener::socks5: SOCKS5 CONNECT to 183.201.212.173:80
2026-08-11T04:59:25.705092Z  INFO meow_listener::socks5: 127.0.0.1:64019 --> 183.201.212.173:80 match MATCH() using DIRECT
2026-08-11T04:59:25.734929Z DEBUG meow_listener::socks5: SOCKS5 relay error: Broken pipe (os error 32)
2026-08-11T04:59:27.092862Z DEBUG meow_listener::socks5: SOCKS5 relay closed: up=517 down=0
2026-08-11T04:59:27.740062Z DEBUG meow_tunnel::tunnel: pre_handle_metadata: fake-ip 28.0.4.121 → signal-t1-v4-az1.rtcxyz.com
2026-08-11T04:59:27.740140Z DEBUG meow_dns::resolver: DNS lookup: signal-t1-v4-az1.rtcxyz.com
2026-08-11T04:59:27.772478Z DEBUG meow_tunnel::tunnel: pre_handle_metadata: fake-ip 28.0.4.121 → signal-t1-v4-az1.rtcxyz.com
2026-08-11T04:59:27.772627Z DEBUG meow_tunnel::tunnel: pre_handle_metadata: fake-ip 28.0.4.121 → signal-t1-v4-az1.rtcxyz.com
2026-08-11T04:59:28.830845Z DEBUG meow_tunnel::tunnel: pre_handle_metadata: fake-ip 28.0.0.199 → webcast5-normal-lf.amemv.com
2026-08-11T04:59:28.830939Z DEBUG meow_dns::resolver: DNS lookup: webcast5-normal-lf.amemv.com
2026-08-11T04:59:29.259445Z DEBUG meow_listener::socks5: SOCKS5 CONNECT to 28.0.0.148:443
2026-08-11T04:59:29.259501Z DEBUG meow_tunnel::tunnel: pre_handle_metadata: fake-ip 28.0.0.148 → www.bytedance.com
2026-08-11T04:59:29.259550Z  INFO meow_listener::socks5: 127.0.0.1:64030 --> www.bytedance.com:443 match RULE-SET(reject-domain) using Block
2026-08-11T04:59:30.025732Z  WARN meow_ios_ffi::tun2socks: UDP first-reply deadline exceeded for (172.19.0.1:65062, 28.0.4.121:9681) after 10000 ms; evicting session
2026-08-11T04:59:30.026234Z DEBUG meow_listener::socks5_udp: SOCKS5 UDP ASSOCIATE from 127.0.0.1:63988 closed; tearing down 1 sessions
2026-08-11T04:59:31.121220Z DEBUG meow_tunnel::tunnel: pre_handle_metadata: fake-ip 28.0.4.121 → signal-t1-v4-az1.rtcxyz.com
2026-08-11T04:59:31.121462Z DEBUG meow_listener::socks5_udp: SOCKS5 UDP ASSOCIATE from 127.0.0.1:64158: relay bound on 127.0.0.1:52014
2026-08-11T04:59:31.121720Z DEBUG meow_tunnel::tunnel: pre_handle_metadata: fake-ip 28.0.4.121 → signal-t1-v4-az1.rtcxyz.com
2026-08-11T04:59:31.121805Z DEBUG meow_tunnel::tunnel: pre_handle_metadata: fake-ip 28.0.4.121 → signal-t1-v4-az1.rtcxyz.com
2026-08-11T04:59:31.122027Z DEBUG meow_tunnel::tunnel: pre_handle_metadata: fake-ip 28.0.4.121 → signal-t1-v4-az1.rtcxyz.com
2026-08-11T04:59:31.126306Z DEBUG meow_listener::socks5: SOCKS5 CONNECT to 183.201.212.173:80
2026-08-11T04:59:31.126361Z  INFO meow_listener::socks5: 127.0.0.1:64160 --> 183.201.212.173:80 match MATCH() using DIRECT
2026-08-11T04:59:31.173450Z DEBUG meow_listener::socks5: SOCKS5 relay error: Broken pipe (os error 32)
2026-08-11T04:59:31.278472Z DEBUG meow_listener::socks5: SOCKS5 relay closed: up=480 down=919
2026-08-11T04:59:31.282368Z DEBUG meow_listener::socks5: SOCKS5 CONNECT to 120.232.113.10:80
2026-08-11T04:59:31.282471Z  INFO meow_listener::socks5: 127.0.0.1:64163 --> 120.232.113.10:80 match MATCH() using DIRECT
2026-08-11T04:59:31.400875Z DEBUG meow_listener::sniffer: sniffer: 127.0.0.1:64166 --> 28.0.3.204:443 (tcp) → mssdk3-normal-hj.zijieapi.com
2026-08-11T04:59:31.400922Z DEBUG meow_listener::socks5: SOCKS5 CONNECT to 28.0.3.204:443
2026-08-11T04:59:31.400946Z DEBUG meow_tunnel::tunnel: pre_handle_metadata: fake-ip 28.0.3.204 → mssdk3-normal-hj.zijieapi.com
2026-08-11T04:59:31.400992Z  INFO meow_listener::socks5: 127.0.0.1:64166 --> mssdk3-normal-hj.zijieapi.com:443 match RULE-SET(reject-domain) using Block
2026-08-11T04:59:32.100759Z DEBUG meow_listener::socks5: SOCKS5 relay closed: up=0 down=0
2026-08-11T04:59:33.468028Z DEBUG meow_tunnel::tunnel: pre_handle_metadata: fake-ip 28.0.4.121 → signal-t1-v4-az1.rtcxyz.com
2026-08-11T04:59:33.468363Z DEBUG meow_tunnel::tunnel: pre_handle_metadata: fake-ip 28.0.4.121 → signal-t1-v4-az1.rtcxyz.com
2026-08-11T04:59:33.468608Z DEBUG meow_tunnel::tunnel: pre_handle_metadata: fake-ip 28.0.4.121 → signal-t1-v4-az1.rtcxyz.com
2026-08-11T04:59:35.704131Z  WARN meow_ios_ffi::tun2socks: UDP first-reply deadline exceeded for (172.19.0.1:8774, 28.0.4.121:9681) after 10000 ms; evicting session
2026-08-11T04:59:35.704153Z  WARN meow_ios_ffi::tun2socks: UDP first-reply deadline exceeded for (172.19.0.1:8774, 28.0.4.121:9681) after 10000 ms; evicting session
2026-08-11T04:59:35.704442Z  WARN meow_ios_ffi::tun2socks: UDP first-reply deadline exceeded for (172.19.0.1:8774, 28.0.4.121:9681) after 10000 ms; evicting session
2026-08-11T04:59:35.704524Z DEBUG meow_listener::socks5_udp: SOCKS5 UDP ASSOCIATE from 127.0.0.1:64015 closed; tearing down 1 sessions
2026-08-11T04:59:35.704652Z DEBUG meow_listener::socks5_udp: SOCKS5 UDP ASSOCIATE from 127.0.0.1:64017 closed; tearing down 1 sessions
2026-08-11T04:59:35.704824Z DEBUG meow_listener::socks5_udp: SOCKS5 UDP ASSOCIATE from 127.0.0.1:64016 closed; tearing down 2 sessions
2026-08-11T04:59:37.443477Z DEBUG meow_dns::server: DNS query: lb._dns-sd._udp.6.0.0.192.in-addr.arpa type=12
2026-08-11T04:59:37.443516Z DEBUG meow_dns::server: DNS forward (generic): lb._dns-sd._udp.6.0.0.192.in-addr.arpa type=PTR
2026-08-11T04:59:37.444680Z DEBUG meow_dns::server: DNS query: lb._dns-sd._udp.114.81.14.10.in-addr.arpa type=12
2026-08-11T04:59:37.444702Z DEBUG meow_dns::server: DNS forward (generic): lb._dns-sd._udp.114.81.14.10.in-addr.arpa type=PTR
2026-08-11T04:59:37.445977Z DEBUG meow_dns::server: DNS query: lb._dns-sd._udp.0.66.168.192.in-addr.arpa type=12
2026-08-11T04:59:37.446001Z DEBUG meow_dns::server: DNS forward (generic): lb._dns-sd._udp.0.66.168.192.in-addr.arpa type=PTR
2026-08-11T04:59:37.453517Z DEBUG meow_dns::server: DNS query: lb._dns-sd._udp.0.0.19.172.in-addr.arpa type=12
2026-08-11T04:59:37.453565Z DEBUG meow_dns::server: DNS forward (generic): lb._dns-sd._udp.0.0.19.172.in-addr.arpa type=PTR
2026-08-11T04:59:37.661596Z DEBUG meow_tunnel::tunnel: pre_handle_metadata: fake-ip 28.0.3.211 → ecom5-normal-m-hj.ecombdapi.com
2026-08-11T04:59:37.671248Z DEBUG meow_dns::server: DNS query: pull-flv-t6.douyincdn.com type=1
2026-08-11T04:59:37.673475Z DEBUG meow_listener::socks5: SOCKS5 CONNECT to 28.0.0.252:80
2026-08-11T04:59:37.673507Z DEBUG meow_tunnel::tunnel: pre_handle_metadata: fake-ip 28.0.0.252 → pull-flv-t6.douyincdn.com
2026-08-11T04:59:37.673561Z  INFO meow_listener::socks5: 127.0.0.1:64185 --> pull-flv-t6.douyincdn.com:80 match MATCH() using DIRECT
2026-08-11T04:59:37.673615Z DEBUG meow_dns::resolver: DNS lookup: pull-flv-t6.douyincdn.com
2026-08-11T04:59:37.674208Z DEBUG meow_listener::socks5: SOCKS5 CONNECT to 28.0.0.252:80
2026-08-11T04:59:37.674236Z DEBUG meow_tunnel::tunnel: pre_handle_metadata: fake-ip 28.0.0.252 → pull-flv-t6.douyincdn.com
2026-08-11T04:59:37.674273Z  INFO meow_listener::socks5: 127.0.0.1:64188 --> pull-flv-t6.douyincdn.com:80 match MATCH() using DIRECT
2026-08-11T04:59:37.675290Z DEBUG meow_listener::socks5: SOCKS5 CONNECT to 28.0.0.252:80
2026-08-11T04:59:37.675309Z DEBUG meow_tunnel::tunnel: pre_handle_metadata: fake-ip 28.0.0.252 → pull-flv-t6.douyincdn.com
2026-08-11T04:59:37.675331Z  INFO meow_listener::socks5: 127.0.0.1:64193 --> pull-flv-t6.douyincdn.com:80 match MATCH() using DIRECT
2026-08-11T04:59:37.676256Z DEBUG meow_listener::socks5: SOCKS5 CONNECT to 28.0.0.252:80
2026-08-11T04:59:37.676278Z DEBUG meow_tunnel::tunnel: pre_handle_metadata: fake-ip 28.0.0.252 → pull-flv-t6.douyincdn.com
2026-08-11T04:59:37.676299Z  INFO meow_listener::socks5: 127.0.0.1:64195 --> pull-flv-t6.douyincdn.com:80 match MATCH() using DIRECT
2026-08-11T04:59:37.677428Z DEBUG meow_listener::socks5: SOCKS5 CONNECT to 28.0.0.252:80
2026-08-11T04:59:37.677446Z DEBUG meow_tunnel::tunnel: pre_handle_metadata: fake-ip 28.0.0.252 → pull-flv-t6.douyincdn.com
2026-08-11T04:59:37.677463Z  INFO meow_listener::socks5: 127.0.0.1:64197 --> pull-flv-t6.douyincdn.com:80 match MATCH() using DIRECT
2026-08-11T04:59:37.837674Z DEBUG meow_listener::socks5: SOCKS5 relay closed: up=409 down=845
2026-08-11T04:59:37.837971Z DEBUG meow_listener::socks5: SOCKS5 CONNECT to 183.232.6.251:80
2026-08-11T04:59:37.838038Z  INFO meow_listener::socks5: 127.0.0.1:64204 --> 183.232.6.251:80 match MATCH() using DIRECT
2026-08-11T04:59:37.868709Z DEBUG meow_listener::socks5: SOCKS5 relay closed: up=409 down=845
2026-08-11T04:59:37.869155Z DEBUG meow_listener::socks5: SOCKS5 relay closed: up=409 down=845
2026-08-11T04:59:37.869445Z DEBUG meow_listener::socks5: SOCKS5 CONNECT to 183.232.6.251:80
2026-08-11T04:59:37.869527Z  INFO meow_listener::socks5: 127.0.0.1:64208 --> 183.232.6.251:80 match MATCH() using DIRECT
2026-08-11T04:59:37.869833Z DEBUG meow_listener::socks5: SOCKS5 relay closed: up=409 down=845
2026-08-11T04:59:37.869935Z DEBUG meow_listener::socks5: SOCKS5 CONNECT to 183.232.6.251:80
2026-08-11T04:59:37.869955Z  INFO meow_listener::socks5: 127.0.0.1:64209 --> 183.232.6.251:80 match MATCH() using DIRECT
2026-08-11T04:59:37.870442Z DEBUG meow_listener::socks5: SOCKS5 CONNECT to 183.232.6.251:80
2026-08-11T04:59:37.870463Z  INFO meow_listener::socks5: 127.0.0.1:64212 --> 183.232.6.251:80 match MATCH() using DIRECT
2026-08-11T04:59:37.884863Z DEBUG meow_listener::socks5: SOCKS5 relay closed: up=409 down=845
2026-08-11T04:59:37.885559Z DEBUG meow_listener::socks5: SOCKS5 CONNECT to 183.232.6.251:80
2026-08-11T04:59:37.885623Z  INFO meow_listener::socks5: 127.0.0.1:64216 --> 183.232.6.251:80 match MATCH() using DIRECT
2026-08-11T04:59:38.037969Z DEBUG meow_listener::socks5_udp: SOCKS5 UDP ASSOCIATE from 127.0.0.1:64219: relay bound on 127.0.0.1:61257
2026-08-11T04:59:38.038146Z DEBUG meow_listener::socks5_udp: SOCKS5 UDP ASSOCIATE from 127.0.0.1:64218: relay bound on 127.0.0.1:52347
2026-08-11T04:59:38.038241Z DEBUG meow_tunnel::tunnel: pre_handle_metadata: fake-ip 28.0.4.121 → signal-t1-v4-az1.rtcxyz.com
2026-08-11T04:59:38.038263Z DEBUG meow_tunnel::tunnel: pre_handle_metadata: fake-ip 28.0.4.121 → signal-t1-v4-az1.rtcxyz.com
2026-08-11T04:59:38.145327Z DEBUG meow_tunnel::tunnel: pre_handle_metadata: fake-ip 28.0.4.121 → signal-t1-v4-az1.rtcxyz.com
2026-08-11T04:59:38.146235Z DEBUG meow_tunnel::tunnel: pre_handle_metadata: fake-ip 28.0.4.121 → signal-t1-v4-az1.rtcxyz.com
2026-08-11T04:59:38.146321Z DEBUG meow_listener::socks5_udp: SOCKS5 UDP ASSOCIATE from 127.0.0.1:64220: relay bound on 127.0.0.1:52213
2026-08-11T04:59:38.147049Z DEBUG meow_tunnel::tunnel: pre_handle_metadata: fake-ip 28.0.4.121 → signal-t1-v4-az1.rtcxyz.com
2026-08-11T04:59:38.147973Z DEBUG meow_listener::socks5_udp: SOCKS5 UDP ASSOCIATE from 127.0.0.1:64221: relay bound on 127.0.0.1:55924
2026-08-11T04:59:38.148292Z DEBUG meow_listener::socks5_udp: SOCKS5 UDP ASSOCIATE from 127.0.0.1:64222: relay bound on 127.0.0.1:57225
2026-08-11T04:59:38.430131Z DEBUG meow_listener::socks5: SOCKS5 relay error: Connection reset by peer (os error 54)
2026-08-11T04:59:38.430810Z DEBUG meow_tunnel::tunnel: pre_handle_metadata: fake-ip 28.0.4.121 → signal-t1-v4-az1.rtcxyz.com
2026-08-11T04:59:38.432962Z DEBUG meow_tunnel::tunnel: pre_handle_metadata: fake-ip 28.0.4.121 → signal-t1-v4-az1.rtcxyz.com
2026-08-11T04:59:38.433100Z DEBUG meow_tunnel::tunnel: pre_handle_metadata: fake-ip 28.0.4.121 → signal-t1-v4-az1.rtcxyz.com
2026-08-11T04:59:38.433275Z DEBUG meow_tunnel::tunnel: pre_handle_metadata: fake-ip 28.0.4.121 → signal-t1-v4-az1.rtcxyz.com
2026-08-11T04:59:38.462787Z DEBUG meow_listener::socks5: SOCKS5 relay closed: up=513 down=16696
2026-08-11T04:59:38.463004Z DEBUG meow_listener::socks5: SOCKS5 relay closed: up=513 down=57712
2026-08-11T04:59:38.463145Z DEBUG meow_listener::socks5: SOCKS5 relay closed: up=513 down=12548
2026-08-11T04:59:38.463373Z DEBUG meow_listener::socks5: SOCKS5 relay closed: up=513 down=7309
2026-08-11T04:59:38.467215Z DEBUG meow_listener::socks5: SOCKS5 relay closed: up=513 down=7725
2026-08-11T04:59:38.527913Z DEBUG meow_tunnel::tunnel: pre_handle_metadata: fake-ip 28.0.4.121 → signal-t1-v4-az1.rtcxyz.com
2026-08-11T04:59:38.529336Z DEBUG meow_listener::socks5_udp: SOCKS5 UDP ASSOCIATE from 127.0.0.1:64223: relay bound on 127.0.0.1:62550
2026-08-11T04:59:38.529655Z DEBUG meow_tunnel::tunnel: pre_handle_metadata: fake-ip 28.0.4.122 → signal-t1-v6-az1.rtcxyz.com
2026-08-11T04:59:38.529683Z DEBUG meow_dns::resolver: DNS lookup: signal-t1-v6-az1.rtcxyz.com
2026-08-11T04:59:38.711579Z DEBUG meow_listener::socks5_udp: SOCKS5 UDP ASSOCIATE from 127.0.0.1:64236: relay bound on 127.0.0.1:51991
2026-08-11T04:59:38.711872Z DEBUG meow_tunnel::tunnel: pre_handle_metadata: fake-ip 28.0.0.179 → ecom5-normal-hl.ecombdapi.com
2026-08-11T04:59:38.711918Z DEBUG meow_dns::resolver: DNS lookup: ecom5-normal-hl.ecombdapi.com
2026-08-11T04:59:38.723032Z DEBUG meow_listener::socks5_udp: SOCKS5 UDP ASSOCIATE from 127.0.0.1:64247: relay bound on 127.0.0.1:62396
2026-08-11T04:59:38.723493Z DEBUG meow_tunnel::tunnel: pre_handle_metadata: fake-ip 28.0.0.194 → webcast5-core-hl.amemv.com
2026-08-11T04:59:38.723551Z DEBUG meow_dns::resolver: DNS lookup: webcast5-core-hl.amemv.com
2026-08-11T04:59:38.726138Z DEBUG meow_listener::sniffer: sniffer: 127.0.0.1:64229 --> 28.0.0.168:443 (tcp) → api-normal-m.amemv.com
2026-08-11T04:59:38.726186Z DEBUG meow_listener::socks5: SOCKS5 CONNECT to 28.0.0.168:443
2026-08-11T04:59:38.726393Z DEBUG meow_tunnel::tunnel: pre_handle_metadata: fake-ip 28.0.0.168 → api-normal-m.amemv.com
2026-08-11T04:59:38.726638Z  INFO meow_listener::socks5: 127.0.0.1:64229 --> api-normal-m.amemv.com:443 match MATCH() using DIRECT
2026-08-11T04:59:38.726862Z DEBUG meow_dns::resolver: DNS lookup: api-normal-m.amemv.com
2026-08-11T04:59:38.727606Z DEBUG meow_listener::sniffer: sniffer: 127.0.0.1:64242 --> 28.0.0.181:443 (tcp) → life5-normal-m-hl.amemv.com
2026-08-11T04:59:38.727622Z DEBUG meow_listener::socks5: SOCKS5 CONNECT to 28.0.0.181:443
2026-08-11T04:59:38.727633Z DEBUG meow_tunnel::tunnel: pre_handle_metadata: fake-ip 28.0.0.181 → life5-normal-m-hl.amemv.com
2026-08-11T04:59:38.727659Z  INFO meow_listener::socks5: 127.0.0.1:64242 --> life5-normal-m-hl.amemv.com:443 match MATCH() using DIRECT
2026-08-11T04:59:38.727691Z DEBUG meow_dns::resolver: DNS lookup: life5-normal-m-hl.amemv.com
2026-08-11T04:59:38.728264Z DEBUG meow_listener::sniffer: sniffer: 127.0.0.1:64233 --> 28.0.0.172:443 (tcp) → api5-hl.qishui.com
2026-08-11T04:59:38.728279Z DEBUG meow_listener::socks5: SOCKS5 CONNECT to 28.0.0.172:443
2026-08-11T04:59:38.728288Z DEBUG meow_tunnel::tunnel: pre_handle_metadata: fake-ip 28.0.0.172 → api5-hl.qishui.com
2026-08-11T04:59:38.728307Z  INFO meow_listener::socks5: 127.0.0.1:64233 --> api5-hl.qishui.com:443 match MATCH() using DIRECT
2026-08-11T04:59:38.728336Z DEBUG meow_dns::resolver: DNS lookup: api5-hl.qishui.com
2026-08-11T04:59:38.729331Z DEBUG meow_listener::sniffer: sniffer: 127.0.0.1:64244 --> 28.0.0.187:443 (tcp) → ma5-normal-hl.zijieapi.com
2026-08-11T04:59:38.729368Z DEBUG meow_listener::socks5: SOCKS5 CONNECT to 28.0.0.187:443
2026-08-11T04:59:38.729391Z DEBUG meow_tunnel::tunnel: pre_handle_metadata: fake-ip 28.0.0.187 → ma5-normal-hl.zijieapi.com
2026-08-11T04:59:38.729433Z  INFO meow_listener::socks5: 127.0.0.1:64244 --> ma5-normal-hl.zijieapi.com:443 match RULE-SET(reject-domain) using Block
2026-08-11T04:59:38.729559Z DEBUG meow_listener::sniffer: sniffer: 127.0.0.1:64235 --> 28.0.0.175:443 (tcp) → ecom-normal-m.ecombdapi.com
2026-08-11T04:59:38.729583Z DEBUG meow_listener::socks5: SOCKS5 CONNECT to 28.0.0.175:443
2026-08-11T04:59:38.729603Z DEBUG meow_tunnel::tunnel: pre_handle_metadata: fake-ip 28.0.0.175 → ecom-normal-m.ecombdapi.com
2026-08-11T04:59:38.729641Z  INFO meow_listener::socks5: 127.0.0.1:64235 --> ecom-normal-m.ecombdapi.com:443 match MATCH() using DIRECT
2026-08-11T04:59:38.729693Z DEBUG meow_dns::resolver: DNS lookup: ecom-normal-m.ecombdapi.com
2026-08-11T04:59:38.731383Z DEBUG meow_listener::sniffer: sniffer: 127.0.0.1:64231 --> 28.0.0.170:443 (tcp) → api5-social-m-hl.amemv.com
2026-08-11T04:59:38.731413Z DEBUG meow_listener::socks5: SOCKS5 CONNECT to 28.0.0.170:443
2026-08-11T04:59:38.731437Z DEBUG meow_tunnel::tunnel: pre_handle_metadata: fake-ip 28.0.0.170 → api5-social-m-hl.amemv.com
2026-08-11T04:59:38.731479Z  INFO meow_listener::socks5: 127.0.0.1:64231 --> api5-social-m-hl.amemv.com:443 match MATCH() using DIRECT
2026-08-11T04:59:38.731537Z DEBUG meow_dns::resolver: DNS lookup: api5-social-m-hl.amemv.com
2026-08-11T04:59:38.732894Z DEBUG meow_listener::sniffer: sniffer: 127.0.0.1:64246 --> 28.0.0.191:443 (tcp) → webcast-core-m.amemv.com
2026-08-11T04:59:38.732921Z DEBUG meow_listener::socks5: SOCKS5 CONNECT to 28.0.0.191:443
2026-08-11T04:59:38.732938Z DEBUG meow_tunnel::tunnel: pre_handle_metadata: fake-ip 28.0.0.191 → webcast-core-m.amemv.com
2026-08-11T04:59:38.732968Z  INFO meow_listener::socks5: 127.0.0.1:64246 --> webcast-core-m.amemv.com:443 match MATCH() using DIRECT
2026-08-11T04:59:38.733016Z DEBUG meow_dns::resolver: DNS lookup: webcast-core-m.amemv.com
2026-08-11T04:59:38.733716Z DEBUG meow_tunnel::tunnel: pre_handle_metadata: fake-ip 28.0.0.189 → search5-search-hl.amemv.com
2026-08-11T04:59:38.734240Z DEBUG meow_listener::sniffer: sniffer: 127.0.0.1:64250 --> 28.0.0.195:443 (tcp) → webcast-normal-m.amemv.com
2026-08-11T04:59:38.734289Z DEBUG meow_listener::socks5: SOCKS5 CONNECT to 28.0.0.195:443
2026-08-11T04:59:38.734306Z DEBUG meow_tunnel::tunnel: pre_handle_metadata: fake-ip 28.0.0.195 → webcast-normal-m.amemv.com
2026-08-11T04:59:38.734336Z  INFO meow_listener::socks5: 127.0.0.1:64250 --> webcast-normal-m.amemv.com:443 match MATCH() using DIRECT
2026-08-11T04:59:38.734378Z DEBUG meow_dns::resolver: DNS lookup: webcast-normal-m.amemv.com
2026-08-11T04:59:38.736463Z DEBUG meow_listener::socks5_udp: SOCKS5 UDP ASSOCIATE from 127.0.0.1:64254: relay bound on 127.0.0.1:53117
2026-08-11T04:59:38.736984Z DEBUG meow_tunnel::tunnel: pre_handle_metadata: fake-ip 28.0.0.199 → webcast5-normal-lf.amemv.com
2026-08-11T04:59:38.776739Z DEBUG meow_tunnel::tunnel: pre_handle_metadata: fake-ip 28.0.0.199 → webcast5-normal-lf.amemv.com
2026-08-11T04:59:38.777907Z DEBUG meow_tunnel::tunnel: pre_handle_metadata: fake-ip 28.0.0.194 → webcast5-core-hl.amemv.com
2026-08-11T04:59:38.798147Z DEBUG meow_tunnel::tunnel: pre_handle_metadata: fake-ip 28.0.0.194 → webcast5-core-hl.amemv.com
2026-08-11T04:59:38.799965Z DEBUG meow_tunnel::tunnel: pre_handle_metadata: fake-ip 28.0.0.179 → ecom5-normal-hl.ecombdapi.com
2026-08-11T04:59:40.926861Z DEBUG meow_tunnel::tunnel: pre_handle_metadata: fake-ip 28.0.2.160 → api5-core-zjg.amemv.com
2026-08-11T04:59:40.926963Z DEBUG meow_dns::resolver: DNS lookup: api5-core-zjg.amemv.com
2026-08-11T04:59:41.432537Z  WARN meow_ios_ffi::tun2socks: tun2socks: mixed-listener dial deadline exceeded for 172.19.0.1:64165 -> 28.0.3.204:443 after 10000 ms; dropping flow
2026-08-11T04:59:41.438842Z DEBUG meow_listener::sniffer: sniffer: 127.0.0.1:64427 --> 28.0.3.204:443 (tcp) → mssdk3-normal-hj.zijieapi.com
2026-08-11T04:59:41.438874Z DEBUG meow_listener::socks5: SOCKS5 CONNECT to 28.0.3.204:443
2026-08-11T04:59:41.438899Z DEBUG meow_tunnel::tunnel: pre_handle_metadata: fake-ip 28.0.3.204 → mssdk3-normal-hj.zijieapi.com
2026-08-11T04:59:41.438949Z  INFO meow_listener::socks5: 127.0.0.1:64427 --> mssdk3-normal-hj.zijieapi.com:443 match RULE-SET(reject-domain) using Block
2026-08-11T04:59:43.064462Z DEBUG meow_dns::server: DNS query: signal-t1-v6-az2-01.rtcxyz.com type=1
2026-08-11T04:59:46.493814Z DEBUG meow_listener::socks5: SOCKS5 CONNECT to 28.0.0.148:443
2026-08-11T04:59:46.493904Z DEBUG meow_tunnel::tunnel: pre_handle_metadata: fake-ip 28.0.0.148 → www.bytedance.com
2026-08-11T04:59:46.493978Z  INFO meow_listener::socks5: 127.0.0.1:64449 --> www.bytedance.com:443 match RULE-SET(reject-domain) using Block
2026-08-11T04:59:47.248893Z DEBUG meow_listener::socks5: SOCKS5 relay closed: up=517 down=0
2026-08-11T04:59:48.148636Z  WARN meow_ios_ffi::tun2socks: UDP first-reply deadline exceeded for (172.19.0.1:8774, 39.144.142.120:40156) after 10000 ms; evicting session
2026-08-11T04:59:48.148879Z  WARN meow_ios_ffi::tun2socks: UDP first-reply deadline exceeded for (172.19.0.1:8774, 117.92.163.171:29604) after 10000 ms; evicting session
2026-08-11T04:59:48.149044Z DEBUG meow_listener::socks5_udp: SOCKS5 UDP ASSOCIATE from 127.0.0.1:64221 closed; tearing down 1 sessions
2026-08-11T04:59:48.149148Z DEBUG meow_listener::socks5_udp: SOCKS5 UDP ASSOCIATE from 127.0.0.1:64220 closed; tearing down 1 sessions
2026-08-11T04:59:48.150497Z  WARN meow_ios_ffi::tun2socks: UDP first-reply deadline exceeded for (172.19.0.1:8774, 112.10.140.249:10382) after 10000 ms; evicting session
2026-08-11T04:59:48.150749Z DEBUG meow_listener::socks5_udp: SOCKS5 UDP ASSOCIATE from 127.0.0.1:64222 closed; tearing down 1 sessions
2026-08-11T04:59:48.531464Z  WARN meow_ios_ffi::tun2socks: UDP first-reply deadline exceeded for (172.19.0.1:8774, 28.0.4.122:9681) after 10000 ms; evicting session
2026-08-11T04:59:48.532055Z DEBUG meow_listener::socks5_udp: SOCKS5 UDP ASSOCIATE from 127.0.0.1:64223 closed; tearing down 1 sessions
2026-08-11T04:59:48.890862Z  INFO meow_ios_ffi::tun2socks: UDP reply reader idle (both directions) > 60s for (172.19.0.1:63700, 28.0.0.179:443); evicting session
2026-08-11T04:59:48.891404Z DEBUG meow_listener::socks5_udp: SOCKS5 UDP ASSOCIATE from 127.0.0.1:63370 closed; tearing down 1 sessions
2026-08-11T04:59:49.114206Z DEBUG meow_listener::sniffer: sniffer: 127.0.0.1:64451 --> 28.0.3.216:443 (tcp) → pitaya.bytedance.com
2026-08-11T04:59:49.114279Z DEBUG meow_listener::socks5: SOCKS5 CONNECT to 28.0.3.216:443
2026-08-11T04:59:49.114323Z DEBUG meow_tunnel::tunnel: pre_handle_metadata: fake-ip 28.0.3.216 → pitaya.bytedance.com
2026-08-11T04:59:49.114393Z  INFO meow_listener::socks5: 127.0.0.1:64451 --> pitaya.bytedance.com:443 match RULE-SET(reject-domain) using Block
2026-08-11T04:59:53.370435Z DEBUG meow_listener::socks5: SOCKS5 relay closed: up=642 down=3630
2026-08-11T04:59:54.607612Z DEBUG meow_listener::socks5: SOCKS5 relay closed: up=0 down=0
2026-08-11T04:59:57.301569Z DEBUG meow_listener::socks5: SOCKS5 relay closed: up=517 down=0
2026-08-11T04:59:57.663590Z DEBUG meow_tunnel::tunnel: pre_handle_metadata: fake-ip 28.0.3.211 → ecom5-normal-m-hj.ecombdapi.com
2026-08-11T04:59:57.663683Z DEBUG meow_dns::resolver: DNS lookup: ecom5-normal-m-hj.ecombdapi.com
2026-08-11T04:59:57.984076Z DEBUG meow_listener::socks5: SOCKS5 CONNECT to 28.0.0.148:443
2026-08-11T04:59:57.984154Z DEBUG meow_tunnel::tunnel: pre_handle_metadata: fake-ip 28.0.0.148 → www.bytedance.com
2026-08-11T04:59:57.984232Z  INFO meow_listener::socks5: 127.0.0.1:64477 --> www.bytedance.com:443 match RULE-SET(reject-domain) using Block
2026-08-11T04:59:58.730758Z DEBUG meow_tunnel::tunnel: pre_handle_metadata: fake-ip 28.0.0.189 → search5-search-hl.amemv.com
2026-08-11T04:59:58.730875Z DEBUG meow_dns::resolver: DNS lookup: search5-search-hl.amemv.com
2026-08-11T04:59:58.776485Z DEBUG meow_tunnel::tunnel: pre_handle_metadata: fake-ip 28.0.0.199 → webcast5-normal-lf.amemv.com
2026-08-11T04:59:58.776543Z DEBUG meow_dns::resolver: DNS lookup: webcast5-normal-lf.amemv.com
2026-08-11T04:59:58.799667Z DEBUG meow_tunnel::tunnel: pre_handle_metadata: fake-ip 28.0.0.194 → webcast5-core-hl.amemv.com
2026-08-11T04:59:58.800341Z DEBUG meow_tunnel::tunnel: pre_handle_metadata: fake-ip 28.0.0.179 → ecom5-normal-hl.ecombdapi.com
2026-08-11T04:59:58.800400Z DEBUG meow_dns::resolver: DNS lookup: ecom5-normal-hl.ecombdapi.com
2026-08-11T05:00:03.934617Z DEBUG meow_listener::sniffer: sniffer: 127.0.0.1:64511 --> 28.0.3.204:443 (tcp) → mssdk3-normal-hj.zijieapi.com
2026-08-11T05:00:03.934675Z DEBUG meow_listener::socks5: SOCKS5 CONNECT to 28.0.3.204:443
2026-08-11T05:00:03.934700Z DEBUG meow_tunnel::tunnel: pre_handle_metadata: fake-ip 28.0.3.204 → mssdk3-normal-hj.zijieapi.com
2026-08-11T05:00:03.934754Z  INFO meow_listener::socks5: 127.0.0.1:64511 --> mssdk3-normal-hj.zijieapi.com:443 match RULE-SET(reject-domain) using Block
2026-08-11T05:00:06.306063Z DEBUG meow_dns::server: DNS query: acs.m.goofish.com type=65
2026-08-11T05:00:06.306106Z DEBUG meow_dns::server: DNS forward (generic): acs.m.goofish.com type=HTTPS
2026-08-11T05:00:06.306181Z DEBUG meow_dns::server: DNS query: acs.m.goofish.com type=1
2026-08-11T05:00:06.340605Z DEBUG meow_dns::server: DNS query: goofish.mtop.tengine.ingress.alibabacorp.com.gds.alibabadns.com type=65
2026-08-11T05:00:06.340651Z DEBUG meow_dns::server: DNS forward (generic): goofish.mtop.tengine.ingress.alibabacorp.com.gds.alibabadns.com type=HTTPS
2026-08-11T05:00:06.340751Z DEBUG meow_dns::server: DNS query: goofish.mtop.tengine.ingress.alibabacorp.com.gds.alibabadns.com type=1
2026-08-11T05:00:06.343786Z DEBUG meow_dns::server: DNS query: aweme.snssdk.com type=1
2026-08-11T05:00:06.343811Z DEBUG meow_dns::server: DNS query: aweme.snssdk.com type=65
2026-08-11T05:00:06.343820Z DEBUG meow_dns::server: DNS forward (generic): aweme.snssdk.com type=HTTPS
2026-08-11T05:00:06.375922Z DEBUG meow_dns::server: DNS query: aweme.snssdk.com.queniukw.com type=65
2026-08-11T05:00:06.375949Z DEBUG meow_dns::server: DNS forward (generic): aweme.snssdk.com.queniukw.com type=HTTPS
2026-08-11T05:00:06.376003Z DEBUG meow_dns::server: DNS query: aweme.snssdk.com.queniukw.com type=1
2026-08-11T05:00:06.377580Z DEBUG meow_listener::sniffer: sniffer: 127.0.0.1:64520 --> 28.0.2.197:443 (tcp) → acs.m.goofish.com
2026-08-11T05:00:06.377602Z DEBUG meow_listener::socks5: SOCKS5 CONNECT to 28.0.2.197:443
2026-08-11T05:00:06.377615Z DEBUG meow_tunnel::tunnel: pre_handle_metadata: fake-ip 28.0.2.197 → goofish.mtop.tengine.ingress.alibabacorp.com.gds.alibabadns.com
2026-08-11T05:00:06.377655Z  INFO meow_listener::socks5: 127.0.0.1:64520 --> goofish.mtop.tengine.ingress.alibabacorp.com.gds.alibabadns.com:443 match MATCH() using DIRECT
2026-08-11T05:00:06.377701Z DEBUG meow_dns::resolver: DNS lookup: goofish.mtop.tengine.ingress.alibabacorp.com.gds.alibabadns.com
2026-08-11T05:00:06.403199Z DEBUG meow_listener::sniffer: sniffer: 127.0.0.1:64525 --> 28.0.2.168:443 (tcp) → aweme.snssdk.com
2026-08-11T05:00:06.403231Z DEBUG meow_listener::socks5: SOCKS5 CONNECT to 28.0.2.168:443
2026-08-11T05:00:06.403247Z DEBUG meow_tunnel::tunnel: pre_handle_metadata: fake-ip 28.0.2.168 → aweme.snssdk.com
2026-08-11T05:00:06.403284Z  INFO meow_listener::socks5: 127.0.0.1:64525 --> aweme.snssdk.com:443 match MATCH() using DIRECT
2026-08-11T05:00:06.403334Z DEBUG meow_dns::resolver: DNS lookup: aweme.snssdk.com
2026-08-11T05:00:06.508002Z DEBUG meow_listener::sniffer: sniffer: 127.0.0.1:64534 --> 120.233.57.232:443 (tcp) → api-play.amemv.com
2026-08-11T05:00:06.508035Z DEBUG meow_listener::socks5: SOCKS5 CONNECT to 120.233.57.232:443
2026-08-11T05:00:06.508186Z  INFO meow_listener::socks5: 127.0.0.1:64534 --> search5-search-hl.amemv.com:443 match MATCH() using DIRECT
2026-08-11T05:00:06.542754Z DEBUG meow_listener::sniffer: sniffer: 127.0.0.1:64537 --> 28.0.2.158:443 (tcp) → p11.douyinpic.com
2026-08-11T05:00:06.542782Z DEBUG meow_listener::socks5: SOCKS5 CONNECT to 28.0.2.158:443
2026-08-11T05:00:06.542797Z DEBUG meow_tunnel::tunnel: pre_handle_metadata: fake-ip 28.0.2.158 → p11.douyinpic.com
2026-08-11T05:00:06.542827Z  INFO meow_listener::socks5: 127.0.0.1:64537 --> p11.douyinpic.com:443 match MATCH() using DIRECT
2026-08-11T05:00:06.542862Z DEBUG meow_dns::resolver: DNS lookup: p11.douyinpic.com
2026-08-11T05:00:06.606612Z DEBUG meow_listener::sniffer: sniffer: 127.0.0.1:64544 --> 28.0.2.157:443 (tcp) → p96-sign.douyinpic.com
2026-08-11T05:00:06.606644Z DEBUG meow_listener::socks5: SOCKS5 CONNECT to 28.0.2.157:443
2026-08-11T05:00:06.606659Z DEBUG meow_tunnel::tunnel: pre_handle_metadata: fake-ip 28.0.2.157 → p96-sign.douyinpic.com
2026-08-11T05:00:06.606689Z  INFO meow_listener::socks5: 127.0.0.1:64544 --> p96-sign.douyinpic.com:443 match MATCH() using DIRECT
2026-08-11T05:00:06.606721Z DEBUG meow_dns::resolver: DNS lookup: p96-sign.douyinpic.com
2026-08-11T05:00:06.801182Z DEBUG meow_dns::server: DNS query: v95-bjb-mc-x.douyinvod.com type=1
2026-08-11T05:00:06.801229Z DEBUG meow_dns::fakeip: fakeip: allocated v95-bjb-mc-x.douyinvod.com → 28.0.4.134
2026-08-11T05:00:06.811853Z DEBUG meow_listener::sniffer: sniffer: 127.0.0.1:64552 --> 28.0.4.134:443 (tcp) → v95-bjb-mc-x.douyinvod.com
2026-08-11T05:00:06.811870Z DEBUG meow_listener::socks5: SOCKS5 CONNECT to 28.0.4.134:443
2026-08-11T05:00:06.811881Z DEBUG meow_tunnel::tunnel: pre_handle_metadata: fake-ip 28.0.4.134 → v95-bjb-mc-x.douyinvod.com
2026-08-11T05:00:06.811916Z  INFO meow_listener::socks5: 127.0.0.1:64552 --> v95-bjb-mc-x.douyinvod.com:443 match MATCH() using DIRECT
2026-08-11T05:00:06.811964Z DEBUG meow_dns::resolver: DNS lookup: v95-bjb-mc-x.douyinvod.com
2026-08-11T05:00:07.447110Z DEBUG meow_dns::server: DNS query: p11-sign.douyinpic.com type=65
2026-08-11T05:00:07.447160Z DEBUG meow_dns::server: DNS forward (generic): p11-sign.douyinpic.com type=HTTPS
2026-08-11T05:00:07.448992Z DEBUG meow_dns::server: DNS query: p5-ex-gddgtc-sign.douyinpic.com type=65
2026-08-11T05:00:07.449008Z DEBUG meow_dns::server: DNS forward (generic): p5-ex-gddgtc-sign.douyinpic.com type=HTTPS
2026-08-11T05:00:07.449915Z DEBUG meow_dns::server: DNS query: p5-ex-gddgtc-sign.douyinpic.com type=1
2026-08-11T05:00:07.451143Z DEBUG meow_dns::server: DNS query: p3-sign.douyinpic.com type=1
2026-08-11T05:00:07.452872Z DEBUG meow_dns::server: DNS query: p11-sign.douyinpic.com type=1
2026-08-11T05:00:07.452995Z DEBUG meow_dns::server: DNS query: p26-sign.douyinpic.com type=1
2026-08-11T05:00:07.475235Z DEBUG meow_dns::server: DNS query: signall-api.nuosike.com type=65
2026-08-11T05:00:07.475260Z DEBUG meow_dns::server: DNS forward (generic): signall-api.nuosike.com type=HTTPS
2026-08-11T05:00:07.483671Z DEBUG meow_dns::server: DNS query: p3-sign.douyinpic.com type=65
2026-08-11T05:00:07.483700Z DEBUG meow_dns::server: DNS forward (generic): p3-sign.douyinpic.com type=HTTPS
2026-08-11T05:00:07.484867Z DEBUG meow_dns::server: DNS query: p26-sign.douyinpic.com type=65
2026-08-11T05:00:07.484884Z DEBUG meow_dns::server: DNS forward (generic): p26-sign.douyinpic.com type=HTTPS
2026-08-11T05:00:07.487087Z DEBUG meow_dns::server: DNS query: p5-ex-gddgtc-sign.douyinpic.com.ctlcdn.cn type=1
2026-08-11T05:00:07.509053Z DEBUG meow_listener::sniffer: sniffer: 127.0.0.1:64569 --> 28.0.2.151:443 (tcp) → p5-ex-gddgtc-sign.douyinpic.com
2026-08-11T05:00:07.509083Z DEBUG meow_listener::socks5: SOCKS5 CONNECT to 28.0.2.151:443
2026-08-11T05:00:07.509099Z DEBUG meow_tunnel::tunnel: pre_handle_metadata: fake-ip 28.0.2.151 → p5-ex-gddgtc-sign.douyinpic.com
2026-08-11T05:00:07.509132Z  INFO meow_listener::socks5: 127.0.0.1:64569 --> p5-ex-gddgtc-sign.douyinpic.com:443 match MATCH() using DIRECT
2026-08-11T05:00:07.509170Z DEBUG meow_dns::resolver: DNS lookup: p5-ex-gddgtc-sign.douyinpic.com
2026-08-11T05:00:07.509241Z DEBUG meow_listener::sniffer: sniffer: 127.0.0.1:64570 --> 28.0.2.176:443 (tcp) → p3-sign.douyinpic.com
2026-08-11T05:00:07.509253Z DEBUG meow_listener::socks5: SOCKS5 CONNECT to 28.0.2.176:443
2026-08-11T05:00:07.509263Z DEBUG meow_tunnel::tunnel: pre_handle_metadata: fake-ip 28.0.2.176 → p3-sign.douyinpic.com
2026-08-11T05:00:07.509280Z  INFO meow_listener::socks5: 127.0.0.1:64570 --> p3-sign.douyinpic.com:443 match MATCH() using DIRECT
2026-08-11T05:00:07.509304Z DEBUG meow_dns::resolver: DNS lookup: p3-sign.douyinpic.com
2026-08-11T05:00:07.510779Z DEBUG meow_listener::sniffer: sniffer: 127.0.0.1:64571 --> 28.0.0.74:443 (tcp) → p11-sign.douyinpic.com
2026-08-11T05:00:07.510842Z DEBUG meow_listener::socks5: SOCKS5 CONNECT to 28.0.0.74:443
2026-08-11T05:00:07.510854Z DEBUG meow_tunnel::tunnel: pre_handle_metadata: fake-ip 28.0.0.74 → p11-sign.douyinpic.com
2026-08-11T05:00:07.510876Z  INFO meow_listener::socks5: 127.0.0.1:64571 --> p11-sign.douyinpic.com:443 match MATCH() using DIRECT
2026-08-11T05:00:07.510906Z DEBUG meow_dns::resolver: DNS lookup: p11-sign.douyinpic.com
2026-08-11T05:00:07.511788Z DEBUG meow_listener::sniffer: sniffer: 127.0.0.1:64580 --> 28.0.0.65:443 (tcp) → p26-sign.douyinpic.com
2026-08-11T05:00:07.511806Z DEBUG meow_listener::socks5: SOCKS5 CONNECT to 28.0.0.65:443
2026-08-11T05:00:07.511820Z DEBUG meow_tunnel::tunnel: pre_handle_metadata: fake-ip 28.0.0.65 → p26-sign.douyinpic.com
2026-08-11T05:00:07.511861Z  INFO meow_listener::socks5: 127.0.0.1:64580 --> p26-sign.douyinpic.com:443 match MATCH() using DIRECT
2026-08-11T05:00:07.511903Z DEBUG meow_dns::resolver: DNS lookup: p26-sign.douyinpic.com
2026-08-11T05:00:07.513481Z DEBUG meow_dns::server: DNS query: p5-ex-gddgtc-sign.douyinpic.com.ctlcdn.cn type=65
2026-08-11T05:00:07.513496Z DEBUG meow_dns::server: DNS forward (generic): p5-ex-gddgtc-sign.douyinpic.com.ctlcdn.cn type=HTTPS
2026-08-11T05:00:07.515230Z DEBUG meow_dns::server: DNS query: p3-sign.douyinpic.com.w.alikunlun.com type=1
2026-08-11T05:00:07.530313Z DEBUG meow_dns::server: DNS query: signall-api.nuosike.com type=1
2026-08-11T05:00:07.530578Z DEBUG meow_dns::server: DNS query: p11sign.sched.legohp-dk.tdnsstic1.cn type=1
2026-08-11T05:00:07.530972Z DEBUG meow_dns::server: DNS query: p11sign.sched.legohp-dk.tdnsstic1.cn type=65
2026-08-11T05:00:07.530996Z DEBUG meow_dns::server: DNS forward (generic): p11sign.sched.legohp-dk.tdnsstic1.cn type=HTTPS
2026-08-11T05:00:07.532149Z DEBUG meow_dns::server: DNS query: hcdnw.zjtd01.v6.c.cdnhwc1.com type=1
2026-08-11T05:00:07.536167Z DEBUG meow_listener::sniffer: sniffer: 127.0.0.1:64593 --> 28.0.0.128:443 (tcp) → signall-api.nuosike.com
2026-08-11T05:00:07.536186Z DEBUG meow_listener::socks5: SOCKS5 CONNECT to 28.0.0.128:443
2026-08-11T05:00:07.536199Z DEBUG meow_tunnel::tunnel: pre_handle_metadata: fake-ip 28.0.0.128 → signall-api.nuosike.com
2026-08-11T05:00:07.536243Z  INFO meow_listener::socks5: 127.0.0.1:64593 --> signall-api.nuosike.com:443 match MATCH() using DIRECT
2026-08-11T05:00:07.536280Z DEBUG meow_dns::resolver: DNS lookup: signall-api.nuosike.com
2026-08-11T05:00:07.548949Z DEBUG meow_dns::server: DNS query: p3-sign.douyinpic.com.w.alikunlun.com type=65
2026-08-11T05:00:07.548974Z DEBUG meow_dns::server: DNS forward (generic): p3-sign.douyinpic.com.w.alikunlun.com type=HTTPS
2026-08-11T05:00:07.571609Z DEBUG meow_dns::server: DNS query: hcdnw.zjtd01.v6.c.cdnhwc1.com type=65
2026-08-11T05:00:07.571644Z DEBUG meow_dns::server: DNS forward (generic): hcdnw.zjtd01.v6.c.cdnhwc1.com type=HTTPS
2026-08-11T05:00:07.581397Z DEBUG meow_dns::server: DNS query: p3-sign.douyinpic.com.queniusy.com type=65
2026-08-11T05:00:07.581454Z DEBUG meow_dns::server: DNS forward (generic): p3-sign.douyinpic.com.queniusy.com type=HTTPS
2026-08-11T05:00:07.581675Z DEBUG meow_dns::server: DNS query: p3-sign.douyinpic.com.queniusy.com type=1
2026-08-11T05:00:07.890304Z DEBUG meow_dns::server: DNS query: log.snssdk.com type=65
2026-08-11T05:00:07.890329Z DEBUG meow_dns::server: DNS forward (generic): log.snssdk.com type=HTTPS
2026-08-11T05:00:07.890944Z DEBUG meow_dns::server: DNS query: log.snssdk.com type=1
2026-08-11T05:00:07.919456Z DEBUG meow_dns::server: DNS query: log.snssdk.com.queniuyk.com type=65
2026-08-11T05:00:07.919480Z DEBUG meow_dns::server: DNS forward (generic): log.snssdk.com.queniuyk.com type=HTTPS
2026-08-11T05:00:07.919555Z DEBUG meow_dns::server: DNS query: log.snssdk.com.queniuyk.com type=1
2026-08-11T05:00:07.944289Z DEBUG meow_listener::sniffer: sniffer: 127.0.0.1:64613 --> 28.0.0.82:443 (tcp) → log.snssdk.com
2026-08-11T05:00:07.944310Z DEBUG meow_listener::socks5: SOCKS5 CONNECT to 28.0.0.82:443
2026-08-11T05:00:07.944321Z DEBUG meow_tunnel::tunnel: pre_handle_metadata: fake-ip 28.0.0.82 → log.snssdk.com
2026-08-11T05:00:07.944346Z  INFO meow_listener::socks5: 127.0.0.1:64613 --> log.snssdk.com:443 match RULE-SET(reject-domain) using Block
2026-08-11T05:00:08.007458Z DEBUG meow_dns::server: DNS query: apple.com type=1
2026-08-11T05:00:08.058132Z DEBUG meow_listener::socks5: SOCKS5 relay closed: up=1703 down=15751
2026-08-11T05:00:08.581802Z DEBUG meow_listener::socks5: SOCKS5 relay closed: up=2791 down=11801
2026-08-11T05:00:08.584047Z DEBUG meow_listener::socks5: SOCKS5 relay closed: up=1668 down=19831
2026-08-11T05:00:08.584053Z DEBUG meow_listener::socks5: SOCKS5 relay closed: up=2130 down=32489
2026-08-11T05:00:08.584125Z DEBUG meow_listener::socks5: SOCKS5 relay closed: up=2095 down=27726
2026-08-11T05:00:08.596611Z DEBUG meow_listener::socks5: SOCKS5 relay closed: up=1031 down=8774
2026-08-11T05:00:08.858536Z  INFO meow_ios_ffi::tun2socks: UDP reply reader idle (both directions) > 60s for (172.19.0.1:60652, 28.0.0.194:443); evicting session
2026-08-11T05:00:08.858968Z DEBUG meow_listener::socks5_udp: SOCKS5 UDP ASSOCIATE from 127.0.0.1:63382 closed; tearing down 1 sessions
2026-08-11T05:00:08.866210Z  INFO meow_ios_ffi::tun2socks: UDP reply reader idle (both directions) > 60s for (172.19.0.1:61656, 28.0.0.189:443); evicting session
2026-08-11T05:00:08.866563Z DEBUG meow_listener::socks5_udp: SOCKS5 UDP ASSOCIATE from 127.0.0.1:63379 closed; tearing down 1 sessions
2026-08-11T05:00:10.877012Z DEBUG meow_dns::server: DNS query: oauthaccountmanager.googleapis.com type=65
2026-08-11T05:00:10.877037Z DEBUG meow_dns::server: DNS forward (generic): oauthaccountmanager.googleapis.com type=HTTPS
2026-08-11T05:00:10.877578Z DEBUG meow_dns::server: DNS query: oauthaccountmanager.googleapis.com type=1
2026-08-11T05:00:10.877664Z DEBUG meow_dns::server: DNS query: oauth2.googleapis.com type=65
2026-08-11T05:00:10.877676Z DEBUG meow_dns::server: DNS forward (generic): oauth2.googleapis.com type=HTTPS
2026-08-11T05:00:10.878524Z DEBUG meow_dns::server: DNS query: oauth2.googleapis.com type=1
2026-08-11T05:00:10.913417Z DEBUG meow_listener::socks5: SOCKS5 relay closed: up=913 down=7482
2026-08-11T05:00:10.916692Z DEBUG meow_listener::sniffer: sniffer: 127.0.0.1:64619 --> 28.0.0.117:443 (tcp) → oauth2.googleapis.com
2026-08-11T05:00:10.916710Z DEBUG meow_listener::socks5: SOCKS5 CONNECT to 28.0.0.117:443
2026-08-11T05:00:10.916722Z DEBUG meow_tunnel::tunnel: pre_handle_metadata: fake-ip 28.0.0.117 → oauth2.googleapis.com
2026-08-11T05:00:10.916752Z  INFO meow_listener::socks5: 127.0.0.1:64619 --> oauth2.googleapis.com:443 match MATCH() using DIRECT
2026-08-11T05:00:10.916790Z DEBUG meow_dns::resolver: DNS lookup: oauth2.googleapis.com
2026-08-11T05:00:10.917163Z DEBUG meow_listener::sniffer: sniffer: 127.0.0.1:64618 --> 28.0.0.116:443 (tcp) → oauthaccountmanager.googleapis.com
2026-08-11T05:00:10.917177Z DEBUG meow_listener::socks5: SOCKS5 CONNECT to 28.0.0.116:443
2026-08-11T05:00:10.917185Z DEBUG meow_tunnel::tunnel: pre_handle_metadata: fake-ip 28.0.0.116 → oauthaccountmanager.googleapis.com
2026-08-11T05:00:10.917202Z  INFO meow_listener::socks5: 127.0.0.1:64618 --> oauthaccountmanager.googleapis.com:443 match MATCH() using DIRECT
2026-08-11T05:00:10.917224Z DEBUG meow_dns::resolver: DNS lookup: oauthaccountmanager.googleapis.com
2026-08-11T05:00:11.829879Z DEBUG meow_listener::sniffer: sniffer: 127.0.0.1:64631 --> 28.0.3.204:443 (tcp) → mssdk3-normal-hj.zijieapi.com
2026-08-11T05:00:11.829953Z DEBUG meow_listener::socks5: SOCKS5 CONNECT to 28.0.3.204:443
2026-08-11T05:00:11.829994Z DEBUG meow_tunnel::tunnel: pre_handle_metadata: fake-ip 28.0.3.204 → mssdk3-normal-hj.zijieapi.com
2026-08-11T05:00:11.830065Z  INFO meow_listener::socks5: 127.0.0.1:64631 --> mssdk3-normal-hj.zijieapi.com:443 match RULE-SET(reject-domain) using Block
